solid OpenSCAD_Model
  facet normal -1 0 0
    outer loop
      vertex -16 0 0
      vertex -16 93 4
      vertex -16 93 0
    endloop
  endfacet
  facet normal -1 -0 0
    outer loop
      vertex -16 93 4
      vertex -16 0 0
      vertex -16 0 4
    endloop
  endfacet
  facet normal -0 0 1
    outer loop
      vertex -5.66173 45.15 4
      vertex -5.5 30.25 4
      vertex -5.392 45.8012 4
    endloop
  endfacet
  facet normal -0 0 1
    outer loop
      vertex -6.09081 44.5908 4
      vertex -5.5 30.25 4
      vertex -5.66173 45.15 4
    endloop
  endfacet
  facet normal -0 0 1
    outer loop
      vertex -6.65 44.1617 4
      vertex -5.5 30.25 4
      vertex -6.09081 44.5908 4
    endloop
  endfacet
  facet normal -0 0 1
    outer loop
      vertex -7.30119 43.892 4
      vertex -5.5 30.25 4
      vertex -6.65 44.1617 4
    endloop
  endfacet
  facet normal -0 0 1
    outer loop
      vertex -8 43.8 4
      vertex -5.5 30.25 4
      vertex -7.30119 43.892 4
    endloop
  endfacet
  facet normal 0 0 1
    outer loop
      vertex -10.5 30.25 4
      vertex -8 43.8 4
      vertex -8.69881 43.892 4
    endloop
  endfacet
  facet normal 0 0 1
    outer loop
      vertex -10.5 30.25 4
      vertex -8.69881 43.892 4
      vertex -9.35 44.1617 4
    endloop
  endfacet
  facet normal 0 0 1
    outer loop
      vertex -10.5 30.25 4
      vertex -9.35 44.1617 4
      vertex -9.90919 44.5908 4
    endloop
  endfacet
  facet normal 0 0 1
    outer loop
      vertex -10.5 30.25 4
      vertex -9.90919 44.5908 4
      vertex -10.3383 45.15 4
    endloop
  endfacet
  facet normal 0 0 1
    outer loop
      vertex -8 43.8 4
      vertex -10.5 30.25 4
      vertex -5.5 30.25 4
    endloop
  endfacet
  facet normal 0 0 1
    outer loop
      vertex -10.7 46.5 4
      vertex -10.5 30.25 4
      vertex -10.608 45.8012 4
    endloop
  endfacet
  facet normal 0 0 1
    outer loop
      vertex -10.608 45.8012 4
      vertex -10.5 30.25 4
      vertex -10.3383 45.15 4
    endloop
  endfacet
  facet normal -0 0 1
    outer loop
      vertex -16 93 4
      vertex 0 90 4
      vertex 0 93 4
    endloop
  endfacet
  facet normal 0 0 1
    outer loop
      vertex 0 90 4
      vertex -5.3 46.5 4
      vertex 0 3 4
    endloop
  endfacet
  facet normal -0 0 1
    outer loop
      vertex -5.5 30.25 4
      vertex 0 3 4
      vertex -5.3 46.5 4
    endloop
  endfacet
  facet normal 0 0 1
    outer loop
      vertex 0 90 4
      vertex -5.5 62.75 4
      vertex -5.3 46.5 4
    endloop
  endfacet
  facet normal 0 0 1
    outer loop
      vertex 0 90 4
      vertex -5.5 76.75 4
      vertex -5.5 62.75 4
    endloop
  endfacet
  facet normal 0 0 1
    outer loop
      vertex 0 90 4
      vertex -10.5 76.75 4
      vertex -5.5 76.75 4
    endloop
  endfacet
  facet normal 0 0 1
    outer loop
      vertex -16 93 4
      vertex -10.5 62.75 4
      vertex -10.5 76.75 4
    endloop
  endfacet
  facet normal 0 -0 1
    outer loop
      vertex -10.7 46.5 4
      vertex -10.5 62.75 4
      vertex -16 93 4
    endloop
  endfacet
  facet normal 0 0 1
    outer loop
      vertex -10.5 62.75 4
      vertex -10.7 46.5 4
      vertex -10.608 47.1988 4
    endloop
  endfacet
  facet normal 0 0 1
    outer loop
      vertex 0 90 4
      vertex -16 93 4
      vertex -10.5 76.75 4
    endloop
  endfacet
  facet normal 0 0 1
    outer loop
      vertex -5.5 30.25 4
      vertex -5.3 46.5 4
      vertex -5.392 45.8012 4
    endloop
  endfacet
  facet normal -0 0 1
    outer loop
      vertex -5.5 16.25 4
      vertex 0 3 4
      vertex -5.5 30.25 4
    endloop
  endfacet
  facet normal -0 0 1
    outer loop
      vertex -10.5 16.25 4
      vertex 0 3 4
      vertex -5.5 16.25 4
    endloop
  endfacet
  facet normal 0 0 1
    outer loop
      vertex -16 0 4
      vertex 0 3 4
      vertex -10.5 16.25 4
    endloop
  endfacet
  facet normal 0 0 1
    outer loop
      vertex -10.5 30.25 4
      vertex -10.7 46.5 4
      vertex -16 0 4
    endloop
  endfacet
  facet normal 0 0 1
    outer loop
      vertex -16 0 4
      vertex -10.7 46.5 4
      vertex -16 93 4
    endloop
  endfacet
  facet normal 0 0 1
    outer loop
      vertex 0 3 4
      vertex -16 0 4
      vertex 0 0 4
    endloop
  endfacet
  facet normal 0 0 1
    outer loop
      vertex -10.5 30.25 4
      vertex -16 0 4
      vertex -10.5 16.25 4
    endloop
  endfacet
  facet normal 0 0 1
    outer loop
      vertex -5.3 46.5 4
      vertex -5.5 62.75 4
      vertex -5.392 47.1988 4
    endloop
  endfacet
  facet normal 0 0 1
    outer loop
      vertex -5.5 62.75 4
      vertex -5.66173 47.85 4
      vertex -5.392 47.1988 4
    endloop
  endfacet
  facet normal 0 0 1
    outer loop
      vertex -5.5 62.75 4
      vertex -6.09081 48.4092 4
      vertex -5.66173 47.85 4
    endloop
  endfacet
  facet normal 0 0 1
    outer loop
      vertex -5.5 62.75 4
      vertex -6.65 48.8383 4
      vertex -6.09081 48.4092 4
    endloop
  endfacet
  facet normal 0 0 1
    outer loop
      vertex -5.5 62.75 4
      vertex -7.30119 49.108 4
      vertex -6.65 48.8383 4
    endloop
  endfacet
  facet normal 0 0 1
    outer loop
      vertex -5.5 62.75 4
      vertex -8 49.2 4
      vertex -7.30119 49.108 4
    endloop
  endfacet
  facet normal -0 0 1
    outer loop
      vertex -10.5 62.75 4
      vertex -8 49.2 4
      vertex -5.5 62.75 4
    endloop
  endfacet
  facet normal 0 0 1
    outer loop
      vertex -8 49.2 4
      vertex -10.5 62.75 4
      vertex -8.69881 49.108 4
    endloop
  endfacet
  facet normal 0 0 1
    outer loop
      vertex -8.69881 49.108 4
      vertex -10.5 62.75 4
      vertex -9.35 48.8383 4
    endloop
  endfacet
  facet normal 0 0 1
    outer loop
      vertex -9.35 48.8383 4
      vertex -10.5 62.75 4
      vertex -9.90919 48.4092 4
    endloop
  endfacet
  facet normal 0 0 1
    outer loop
      vertex -9.90919 48.4092 4
      vertex -10.5 62.75 4
      vertex -10.3383 47.85 4
    endloop
  endfacet
  facet normal 0 0 1
    outer loop
      vertex -10.3383 47.85 4
      vertex -10.5 62.75 4
      vertex -10.608 47.1988 4
    endloop
  endfacet
  facet normal 1 -0 0
    outer loop
      vertex 0 0 4
      vertex 0 3 0
      vertex 0 3 4
    endloop
  endfacet
  facet normal 1 0 0
    outer loop
      vertex 0 3 0
      vertex 0 0 4
      vertex 0 0 0
    endloop
  endfacet
  facet normal 1 -0 0
    outer loop
      vertex 0 90 4
      vertex 0 93 0
      vertex 0 93 4
    endloop
  endfacet
  facet normal 1 0 0
    outer loop
      vertex 0 93 0
      vertex 0 90 4
      vertex 0 90 0
    endloop
  endfacet
  facet normal -1 0 0
    outer loop
      vertex 0 40.2 19
      vertex 0 90 4
      vertex 0 40.2 10
    endloop
  endfacet
  facet normal -1 0 0
    outer loop
      vertex 0 3 4
      vertex 0 40.2 10
      vertex 0 90 4
    endloop
  endfacet
  facet normal -1 -0 0
    outer loop
      vertex 0 26.2 10
      vertex 0 3 4
      vertex 0 26.2 19
    endloop
  endfacet
  facet normal -1 -0 0
    outer loop
      vertex 0 40.2 10
      vertex 0 3 4
      vertex 0 26.2 10
    endloop
  endfacet
  facet normal -1 0 0
    outer loop
      vertex 0 90 4
      vertex 0 40.2 19
      vertex 0 90 32.5
    endloop
  endfacet
  facet normal -1 0 0
    outer loop
      vertex 0 3 32.5
      vertex 0 40.2 19
      vertex 0 26.2 19
    endloop
  endfacet
  facet normal -1 0 0
    outer loop
      vertex 0 40.2 19
      vertex 0 3 32.5
      vertex 0 90 32.5
    endloop
  endfacet
  facet normal -1 0 0
    outer loop
      vertex 0 3 32.5
      vertex 0 26.2 19
      vertex 0 3 4
    endloop
  endfacet
  facet normal 0 0 -1
    outer loop
      vertex -5.66173 47.85 0
      vertex -5.5 62.75 0
      vertex -5.392 47.1988 0
    endloop
  endfacet
  facet normal 0 0 -1
    outer loop
      vertex -6.09081 48.4092 0
      vertex -5.5 62.75 0
      vertex -5.66173 47.85 0
    endloop
  endfacet
  facet normal 0 0 -1
    outer loop
      vertex -6.65 48.8383 0
      vertex -5.5 62.75 0
      vertex -6.09081 48.4092 0
    endloop
  endfacet
  facet normal 0 0 -1
    outer loop
      vertex -7.30119 49.108 0
      vertex -5.5 62.75 0
      vertex -6.65 48.8383 0
    endloop
  endfacet
  facet normal 0 0 -1
    outer loop
      vertex -8 49.2 0
      vertex -5.5 62.75 0
      vertex -7.30119 49.108 0
    endloop
  endfacet
  facet normal 0 0 -1
    outer loop
      vertex -10.5 62.75 0
      vertex -8 49.2 0
      vertex -8.69881 49.108 0
    endloop
  endfacet
  facet normal 0 0 -1
    outer loop
      vertex -10.5 62.75 0
      vertex -8.69881 49.108 0
      vertex -9.35 48.8383 0
    endloop
  endfacet
  facet normal 0 0 -1
    outer loop
      vertex -10.5 62.75 0
      vertex -9.35 48.8383 0
      vertex -9.90919 48.4092 0
    endloop
  endfacet
  facet normal 0 0 -1
    outer loop
      vertex -10.5 62.75 0
      vertex -9.90919 48.4092 0
      vertex -10.3383 47.85 0
    endloop
  endfacet
  facet normal 0 0 -1
    outer loop
      vertex -8 49.2 0
      vertex -10.5 62.75 0
      vertex -5.5 62.75 0
    endloop
  endfacet
  facet normal 0 0 -1
    outer loop
      vertex -10.7 46.5 0
      vertex -10.5 62.75 0
      vertex -10.608 47.1988 0
    endloop
  endfacet
  facet normal 0 0 -1
    outer loop
      vertex -10.608 47.1988 0
      vertex -10.5 62.75 0
      vertex -10.3383 47.85 0
    endloop
  endfacet
  facet normal 0 0 -1
    outer loop
      vertex -16 0 0
      vertex 0 3 0
      vertex 0 0 0
    endloop
  endfacet
  facet normal 0 0 -1
    outer loop
      vertex 0 3 0
      vertex -5.3 46.5 0
      vertex 0 90 0
    endloop
  endfacet
  facet normal 0 0 -1
    outer loop
      vertex -5.5 62.75 0
      vertex 0 90 0
      vertex -5.3 46.5 0
    endloop
  endfacet
  facet normal 0 0 -1
    outer loop
      vertex 0 3 0
      vertex -5.5 30.25 0
      vertex -5.3 46.5 0
    endloop
  endfacet
  facet normal 0 0 -1
    outer loop
      vertex 0 3 0
      vertex -5.5 16.25 0
      vertex -5.5 30.25 0
    endloop
  endfacet
  facet normal 0 0 -1
    outer loop
      vertex 0 3 0
      vertex -10.5 16.25 0
      vertex -5.5 16.25 0
    endloop
  endfacet
  facet normal 0 0 -1
    outer loop
      vertex -16 0 0
      vertex -10.5 30.25 0
      vertex -10.5 16.25 0
    endloop
  endfacet
  facet normal 0 -0 -1
    outer loop
      vertex -10.7 46.5 0
      vertex -10.5 30.25 0
      vertex -16 0 0
    endloop
  endfacet
  facet normal 0 0 -1
    outer loop
      vertex -10.5 30.25 0
      vertex -10.7 46.5 0
      vertex -10.608 45.8012 0
    endloop
  endfacet
  facet normal -0 0 -1
    outer loop
      vertex 0 3 0
      vertex -16 0 0
      vertex -10.5 16.25 0
    endloop
  endfacet
  facet normal 0 0 -1
    outer loop
      vertex -5.5 62.75 0
      vertex -5.3 46.5 0
      vertex -5.392 47.1988 0
    endloop
  endfacet
  facet normal 0 0 -1
    outer loop
      vertex -5.5 76.75 0
      vertex 0 90 0
      vertex -5.5 62.75 0
    endloop
  endfacet
  facet normal 0 0 -1
    outer loop
      vertex -10.5 76.75 0
      vertex 0 90 0
      vertex -5.5 76.75 0
    endloop
  endfacet
  facet normal 0 0 -1
    outer loop
      vertex -16 93 0
      vertex 0 90 0
      vertex -10.5 76.75 0
    endloop
  endfacet
  facet normal -0 0 -1
    outer loop
      vertex -10.5 62.75 0
      vertex -10.7 46.5 0
      vertex -16 93 0
    endloop
  endfacet
  facet normal 0 0 -1
    outer loop
      vertex -16 93 0
      vertex -10.7 46.5 0
      vertex -16 0 0
    endloop
  endfacet
  facet normal 0 0 -1
    outer loop
      vertex 0 90 0
      vertex -16 93 0
      vertex 0 93 0
    endloop
  endfacet
  facet normal 0 0 -1
    outer loop
      vertex -10.5 62.75 0
      vertex -16 93 0
      vertex -10.5 76.75 0
    endloop
  endfacet
  facet normal 0 0 -1
    outer loop
      vertex -5.3 46.5 0
      vertex -5.5 30.25 0
      vertex -5.392 45.8012 0
    endloop
  endfacet
  facet normal 0 0 -1
    outer loop
      vertex -5.5 30.25 0
      vertex -5.66173 45.15 0
      vertex -5.392 45.8012 0
    endloop
  endfacet
  facet normal 0 0 -1
    outer loop
      vertex -5.5 30.25 0
      vertex -6.09081 44.5908 0
      vertex -5.66173 45.15 0
    endloop
  endfacet
  facet normal 0 0 -1
    outer loop
      vertex -5.5 30.25 0
      vertex -6.65 44.1617 0
      vertex -6.09081 44.5908 0
    endloop
  endfacet
  facet normal 0 0 -1
    outer loop
      vertex -5.5 30.25 0
      vertex -7.30119 43.892 0
      vertex -6.65 44.1617 0
    endloop
  endfacet
  facet normal 0 0 -1
    outer loop
      vertex -5.5 30.25 0
      vertex -8 43.8 0
      vertex -7.30119 43.892 0
    endloop
  endfacet
  facet normal 0 0 -1
    outer loop
      vertex -10.5 30.25 0
      vertex -8 43.8 0
      vertex -5.5 30.25 0
    endloop
  endfacet
  facet normal -0 0 -1
    outer loop
      vertex -8 43.8 0
      vertex -10.5 30.25 0
      vertex -8.69881 43.892 0
    endloop
  endfacet
  facet normal -0 0 -1
    outer loop
      vertex -8.69881 43.892 0
      vertex -10.5 30.25 0
      vertex -9.35 44.1617 0
    endloop
  endfacet
  facet normal -0 0 -1
    outer loop
      vertex -9.35 44.1617 0
      vertex -10.5 30.25 0
      vertex -9.90919 44.5908 0
    endloop
  endfacet
  facet normal -0 0 -1
    outer loop
      vertex -9.90919 44.5908 0
      vertex -10.5 30.25 0
      vertex -10.3383 45.15 0
    endloop
  endfacet
  facet normal -0 0 -1
    outer loop
      vertex -10.3383 45.15 0
      vertex -10.5 30.25 0
      vertex -10.608 45.8012 0
    endloop
  endfacet
  facet normal 0 0 -1
    outer loop
      vertex 109.4 0 0
      vertex 112.4 3 0
      vertex 112.342 2.41473 0
    endloop
  endfacet
  facet normal -0 0 -1
    outer loop
      vertex 112.4 3 0
      vertex 109.4 0 0
      vertex 112.4 90 0
    endloop
  endfacet
  facet normal 0 0 -1
    outer loop
      vertex 109.4 0 0
      vertex 112.342 2.41473 0
      vertex 112.172 1.85195 0
    endloop
  endfacet
  facet normal 0 0 -1
    outer loop
      vertex 109.4 93 0
      vertex 112.4 90 0
      vertex 109.4 0 0
    endloop
  endfacet
  facet normal 0 0 -1
    outer loop
      vertex 109.4 0 0
      vertex 112.172 1.85195 0
      vertex 111.894 1.33329 0
    endloop
  endfacet
  facet normal 0 0 -1
    outer loop
      vertex 112.4 90 0
      vertex 109.4 93 0
      vertex 112.342 90.5853 0
    endloop
  endfacet
  facet normal 0 0 -1
    outer loop
      vertex 109.4 0 0
      vertex 111.894 1.33329 0
      vertex 111.521 0.878679 0
    endloop
  endfacet
  facet normal 0 0 -1
    outer loop
      vertex 112.342 90.5853 0
      vertex 109.4 93 0
      vertex 112.172 91.148 0
    endloop
  endfacet
  facet normal 0 0 -1
    outer loop
      vertex 109.4 0 0
      vertex 111.521 0.878679 0
      vertex 111.067 0.50559 0
    endloop
  endfacet
  facet normal 0 0 -1
    outer loop
      vertex 112.172 91.148 0
      vertex 109.4 93 0
      vertex 111.894 91.6667 0
    endloop
  endfacet
  facet normal 0 0 -1
    outer loop
      vertex 109.4 0 0
      vertex 111.067 0.50559 0
      vertex 110.548 0.228361 0
    endloop
  endfacet
  facet normal 0 0 -1
    outer loop
      vertex 111.894 91.6667 0
      vertex 109.4 93 0
      vertex 111.521 92.1213 0
    endloop
  endfacet
  facet normal 0 0 -1
    outer loop
      vertex 109.4 0 0
      vertex 110.548 0.228361 0
      vertex 109.985 0.0576439 0
    endloop
  endfacet
  facet normal 0 0 -1
    outer loop
      vertex 111.521 92.1213 0
      vertex 109.4 93 0
      vertex 111.067 92.4944 0
    endloop
  endfacet
  facet normal 0 0 -1
    outer loop
      vertex 111.067 92.4944 0
      vertex 109.4 93 0
      vertex 110.548 92.7716 0
    endloop
  endfacet
  facet normal 0 0 -1
    outer loop
      vertex 110.548 92.7716 0
      vertex 109.4 93 0
      vertex 109.985 92.9424 0
    endloop
  endfacet
  facet normal 0 0 -1
    outer loop
      vertex 6.29291 5.88701 0
      vertex 109.4 0 0
      vertex 6.35 5.6 0
    endloop
  endfacet
  facet normal 0 0 -1
    outer loop
      vertex 109.4 0 0
      vertex 6.29291 5.31299 0
      vertex 6.35 5.6 0
    endloop
  endfacet
  facet normal 0 0 -1
    outer loop
      vertex 109.4 0 0
      vertex 6.13033 5.06967 0
      vertex 6.29291 5.31299 0
    endloop
  endfacet
  facet normal 0 0 -1
    outer loop
      vertex 3 0 0
      vertex 6.13033 5.06967 0
      vertex 109.4 0 0
    endloop
  endfacet
  facet normal 0 0 -1
    outer loop
      vertex 6.13033 5.06967 0
      vertex 3 0 0
      vertex 5.88701 4.90709 0
    endloop
  endfacet
  facet normal -0 0 -1
    outer loop
      vertex 5.06967 5.06967 0
      vertex 0 3 0
      vertex 4.90709 5.31299 0
    endloop
  endfacet
  facet normal 0 0 -1
    outer loop
      vertex 0 3 0
      vertex 5.06967 5.06967 0
      vertex 3 0 0
    endloop
  endfacet
  facet normal -0 0 -1
    outer loop
      vertex 5.31299 4.90709 0
      vertex 3 0 0
      vertex 5.06967 5.06967 0
    endloop
  endfacet
  facet normal -0 0 -1
    outer loop
      vertex 5.6 4.85 0
      vertex 3 0 0
      vertex 5.31299 4.90709 0
    endloop
  endfacet
  facet normal 0 0 -1
    outer loop
      vertex 5.88701 4.90709 0
      vertex 3 0 0
      vertex 5.6 4.85 0
    endloop
  endfacet
  facet normal 0 0 -1
    outer loop
      vertex 6.13033 6.13033 0
      vertex 109.4 0 0
      vertex 6.29291 5.88701 0
    endloop
  endfacet
  facet normal 0 0 -1
    outer loop
      vertex 109.4 0 0
      vertex 6.13033 6.13033 0
      vertex 109.4 93 0
    endloop
  endfacet
  facet normal 0 0 -1
    outer loop
      vertex 0 90 0
      vertex 6.13033 6.13033 0
      vertex 5.88701 6.29291 0
    endloop
  endfacet
  facet normal 0 0 -1
    outer loop
      vertex 0 90 0
      vertex 5.88701 6.29291 0
      vertex 5.6 6.35 0
    endloop
  endfacet
  facet normal 0 0 -1
    outer loop
      vertex 0 90 0
      vertex 5.6 6.35 0
      vertex 5.31299 6.29291 0
    endloop
  endfacet
  facet normal 0 0 -1
    outer loop
      vertex 0 90 0
      vertex 5.31299 6.29291 0
      vertex 5.06967 6.13033 0
    endloop
  endfacet
  facet normal -0 0 -1
    outer loop
      vertex 4.90709 5.31299 0
      vertex 0 3 0
      vertex 4.85 5.6 0
    endloop
  endfacet
  facet normal 0 0 -1
    outer loop
      vertex 6.13033 6.13033 0
      vertex 3 93 0
      vertex 109.4 93 0
    endloop
  endfacet
  facet normal 0 0 -1
    outer loop
      vertex 0 3 0
      vertex 5.06967 6.13033 0
      vertex 4.90709 5.88701 0
    endloop
  endfacet
  facet normal -0 0 -1
    outer loop
      vertex 4.85 5.6 0
      vertex 0 3 0
      vertex 4.90709 5.88701 0
    endloop
  endfacet
  facet normal 0 0 -1
    outer loop
      vertex 0 3 0
      vertex 3 0 0
      vertex 2.41473 0.0576439 0
    endloop
  endfacet
  facet normal -0 0 -1
    outer loop
      vertex 5.06967 6.13033 0
      vertex 0 3 0
      vertex 0 90 0
    endloop
  endfacet
  facet normal 0 0 -1
    outer loop
      vertex 0 3 0
      vertex 2.41473 0.0576439 0
      vertex 1.85195 0.228361 0
    endloop
  endfacet
  facet normal 0 0 -1
    outer loop
      vertex 6.13033 6.13033 0
      vertex 0 90 0
      vertex 3 93 0
    endloop
  endfacet
  facet normal 0 0 -1
    outer loop
      vertex 0 3 0
      vertex 1.85195 0.228361 0
      vertex 1.33329 0.50559 0
    endloop
  endfacet
  facet normal 0 0 -1
    outer loop
      vertex 3 93 0
      vertex 0 90 0
      vertex 2.41473 92.9424 0
    endloop
  endfacet
  facet normal 0 0 -1
    outer loop
      vertex 0 3 0
      vertex 1.33329 0.50559 0
      vertex 0.878679 0.878679 0
    endloop
  endfacet
  facet normal 0 0 -1
    outer loop
      vertex 2.41473 92.9424 0
      vertex 0 90 0
      vertex 1.85195 92.7716 0
    endloop
  endfacet
  facet normal 0 0 -1
    outer loop
      vertex 0 3 0
      vertex 0.878679 0.878679 0
      vertex 0.50559 1.33329 0
    endloop
  endfacet
  facet normal 0 0 -1
    outer loop
      vertex 1.85195 92.7716 0
      vertex 0 90 0
      vertex 1.33329 92.4944 0
    endloop
  endfacet
  facet normal 0 0 -1
    outer loop
      vertex 0 3 0
      vertex 0.50559 1.33329 0
      vertex 0.228361 1.85195 0
    endloop
  endfacet
  facet normal 0 0 -1
    outer loop
      vertex 1.33329 92.4944 0
      vertex 0 90 0
      vertex 0.878679 92.1213 0
    endloop
  endfacet
  facet normal 0 0 -1
    outer loop
      vertex 0 3 0
      vertex 0.228361 1.85195 0
      vertex 0.0576439 2.41473 0
    endloop
  endfacet
  facet normal 0 0 -1
    outer loop
      vertex 0.878679 92.1213 0
      vertex 0 90 0
      vertex 0.50559 91.6667 0
    endloop
  endfacet
  facet normal 0 0 -1
    outer loop
      vertex 0.50559 91.6667 0
      vertex 0 90 0
      vertex 0.228361 91.148 0
    endloop
  endfacet
  facet normal 0 0 -1
    outer loop
      vertex 0.228361 91.148 0
      vertex 0 90 0
      vertex 0.0576439 90.5853 0
    endloop
  endfacet
  facet normal 0 0 -1
    outer loop
      vertex 122.738 47.85 0
      vertex 122.9 62.75 0
      vertex 123.008 47.1988 0
    endloop
  endfacet
  facet normal 0 0 -1
    outer loop
      vertex 122.309 48.4092 0
      vertex 122.9 62.75 0
      vertex 122.738 47.85 0
    endloop
  endfacet
  facet normal 0 0 -1
    outer loop
      vertex 121.75 48.8383 0
      vertex 122.9 62.75 0
      vertex 122.309 48.4092 0
    endloop
  endfacet
  facet normal 0 0 -1
    outer loop
      vertex 121.099 49.108 0
      vertex 122.9 62.75 0
      vertex 121.75 48.8383 0
    endloop
  endfacet
  facet normal 0 0 -1
    outer loop
      vertex 120.4 49.2 0
      vertex 122.9 62.75 0
      vertex 121.099 49.108 0
    endloop
  endfacet
  facet normal 0 0 -1
    outer loop
      vertex 117.9 62.75 0
      vertex 120.4 49.2 0
      vertex 119.701 49.108 0
    endloop
  endfacet
  facet normal 0 0 -1
    outer loop
      vertex 117.9 62.75 0
      vertex 119.701 49.108 0
      vertex 119.05 48.8383 0
    endloop
  endfacet
  facet normal 0 0 -1
    outer loop
      vertex 117.9 62.75 0
      vertex 119.05 48.8383 0
      vertex 118.491 48.4092 0
    endloop
  endfacet
  facet normal 0 0 -1
    outer loop
      vertex 117.9 62.75 0
      vertex 118.491 48.4092 0
      vertex 118.062 47.85 0
    endloop
  endfacet
  facet normal 0 0 -1
    outer loop
      vertex 120.4 49.2 0
      vertex 117.9 62.75 0
      vertex 122.9 62.75 0
    endloop
  endfacet
  facet normal 0 0 -1
    outer loop
      vertex 117.7 46.5 0
      vertex 117.9 62.75 0
      vertex 117.792 47.1988 0
    endloop
  endfacet
  facet normal 0 0 -1
    outer loop
      vertex 117.792 47.1988 0
      vertex 117.9 62.75 0
      vertex 118.062 47.85 0
    endloop
  endfacet
  facet normal 0 0 -1
    outer loop
      vertex 128.4 0 0
      vertex 123.1 46.5 0
      vertex 128.4 93 0
    endloop
  endfacet
  facet normal 0 0 -1
    outer loop
      vertex 122.9 30.25 0
      vertex 123.1 46.5 0
      vertex 128.4 0 0
    endloop
  endfacet
  facet normal 0 0 -1
    outer loop
      vertex 122.9 30.25 0
      vertex 128.4 0 0
      vertex 122.9 16.25 0
    endloop
  endfacet
  facet normal 0 0 -1
    outer loop
      vertex 112.4 3 0
      vertex 122.9 16.25 0
      vertex 128.4 0 0
    endloop
  endfacet
  facet normal 0 0 -1
    outer loop
      vertex 112.4 3 0
      vertex 117.9 30.25 0
      vertex 117.9 16.25 0
    endloop
  endfacet
  facet normal 0 -0 -1
    outer loop
      vertex 117.7 46.5 0
      vertex 117.9 30.25 0
      vertex 112.4 3 0
    endloop
  endfacet
  facet normal -0 0 -1
    outer loop
      vertex 122.9 16.25 0
      vertex 112.4 3 0
      vertex 117.9 16.25 0
    endloop
  endfacet
  facet normal 0 0 -1
    outer loop
      vertex 112.4 3 0
      vertex 128.4 0 0
      vertex 112.4 0 0
    endloop
  endfacet
  facet normal 0 0 -1
    outer loop
      vertex 122.9 62.75 0
      vertex 123.1 46.5 0
      vertex 123.008 47.1988 0
    endloop
  endfacet
  facet normal 0 0 -1
    outer loop
      vertex 123.1 46.5 0
      vertex 122.9 62.75 0
      vertex 128.4 93 0
    endloop
  endfacet
  facet normal 0 0 -1
    outer loop
      vertex 122.9 76.75 0
      vertex 128.4 93 0
      vertex 122.9 62.75 0
    endloop
  endfacet
  facet normal 0 0 -1
    outer loop
      vertex 112.4 90 0
      vertex 122.9 76.75 0
      vertex 117.9 76.75 0
    endloop
  endfacet
  facet normal -0 0 -1
    outer loop
      vertex 117.9 62.75 0
      vertex 117.7 46.5 0
      vertex 112.4 90 0
    endloop
  endfacet
  facet normal 0 0 -1
    outer loop
      vertex 117.9 30.25 0
      vertex 117.7 46.5 0
      vertex 117.792 45.8012 0
    endloop
  endfacet
  facet normal 0 0 -1
    outer loop
      vertex 112.4 90 0
      vertex 117.7 46.5 0
      vertex 112.4 3 0
    endloop
  endfacet
  facet normal 0 0 -1
    outer loop
      vertex 117.9 62.75 0
      vertex 112.4 90 0
      vertex 117.9 76.75 0
    endloop
  endfacet
  facet normal 0 0 -1
    outer loop
      vertex 122.9 76.75 0
      vertex 112.4 90 0
      vertex 128.4 93 0
    endloop
  endfacet
  facet normal -0 0 -1
    outer loop
      vertex 128.4 93 0
      vertex 112.4 90 0
      vertex 112.4 93 0
    endloop
  endfacet
  facet normal 0 0 -1
    outer loop
      vertex 123.1 46.5 0
      vertex 122.9 30.25 0
      vertex 123.008 45.8012 0
    endloop
  endfacet
  facet normal 0 0 -1
    outer loop
      vertex 122.9 30.25 0
      vertex 122.738 45.15 0
      vertex 123.008 45.8012 0
    endloop
  endfacet
  facet normal 0 0 -1
    outer loop
      vertex 122.9 30.25 0
      vertex 122.309 44.5908 0
      vertex 122.738 45.15 0
    endloop
  endfacet
  facet normal 0 0 -1
    outer loop
      vertex 122.9 30.25 0
      vertex 121.75 44.1617 0
      vertex 122.309 44.5908 0
    endloop
  endfacet
  facet normal 0 0 -1
    outer loop
      vertex 122.9 30.25 0
      vertex 121.099 43.892 0
      vertex 121.75 44.1617 0
    endloop
  endfacet
  facet normal 0 0 -1
    outer loop
      vertex 122.9 30.25 0
      vertex 120.4 43.8 0
      vertex 121.099 43.892 0
    endloop
  endfacet
  facet normal 0 0 -1
    outer loop
      vertex 117.9 30.25 0
      vertex 120.4 43.8 0
      vertex 122.9 30.25 0
    endloop
  endfacet
  facet normal -0 0 -1
    outer loop
      vertex 120.4 43.8 0
      vertex 117.9 30.25 0
      vertex 119.701 43.892 0
    endloop
  endfacet
  facet normal -0 0 -1
    outer loop
      vertex 119.701 43.892 0
      vertex 117.9 30.25 0
      vertex 119.05 44.1617 0
    endloop
  endfacet
  facet normal -0 0 -1
    outer loop
      vertex 119.05 44.1617 0
      vertex 117.9 30.25 0
      vertex 118.491 44.5908 0
    endloop
  endfacet
  facet normal -0 0 -1
    outer loop
      vertex 118.491 44.5908 0
      vertex 117.9 30.25 0
      vertex 118.062 45.15 0
    endloop
  endfacet
  facet normal -0 0 -1
    outer loop
      vertex 118.062 45.15 0
      vertex 117.9 30.25 0
      vertex 117.792 45.8012 0
    endloop
  endfacet
  facet normal 0 -1 0
    outer loop
      vertex -16 0 0
      vertex 0 0 4
      vertex -16 0 4
    endloop
  endfacet
  facet normal 0 -1 -0
    outer loop
      vertex 0 0 4
      vertex -16 0 0
      vertex 0 0 0
    endloop
  endfacet
  facet normal 0 1 -0
    outer loop
      vertex 0 93 0
      vertex -16 93 4
      vertex 0 93 4
    endloop
  endfacet
  facet normal 0 1 0
    outer loop
      vertex -16 93 4
      vertex 0 93 0
      vertex -16 93 0
    endloop
  endfacet
  facet normal -1 0 0
    outer loop
      vertex 112.4 0 0
      vertex 112.4 3 4
      vertex 112.4 3 0
    endloop
  endfacet
  facet normal -1 -0 0
    outer loop
      vertex 112.4 3 4
      vertex 112.4 0 0
      vertex 112.4 0 4
    endloop
  endfacet
  facet normal -1 0 0
    outer loop
      vertex 112.4 90 0
      vertex 112.4 93 4
      vertex 112.4 93 0
    endloop
  endfacet
  facet normal -1 -0 0
    outer loop
      vertex 112.4 93 4
      vertex 112.4 90 0
      vertex 112.4 90 4
    endloop
  endfacet
  facet normal 1 0 0
    outer loop
      vertex 112.4 45.7393 23.6588
      vertex 112.4 90 32.5
      vertex 112.4 45.85 24.5
    endloop
  endfacet
  facet normal 1 0 0
    outer loop
      vertex 112.4 90 32.5
      vertex 112.4 45.7393 25.3412
      vertex 112.4 45.85 24.5
    endloop
  endfacet
  facet normal 1 0 0
    outer loop
      vertex 112.4 90 32.5
      vertex 112.4 45.4146 26.125
      vertex 112.4 45.7393 25.3412
    endloop
  endfacet
  facet normal 1 0 0
    outer loop
      vertex 112.4 90 32.5
      vertex 112.4 44.8981 26.7981
      vertex 112.4 45.4146 26.125
    endloop
  endfacet
  facet normal 1 0 0
    outer loop
      vertex 112.4 90 32.5
      vertex 112.4 44.225 27.3146
      vertex 112.4 44.8981 26.7981
    endloop
  endfacet
  facet normal 1 0 0
    outer loop
      vertex 112.4 90 32.5
      vertex 112.4 43.4412 27.6393
      vertex 112.4 44.225 27.3146
    endloop
  endfacet
  facet normal 1 0 0
    outer loop
      vertex 112.4 90 32.5
      vertex 112.4 42.6 27.75
      vertex 112.4 43.4412 27.6393
    endloop
  endfacet
  facet normal 1 0 0
    outer loop
      vertex 112.4 39.4607 25.3412
      vertex 112.4 31.85 24.5
      vertex 112.4 39.35 24.5
    endloop
  endfacet
  facet normal 1 0 0
    outer loop
      vertex 112.4 31.7393 25.3412
      vertex 112.4 39.4607 25.3412
      vertex 112.4 39.7854 26.125
    endloop
  endfacet
  facet normal 1 0 0
    outer loop
      vertex 112.4 31.4146 26.125
      vertex 112.4 39.7854 26.125
      vertex 112.4 40.3019 26.7981
    endloop
  endfacet
  facet normal 1 0 0
    outer loop
      vertex 112.4 30.8981 26.7981
      vertex 112.4 40.3019 26.7981
      vertex 112.4 40.975 27.3146
    endloop
  endfacet
  facet normal 1 0 0
    outer loop
      vertex 112.4 30.225 27.3146
      vertex 112.4 40.975 27.3146
      vertex 112.4 41.7588 27.6393
    endloop
  endfacet
  facet normal 1 0 0
    outer loop
      vertex 112.4 39.4607 25.3412
      vertex 112.4 31.7393 25.3412
      vertex 112.4 31.85 24.5
    endloop
  endfacet
  facet normal 1 0 0
    outer loop
      vertex 112.4 39.7854 26.125
      vertex 112.4 31.4146 26.125
      vertex 112.4 31.7393 25.3412
    endloop
  endfacet
  facet normal 1 0 0
    outer loop
      vertex 112.4 40.3019 26.7981
      vertex 112.4 30.8981 26.7981
      vertex 112.4 31.4146 26.125
    endloop
  endfacet
  facet normal 1 0 0
    outer loop
      vertex 112.4 29.4412 27.6393
      vertex 112.4 41.7588 27.6393
      vertex 112.4 42.6 27.75
    endloop
  endfacet
  facet normal 1 -0 0
    outer loop
      vertex 112.4 3 32.5
      vertex 112.4 42.6 27.75
      vertex 112.4 90 32.5
    endloop
  endfacet
  facet normal 1 0 0
    outer loop
      vertex 112.4 40.975 27.3146
      vertex 112.4 30.225 27.3146
      vertex 112.4 30.8981 26.7981
    endloop
  endfacet
  facet normal 1 0 0
    outer loop
      vertex 112.4 41.7588 27.6393
      vertex 112.4 29.4412 27.6393
      vertex 112.4 30.225 27.3146
    endloop
  endfacet
  facet normal 1 0 0
    outer loop
      vertex 112.4 42.6 27.75
      vertex 112.4 28.6 27.75
      vertex 112.4 29.4412 27.6393
    endloop
  endfacet
  facet normal 1 0 0
    outer loop
      vertex 112.4 25.4607 25.3412
      vertex 112.4 17.85 24.5
      vertex 112.4 25.35 24.5
    endloop
  endfacet
  facet normal 1 0 0
    outer loop
      vertex 112.4 17.7393 25.3412
      vertex 112.4 25.4607 25.3412
      vertex 112.4 25.7854 26.125
    endloop
  endfacet
  facet normal 1 0 0
    outer loop
      vertex 112.4 17.4146 26.125
      vertex 112.4 25.7854 26.125
      vertex 112.4 26.3019 26.7981
    endloop
  endfacet
  facet normal 1 0 0
    outer loop
      vertex 112.4 16.8981 26.7981
      vertex 112.4 26.3019 26.7981
      vertex 112.4 26.975 27.3146
    endloop
  endfacet
  facet normal 1 0 0
    outer loop
      vertex 112.4 16.225 27.3146
      vertex 112.4 26.975 27.3146
      vertex 112.4 27.7588 27.6393
    endloop
  endfacet
  facet normal 1 0 0
    outer loop
      vertex 112.4 25.4607 25.3412
      vertex 112.4 17.7393 25.3412
      vertex 112.4 17.85 24.5
    endloop
  endfacet
  facet normal 1 0 0
    outer loop
      vertex 112.4 25.7854 26.125
      vertex 112.4 17.4146 26.125
      vertex 112.4 17.7393 25.3412
    endloop
  endfacet
  facet normal 1 0 0
    outer loop
      vertex 112.4 26.3019 26.7981
      vertex 112.4 16.8981 26.7981
      vertex 112.4 17.4146 26.125
    endloop
  endfacet
  facet normal 1 0 0
    outer loop
      vertex 112.4 3 32.5
      vertex 112.4 27.7588 27.6393
      vertex 112.4 28.6 27.75
    endloop
  endfacet
  facet normal 1 0 0
    outer loop
      vertex 112.4 26.975 27.3146
      vertex 112.4 16.225 27.3146
      vertex 112.4 16.8981 26.7981
    endloop
  endfacet
  facet normal 1 0 0
    outer loop
      vertex 112.4 42.6 27.75
      vertex 112.4 3 32.5
      vertex 112.4 28.6 27.75
    endloop
  endfacet
  facet normal 1 0 0
    outer loop
      vertex 112.4 27.7588 27.6393
      vertex 112.4 15.4412 27.6393
      vertex 112.4 16.225 27.3146
    endloop
  endfacet
  facet normal 1 0 0
    outer loop
      vertex 112.4 27.7588 27.6393
      vertex 112.4 3 32.5
      vertex 112.4 15.4412 27.6393
    endloop
  endfacet
  facet normal 1 0 0
    outer loop
      vertex 112.4 11.4607 25.3412
      vertex 112.4 3 32.5
      vertex 112.4 11.35 24.5
    endloop
  endfacet
  facet normal 1 0 0
    outer loop
      vertex 112.4 11.7854 26.125
      vertex 112.4 3 32.5
      vertex 112.4 11.4607 25.3412
    endloop
  endfacet
  facet normal 1 0 0
    outer loop
      vertex 112.4 12.3019 26.7981
      vertex 112.4 3 32.5
      vertex 112.4 11.7854 26.125
    endloop
  endfacet
  facet normal 1 0 0
    outer loop
      vertex 112.4 12.975 27.3146
      vertex 112.4 3 32.5
      vertex 112.4 12.3019 26.7981
    endloop
  endfacet
  facet normal 1 0 0
    outer loop
      vertex 112.4 13.7588 27.6393
      vertex 112.4 3 32.5
      vertex 112.4 12.975 27.3146
    endloop
  endfacet
  facet normal 1 0 0
    outer loop
      vertex 112.4 14.6 27.75
      vertex 112.4 3 32.5
      vertex 112.4 13.7588 27.6393
    endloop
  endfacet
  facet normal 1 0 0
    outer loop
      vertex 112.4 15.4412 27.6393
      vertex 112.4 3 32.5
      vertex 112.4 14.6 27.75
    endloop
  endfacet
  facet normal 1 0 0
    outer loop
      vertex 112.4 90 32.5
      vertex 112.4 45.7393 23.6588
      vertex 112.4 90 4
    endloop
  endfacet
  facet normal 1 -0 0
    outer loop
      vertex 112.4 45.4146 22.875
      vertex 112.4 90 4
      vertex 112.4 45.7393 23.6588
    endloop
  endfacet
  facet normal 1 -0 0
    outer loop
      vertex 112.4 44.8981 22.2019
      vertex 112.4 90 4
      vertex 112.4 45.4146 22.875
    endloop
  endfacet
  facet normal 1 -0 0
    outer loop
      vertex 112.4 44.225 21.6854
      vertex 112.4 90 4
      vertex 112.4 44.8981 22.2019
    endloop
  endfacet
  facet normal 1 -0 0
    outer loop
      vertex 112.4 43.4412 21.3607
      vertex 112.4 90 4
      vertex 112.4 44.225 21.6854
    endloop
  endfacet
  facet normal 1 -0 0
    outer loop
      vertex 112.4 42.6 21.25
      vertex 112.4 90 4
      vertex 112.4 43.4412 21.3607
    endloop
  endfacet
  facet normal 1 0 0
    outer loop
      vertex 112.4 3 4
      vertex 112.4 42.6 21.25
      vertex 112.4 41.7588 21.3607
    endloop
  endfacet
  facet normal 1 -0 0
    outer loop
      vertex 112.4 31.85 24.5
      vertex 112.4 39.4607 23.6588
      vertex 112.4 39.35 24.5
    endloop
  endfacet
  facet normal 1 0 0
    outer loop
      vertex 112.4 31.7393 23.6588
      vertex 112.4 39.4607 23.6588
      vertex 112.4 31.85 24.5
    endloop
  endfacet
  facet normal 1 0 0
    outer loop
      vertex 112.4 39.4607 23.6588
      vertex 112.4 31.7393 23.6588
      vertex 112.4 39.7854 22.875
    endloop
  endfacet
  facet normal 1 0 0
    outer loop
      vertex 112.4 31.4146 22.875
      vertex 112.4 39.7854 22.875
      vertex 112.4 31.7393 23.6588
    endloop
  endfacet
  facet normal 1 0 0
    outer loop
      vertex 112.4 39.7854 22.875
      vertex 112.4 31.4146 22.875
      vertex 112.4 40.3019 22.2019
    endloop
  endfacet
  facet normal 1 0 0
    outer loop
      vertex 112.4 30.8981 22.2019
      vertex 112.4 40.3019 22.2019
      vertex 112.4 31.4146 22.875
    endloop
  endfacet
  facet normal 1 0 0
    outer loop
      vertex 112.4 40.3019 22.2019
      vertex 112.4 30.8981 22.2019
      vertex 112.4 40.975 21.6854
    endloop
  endfacet
  facet normal 1 0 0
    outer loop
      vertex 112.4 30.225 21.6854
      vertex 112.4 40.975 21.6854
      vertex 112.4 30.8981 22.2019
    endloop
  endfacet
  facet normal 1 0 0
    outer loop
      vertex 112.4 40.975 21.6854
      vertex 112.4 30.225 21.6854
      vertex 112.4 41.7588 21.3607
    endloop
  endfacet
  facet normal 1 0 0
    outer loop
      vertex 112.4 29.4412 21.3607
      vertex 112.4 41.7588 21.3607
      vertex 112.4 30.225 21.6854
    endloop
  endfacet
  facet normal 1 0 0
    outer loop
      vertex 112.4 3 4
      vertex 112.4 41.7588 21.3607
      vertex 112.4 29.4412 21.3607
    endloop
  endfacet
  facet normal 1 0 0
    outer loop
      vertex 112.4 3 4
      vertex 112.4 29.4412 21.3607
      vertex 112.4 28.6 21.25
    endloop
  endfacet
  facet normal 1 0 0
    outer loop
      vertex 112.4 3 4
      vertex 112.4 28.6 21.25
      vertex 112.4 27.7588 21.3607
    endloop
  endfacet
  facet normal 1 -0 0
    outer loop
      vertex 112.4 17.85 24.5
      vertex 112.4 25.4607 23.6588
      vertex 112.4 25.35 24.5
    endloop
  endfacet
  facet normal 1 0 0
    outer loop
      vertex 112.4 17.7393 23.6588
      vertex 112.4 25.4607 23.6588
      vertex 112.4 17.85 24.5
    endloop
  endfacet
  facet normal 1 0 0
    outer loop
      vertex 112.4 25.4607 23.6588
      vertex 112.4 17.7393 23.6588
      vertex 112.4 25.7854 22.875
    endloop
  endfacet
  facet normal 1 0 0
    outer loop
      vertex 112.4 17.4146 22.875
      vertex 112.4 25.7854 22.875
      vertex 112.4 17.7393 23.6588
    endloop
  endfacet
  facet normal 1 0 0
    outer loop
      vertex 112.4 25.7854 22.875
      vertex 112.4 17.4146 22.875
      vertex 112.4 26.3019 22.2019
    endloop
  endfacet
  facet normal 1 0 0
    outer loop
      vertex 112.4 16.8981 22.2019
      vertex 112.4 26.3019 22.2019
      vertex 112.4 17.4146 22.875
    endloop
  endfacet
  facet normal 1 0 0
    outer loop
      vertex 112.4 26.3019 22.2019
      vertex 112.4 16.8981 22.2019
      vertex 112.4 26.975 21.6854
    endloop
  endfacet
  facet normal 1 0 0
    outer loop
      vertex 112.4 16.225 21.6854
      vertex 112.4 26.975 21.6854
      vertex 112.4 16.8981 22.2019
    endloop
  endfacet
  facet normal 1 0 0
    outer loop
      vertex 112.4 26.975 21.6854
      vertex 112.4 16.225 21.6854
      vertex 112.4 27.7588 21.3607
    endloop
  endfacet
  facet normal 1 0 0
    outer loop
      vertex 112.4 15.4412 21.3607
      vertex 112.4 27.7588 21.3607
      vertex 112.4 16.225 21.6854
    endloop
  endfacet
  facet normal 1 0 0
    outer loop
      vertex 112.4 27.7588 21.3607
      vertex 112.4 15.4412 21.3607
      vertex 112.4 3 4
    endloop
  endfacet
  facet normal 1 0 0
    outer loop
      vertex 112.4 3 4
      vertex 112.4 15.4412 21.3607
      vertex 112.4 14.6 21.25
    endloop
  endfacet
  facet normal 1 0 0
    outer loop
      vertex 112.4 3 4
      vertex 112.4 14.6 21.25
      vertex 112.4 13.7588 21.3607
    endloop
  endfacet
  facet normal 1 0 0
    outer loop
      vertex 112.4 3 32.5
      vertex 112.4 11.4607 23.6588
      vertex 112.4 11.35 24.5
    endloop
  endfacet
  facet normal 1 0 0
    outer loop
      vertex 112.4 3 4
      vertex 112.4 11.4607 23.6588
      vertex 112.4 3 32.5
    endloop
  endfacet
  facet normal 1 0 0
    outer loop
      vertex 112.4 11.4607 23.6588
      vertex 112.4 3 4
      vertex 112.4 11.7854 22.875
    endloop
  endfacet
  facet normal 1 0 0
    outer loop
      vertex 112.4 42.6 21.25
      vertex 112.4 3 4
      vertex 112.4 90 4
    endloop
  endfacet
  facet normal 1 0 0
    outer loop
      vertex 112.4 12.975 21.6854
      vertex 112.4 3 4
      vertex 112.4 13.7588 21.3607
    endloop
  endfacet
  facet normal 1 0 0
    outer loop
      vertex 112.4 12.3019 22.2019
      vertex 112.4 3 4
      vertex 112.4 12.975 21.6854
    endloop
  endfacet
  facet normal 1 0 0
    outer loop
      vertex 112.4 11.7854 22.875
      vertex 112.4 3 4
      vertex 112.4 12.3019 22.2019
    endloop
  endfacet
  facet normal -0 0 1
    outer loop
      vertex 122.738 45.15 4
      vertex 122.9 30.25 4
      vertex 123.008 45.8012 4
    endloop
  endfacet
  facet normal -0 0 1
    outer loop
      vertex 122.309 44.5908 4
      vertex 122.9 30.25 4
      vertex 122.738 45.15 4
    endloop
  endfacet
  facet normal -0 0 1
    outer loop
      vertex 121.75 44.1617 4
      vertex 122.9 30.25 4
      vertex 122.309 44.5908 4
    endloop
  endfacet
  facet normal -0 0 1
    outer loop
      vertex 121.099 43.892 4
      vertex 122.9 30.25 4
      vertex 121.75 44.1617 4
    endloop
  endfacet
  facet normal -0 0 1
    outer loop
      vertex 120.4 43.8 4
      vertex 122.9 30.25 4
      vertex 121.099 43.892 4
    endloop
  endfacet
  facet normal 0 0 1
    outer loop
      vertex 117.9 30.25 4
      vertex 120.4 43.8 4
      vertex 119.701 43.892 4
    endloop
  endfacet
  facet normal 0 0 1
    outer loop
      vertex 117.9 30.25 4
      vertex 119.701 43.892 4
      vertex 119.05 44.1617 4
    endloop
  endfacet
  facet normal 0 0 1
    outer loop
      vertex 117.9 30.25 4
      vertex 119.05 44.1617 4
      vertex 118.491 44.5908 4
    endloop
  endfacet
  facet normal 0 0 1
    outer loop
      vertex 117.9 30.25 4
      vertex 118.491 44.5908 4
      vertex 118.062 45.15 4
    endloop
  endfacet
  facet normal 0 0 1
    outer loop
      vertex 120.4 43.8 4
      vertex 117.9 30.25 4
      vertex 122.9 30.25 4
    endloop
  endfacet
  facet normal 0 0 1
    outer loop
      vertex 117.7 46.5 4
      vertex 117.9 30.25 4
      vertex 117.792 45.8012 4
    endloop
  endfacet
  facet normal 0 0 1
    outer loop
      vertex 117.792 45.8012 4
      vertex 117.9 30.25 4
      vertex 118.062 45.15 4
    endloop
  endfacet
  facet normal 0 0 1
    outer loop
      vertex 128.4 93 4
      vertex 123.1 46.5 4
      vertex 128.4 0 4
    endloop
  endfacet
  facet normal -0 0 1
    outer loop
      vertex 122.9 62.75 4
      vertex 123.1 46.5 4
      vertex 128.4 93 4
    endloop
  endfacet
  facet normal 0 0 1
    outer loop
      vertex 122.9 62.75 4
      vertex 128.4 93 4
      vertex 122.9 76.75 4
    endloop
  endfacet
  facet normal -0 0 1
    outer loop
      vertex 112.4 90 4
      vertex 122.9 76.75 4
      vertex 128.4 93 4
    endloop
  endfacet
  facet normal 0 0 1
    outer loop
      vertex 112.4 90 4
      vertex 117.9 62.75 4
      vertex 117.9 76.75 4
    endloop
  endfacet
  facet normal 0 -0 1
    outer loop
      vertex 117.7 46.5 4
      vertex 117.9 62.75 4
      vertex 112.4 90 4
    endloop
  endfacet
  facet normal 0 0 1
    outer loop
      vertex 122.9 76.75 4
      vertex 112.4 90 4
      vertex 117.9 76.75 4
    endloop
  endfacet
  facet normal 0 0 1
    outer loop
      vertex 112.4 90 4
      vertex 128.4 93 4
      vertex 112.4 93 4
    endloop
  endfacet
  facet normal 0 0 1
    outer loop
      vertex 122.9 30.25 4
      vertex 123.1 46.5 4
      vertex 123.008 45.8012 4
    endloop
  endfacet
  facet normal 0 0 1
    outer loop
      vertex 123.1 46.5 4
      vertex 122.9 30.25 4
      vertex 128.4 0 4
    endloop
  endfacet
  facet normal -0 0 1
    outer loop
      vertex 122.9 16.25 4
      vertex 128.4 0 4
      vertex 122.9 30.25 4
    endloop
  endfacet
  facet normal 0 0 1
    outer loop
      vertex 112.4 3 4
      vertex 122.9 16.25 4
      vertex 117.9 16.25 4
    endloop
  endfacet
  facet normal 0 0 1
    outer loop
      vertex 117.9 30.25 4
      vertex 117.7 46.5 4
      vertex 112.4 3 4
    endloop
  endfacet
  facet normal 0 0 1
    outer loop
      vertex 117.9 62.75 4
      vertex 117.7 46.5 4
      vertex 117.792 47.1988 4
    endloop
  endfacet
  facet normal 0 0 1
    outer loop
      vertex 112.4 3 4
      vertex 117.7 46.5 4
      vertex 112.4 90 4
    endloop
  endfacet
  facet normal 0 0 1
    outer loop
      vertex 117.9 30.25 4
      vertex 112.4 3 4
      vertex 117.9 16.25 4
    endloop
  endfacet
  facet normal 0 0 1
    outer loop
      vertex 122.9 16.25 4
      vertex 112.4 3 4
      vertex 128.4 0 4
    endloop
  endfacet
  facet normal 0 0 1
    outer loop
      vertex 128.4 0 4
      vertex 112.4 3 4
      vertex 112.4 0 4
    endloop
  endfacet
  facet normal 0 0 1
    outer loop
      vertex 123.1 46.5 4
      vertex 122.9 62.75 4
      vertex 123.008 47.1988 4
    endloop
  endfacet
  facet normal 0 0 1
    outer loop
      vertex 122.9 62.75 4
      vertex 122.738 47.85 4
      vertex 123.008 47.1988 4
    endloop
  endfacet
  facet normal 0 0 1
    outer loop
      vertex 122.9 62.75 4
      vertex 122.309 48.4092 4
      vertex 122.738 47.85 4
    endloop
  endfacet
  facet normal 0 0 1
    outer loop
      vertex 122.9 62.75 4
      vertex 121.75 48.8383 4
      vertex 122.309 48.4092 4
    endloop
  endfacet
  facet normal 0 0 1
    outer loop
      vertex 122.9 62.75 4
      vertex 121.099 49.108 4
      vertex 121.75 48.8383 4
    endloop
  endfacet
  facet normal 0 0 1
    outer loop
      vertex 122.9 62.75 4
      vertex 120.4 49.2 4
      vertex 121.099 49.108 4
    endloop
  endfacet
  facet normal -0 0 1
    outer loop
      vertex 117.9 62.75 4
      vertex 120.4 49.2 4
      vertex 122.9 62.75 4
    endloop
  endfacet
  facet normal 0 0 1
    outer loop
      vertex 120.4 49.2 4
      vertex 117.9 62.75 4
      vertex 119.701 49.108 4
    endloop
  endfacet
  facet normal 0 0 1
    outer loop
      vertex 119.701 49.108 4
      vertex 117.9 62.75 4
      vertex 119.05 48.8383 4
    endloop
  endfacet
  facet normal 0 0 1
    outer loop
      vertex 119.05 48.8383 4
      vertex 117.9 62.75 4
      vertex 118.491 48.4092 4
    endloop
  endfacet
  facet normal 0 0 1
    outer loop
      vertex 118.491 48.4092 4
      vertex 117.9 62.75 4
      vertex 118.062 47.85 4
    endloop
  endfacet
  facet normal 0 0 1
    outer loop
      vertex 118.062 47.85 4
      vertex 117.9 62.75 4
      vertex 117.792 47.1988 4
    endloop
  endfacet
  facet normal 1 -0 0
    outer loop
      vertex 128.4 0 4
      vertex 128.4 93 0
      vertex 128.4 93 4
    endloop
  endfacet
  facet normal 1 0 0
    outer loop
      vertex 128.4 93 0
      vertex 128.4 0 4
      vertex 128.4 0 0
    endloop
  endfacet
  facet normal 0 1 -0
    outer loop
      vertex 128.4 93 0
      vertex 112.4 93 4
      vertex 128.4 93 4
    endloop
  endfacet
  facet normal 0 1 0
    outer loop
      vertex 112.4 93 4
      vertex 128.4 93 0
      vertex 112.4 93 0
    endloop
  endfacet
  facet normal 0 -1 0
    outer loop
      vertex 112.4 0 0
      vertex 128.4 0 4
      vertex 112.4 0 4
    endloop
  endfacet
  facet normal 0 -1 -0
    outer loop
      vertex 128.4 0 4
      vertex 112.4 0 0
      vertex 128.4 0 0
    endloop
  endfacet
  facet normal -0.995185 -0.0980169 0
    outer loop
      vertex 0.0576439 2.41473 0
      vertex 0 3 4
      vertex 0 3 0
    endloop
  endfacet
  facet normal -0.995185 -0.0980169 -0
    outer loop
      vertex 0.0576439 2.41473 32.5
      vertex 0 3 4
      vertex 0.0576439 2.41473 0
    endloop
  endfacet
  facet normal -0.995185 -0.0980169 0
    outer loop
      vertex 0 3 4
      vertex 0.0576439 2.41473 32.5
      vertex 0 3 32.5
    endloop
  endfacet
  facet normal -0.773003 0.634402 0
    outer loop
      vertex 0.50559 91.6667 0
      vertex 0.878679 92.1213 32.5
      vertex 0.878679 92.1213 0
    endloop
  endfacet
  facet normal -0.773003 0.634402 0
    outer loop
      vertex 0.878679 92.1213 32.5
      vertex 0.50559 91.6667 0
      vertex 0.50559 91.6667 32.5
    endloop
  endfacet
  facet normal 0.634902 -0.772592 0
    outer loop
      vertex 111.067 0.50559 0
      vertex 111.521 0.878679 32.5
      vertex 111.067 0.50559 32.5
    endloop
  endfacet
  facet normal 0.634902 -0.772592 0
    outer loop
      vertex 111.521 0.878679 32.5
      vertex 111.067 0.50559 0
      vertex 111.521 0.878679 0
    endloop
  endfacet
  facet normal 0 -1 0
    outer loop
      vertex 3 0 0
      vertex 109.4 0 32.5
      vertex 3 0 32.5
    endloop
  endfacet
  facet normal 0 -1 -0
    outer loop
      vertex 109.4 0 32.5
      vertex 3 0 0
      vertex 109.4 0 0
    endloop
  endfacet
  facet normal -0.0980169 -0.995185 0
    outer loop
      vertex 2.41473 0.0576439 0
      vertex 3 0 32.5
      vertex 2.41473 0.0576439 32.5
    endloop
  endfacet
  facet normal -0.0980169 -0.995185 -0
    outer loop
      vertex 3 0 32.5
      vertex 2.41473 0.0576439 0
      vertex 3 0 0
    endloop
  endfacet
  facet normal -0 0 1
    outer loop
      vertex 109.8 90.4 32.5
      vertex 112.4 90 32.5
      vertex 112.342 90.5853 32.5
    endloop
  endfacet
  facet normal 0 0 1
    outer loop
      vertex 112.4 90 32.5
      vertex 109.8 90.4 32.5
      vertex 112.4 3 32.5
    endloop
  endfacet
  facet normal 0 0 1
    outer loop
      vertex 109.8 90.4 32.5
      vertex 112.342 90.5853 32.5
      vertex 112.172 91.148 32.5
    endloop
  endfacet
  facet normal 0 0 1
    outer loop
      vertex 109.8 2.6 32.5
      vertex 112.4 3 32.5
      vertex 109.8 90.4 32.5
    endloop
  endfacet
  facet normal 0 0 1
    outer loop
      vertex 109.8 90.4 32.5
      vertex 112.172 91.148 32.5
      vertex 111.894 91.6667 32.5
    endloop
  endfacet
  facet normal 0 0 1
    outer loop
      vertex 112.4 3 32.5
      vertex 109.8 2.6 32.5
      vertex 112.342 2.41473 32.5
    endloop
  endfacet
  facet normal 0 0 1
    outer loop
      vertex 109.8 90.4 32.5
      vertex 111.894 91.6667 32.5
      vertex 111.521 92.1213 32.5
    endloop
  endfacet
  facet normal 0 0 1
    outer loop
      vertex 112.342 2.41473 32.5
      vertex 109.8 2.6 32.5
      vertex 112.172 1.85195 32.5
    endloop
  endfacet
  facet normal 0 0 1
    outer loop
      vertex 109.8 90.4 32.5
      vertex 111.521 92.1213 32.5
      vertex 111.067 92.4944 32.5
    endloop
  endfacet
  facet normal 0 0 1
    outer loop
      vertex 112.172 1.85195 32.5
      vertex 109.8 2.6 32.5
      vertex 111.894 1.33329 32.5
    endloop
  endfacet
  facet normal 0 0 1
    outer loop
      vertex 109.8 90.4 32.5
      vertex 111.067 92.4944 32.5
      vertex 110.548 92.7716 32.5
    endloop
  endfacet
  facet normal 0 0 1
    outer loop
      vertex 111.894 1.33329 32.5
      vertex 109.8 2.6 32.5
      vertex 111.521 0.878679 32.5
    endloop
  endfacet
  facet normal 0 0 1
    outer loop
      vertex 109.8 90.4 32.5
      vertex 110.548 92.7716 32.5
      vertex 109.985 92.9424 32.5
    endloop
  endfacet
  facet normal 0 0 1
    outer loop
      vertex 111.521 0.878679 32.5
      vertex 109.8 2.6 32.5
      vertex 111.067 0.50559 32.5
    endloop
  endfacet
  facet normal 0 0 1
    outer loop
      vertex 111.067 0.50559 32.5
      vertex 109.8 2.6 32.5
      vertex 110.548 0.228361 32.5
    endloop
  endfacet
  facet normal 0 0 1
    outer loop
      vertex 109.4 93 32.5
      vertex 109.8 90.4 32.5
      vertex 109.985 92.9424 32.5
    endloop
  endfacet
  facet normal -0 0 1
    outer loop
      vertex 3 93 32.5
      vertex 109.8 90.4 32.5
      vertex 109.4 93 32.5
    endloop
  endfacet
  facet normal 0 0 1
    outer loop
      vertex 3 93 32.5
      vertex 2.6 90.4 32.5
      vertex 109.8 90.4 32.5
    endloop
  endfacet
  facet normal -0 0 1
    outer loop
      vertex 1.85195 92.7716 32.5
      vertex 2.6 90.4 32.5
      vertex 2.41473 92.9424 32.5
    endloop
  endfacet
  facet normal -0 0 1
    outer loop
      vertex 2.41473 92.9424 32.5
      vertex 2.6 90.4 32.5
      vertex 3 93 32.5
    endloop
  endfacet
  facet normal 0 0 1
    outer loop
      vertex 110.548 0.228361 32.5
      vertex 109.8 2.6 32.5
      vertex 109.985 0.0576439 32.5
    endloop
  endfacet
  facet normal 0 0 1
    outer loop
      vertex 109.8 2.6 32.5
      vertex 109.4 0 32.5
      vertex 109.985 0.0576439 32.5
    endloop
  endfacet
  facet normal 0 0 1
    outer loop
      vertex 109.8 2.6 32.5
      vertex 3 0 32.5
      vertex 109.4 0 32.5
    endloop
  endfacet
  facet normal -0 0 1
    outer loop
      vertex 2.6 2.6 32.5
      vertex 3 0 32.5
      vertex 109.8 2.6 32.5
    endloop
  endfacet
  facet normal 0 0 1
    outer loop
      vertex 2.6 2.6 32.5
      vertex 2.41473 0.0576439 32.5
      vertex 3 0 32.5
    endloop
  endfacet
  facet normal 0 0 1
    outer loop
      vertex 2.6 90.4 32.5
      vertex 0 90 32.5
      vertex 2.6 2.6 32.5
    endloop
  endfacet
  facet normal -0 0 1
    outer loop
      vertex 1.33329 92.4944 32.5
      vertex 2.6 90.4 32.5
      vertex 1.85195 92.7716 32.5
    endloop
  endfacet
  facet normal -0 0 1
    outer loop
      vertex 0 3 32.5
      vertex 2.6 2.6 32.5
      vertex 0 90 32.5
    endloop
  endfacet
  facet normal -0 0 1
    outer loop
      vertex 0.878679 92.1213 32.5
      vertex 2.6 90.4 32.5
      vertex 1.33329 92.4944 32.5
    endloop
  endfacet
  facet normal 0 -0 1
    outer loop
      vertex 0.0576439 2.41473 32.5
      vertex 2.6 2.6 32.5
      vertex 0 3 32.5
    endloop
  endfacet
  facet normal -0 0 1
    outer loop
      vertex 0.50559 91.6667 32.5
      vertex 2.6 90.4 32.5
      vertex 0.878679 92.1213 32.5
    endloop
  endfacet
  facet normal 0 0 1
    outer loop
      vertex 2.6 2.6 32.5
      vertex 1.85195 0.228361 32.5
      vertex 2.41473 0.0576439 32.5
    endloop
  endfacet
  facet normal -0 0 1
    outer loop
      vertex 0.228361 91.148 32.5
      vertex 2.6 90.4 32.5
      vertex 0.50559 91.6667 32.5
    endloop
  endfacet
  facet normal 0 0 1
    outer loop
      vertex 2.6 2.6 32.5
      vertex 1.33329 0.50559 32.5
      vertex 1.85195 0.228361 32.5
    endloop
  endfacet
  facet normal -0 0 1
    outer loop
      vertex 0.0576439 90.5853 32.5
      vertex 2.6 90.4 32.5
      vertex 0.228361 91.148 32.5
    endloop
  endfacet
  facet normal 0 0 1
    outer loop
      vertex 2.6 2.6 32.5
      vertex 0.878679 0.878679 32.5
      vertex 1.33329 0.50559 32.5
    endloop
  endfacet
  facet normal 0 0 1
    outer loop
      vertex 2.6 90.4 32.5
      vertex 0.0576439 90.5853 32.5
      vertex 0 90 32.5
    endloop
  endfacet
  facet normal 0 0 1
    outer loop
      vertex 2.6 2.6 32.5
      vertex 0.50559 1.33329 32.5
      vertex 0.878679 0.878679 32.5
    endloop
  endfacet
  facet normal 0 0 1
    outer loop
      vertex 2.6 2.6 32.5
      vertex 0.228361 1.85195 32.5
      vertex 0.50559 1.33329 32.5
    endloop
  endfacet
  facet normal 0 0 1
    outer loop
      vertex 2.6 2.6 32.5
      vertex 0.0576439 2.41473 32.5
      vertex 0.228361 1.85195 32.5
    endloop
  endfacet
  facet normal 0.634914 0.772583 -0
    outer loop
      vertex 111.521 92.1213 0
      vertex 111.067 92.4944 32.5
      vertex 111.521 92.1213 32.5
    endloop
  endfacet
  facet normal 0.634914 0.772583 0
    outer loop
      vertex 111.067 92.4944 32.5
      vertex 111.521 92.1213 0
      vertex 111.067 92.4944 0
    endloop
  endfacet
  facet normal 0 1 -0
    outer loop
      vertex 109.4 93 0
      vertex 3 93 32.5
      vertex 109.4 93 32.5
    endloop
  endfacet
  facet normal 0 1 0
    outer loop
      vertex 3 93 32.5
      vertex 109.4 93 0
      vertex 3 93 0
    endloop
  endfacet
  facet normal 0.0980617 -0.99518 0
    outer loop
      vertex 109.4 0 0
      vertex 109.985 0.0576439 32.5
      vertex 109.4 0 32.5
    endloop
  endfacet
  facet normal 0.0980617 -0.99518 0
    outer loop
      vertex 109.985 0.0576439 32.5
      vertex 109.4 0 0
      vertex 109.985 0.0576439 0
    endloop
  endfacet
  facet normal 0.29018 -0.956972 0
    outer loop
      vertex 109.985 0.0576439 0
      vertex 110.548 0.228361 32.5
      vertex 109.985 0.0576439 32.5
    endloop
  endfacet
  facet normal 0.29018 -0.956972 0
    outer loop
      vertex 110.548 0.228361 32.5
      vertex 109.985 0.0576439 0
      vertex 110.548 0.228361 0
    endloop
  endfacet
  facet normal -0.634393 -0.773011 0
    outer loop
      vertex 0.878679 0.878679 0
      vertex 1.33329 0.50559 32.5
      vertex 0.878679 0.878679 32.5
    endloop
  endfacet
  facet normal -0.634393 -0.773011 -0
    outer loop
      vertex 1.33329 0.50559 32.5
      vertex 0.878679 0.878679 0
      vertex 1.33329 0.50559 0
    endloop
  endfacet
  facet normal -0.634404 0.773002 0
    outer loop
      vertex 1.33329 92.4944 0
      vertex 0.878679 92.1213 32.5
      vertex 1.33329 92.4944 32.5
    endloop
  endfacet
  facet normal -0.634404 0.773002 0
    outer loop
      vertex 0.878679 92.1213 32.5
      vertex 1.33329 92.4944 0
      vertex 0.878679 92.1213 0
    endloop
  endfacet
  facet normal -0.995185 0.0980119 0
    outer loop
      vertex 0 90 4
      vertex 0.0576439 90.5853 0
      vertex 0 90 0
    endloop
  endfacet
  facet normal -0.995185 0.0980119 0
    outer loop
      vertex 0.0576439 90.5853 0
      vertex 0 90 4
      vertex 0.0576439 90.5853 32.5
    endloop
  endfacet
  facet normal -0.995185 0.0980119 0
    outer loop
      vertex 0.0576439 90.5853 32.5
      vertex 0 90 4
      vertex 0 90 32.5
    endloop
  endfacet
  facet normal 0.995126 0.0986115 -0
    outer loop
      vertex 112.4 90 4
      vertex 112.342 90.5853 32.5
      vertex 112.4 90 32.5
    endloop
  endfacet
  facet normal 0.995126 0.0986115 0
    outer loop
      vertex 112.342 90.5853 32.5
      vertex 112.4 90 4
      vertex 112.342 90.5853 0
    endloop
  endfacet
  facet normal 0.995126 0.0986115 0
    outer loop
      vertex 112.342 90.5853 0
      vertex 112.4 90 4
      vertex 112.4 90 0
    endloop
  endfacet
  facet normal 0.471156 -0.88205 0
    outer loop
      vertex 110.548 0.228361 0
      vertex 111.067 0.50559 32.5
      vertex 110.548 0.228361 32.5
    endloop
  endfacet
  facet normal 0.471156 -0.88205 0
    outer loop
      vertex 111.067 0.50559 32.5
      vertex 110.548 0.228361 0
      vertex 111.067 0.50559 0
    endloop
  endfacet
  facet normal -0.290413 0.956901 0
    outer loop
      vertex 2.41473 92.9424 0
      vertex 1.85195 92.7716 32.5
      vertex 2.41473 92.9424 32.5
    endloop
  endfacet
  facet normal -0.290413 0.956901 0
    outer loop
      vertex 1.85195 92.7716 32.5
      vertex 2.41473 92.9424 0
      vertex 1.85195 92.7716 0
    endloop
  endfacet
  facet normal 0.957267 0.289205 0
    outer loop
      vertex 112.342 90.5853 32.5
      vertex 112.172 91.148 0
      vertex 112.172 91.148 32.5
    endloop
  endfacet
  facet normal 0.957267 0.289205 0
    outer loop
      vertex 112.172 91.148 0
      vertex 112.342 90.5853 32.5
      vertex 112.342 90.5853 0
    endloop
  endfacet
  facet normal -0.290284 -0.95694 0
    outer loop
      vertex 1.85195 0.228361 0
      vertex 2.41473 0.0576439 32.5
      vertex 1.85195 0.228361 32.5
    endloop
  endfacet
  facet normal -0.290284 -0.95694 -0
    outer loop
      vertex 2.41473 0.0576439 32.5
      vertex 1.85195 0.228361 0
      vertex 2.41473 0.0576439 0
    endloop
  endfacet
  facet normal -0.95694 -0.290284 0
    outer loop
      vertex 0.228361 1.85195 0
      vertex 0.0576439 2.41473 32.5
      vertex 0.0576439 2.41473 0
    endloop
  endfacet
  facet normal -0.95694 -0.290284 0
    outer loop
      vertex 0.0576439 2.41473 32.5
      vertex 0.228361 1.85195 0
      vertex 0.228361 1.85195 32.5
    endloop
  endfacet
  facet normal -0.773011 -0.634393 0
    outer loop
      vertex 0.878679 0.878679 0
      vertex 0.50559 1.33329 32.5
      vertex 0.50559 1.33329 0
    endloop
  endfacet
  facet normal -0.773011 -0.634393 0
    outer loop
      vertex 0.50559 1.33329 32.5
      vertex 0.878679 0.878679 0
      vertex 0.878679 0.878679 32.5
    endloop
  endfacet
  facet normal -0.956929 0.290322 0
    outer loop
      vertex 0.0576439 90.5853 0
      vertex 0.228361 91.148 32.5
      vertex 0.228361 91.148 0
    endloop
  endfacet
  facet normal -0.956929 0.290322 0
    outer loop
      vertex 0.228361 91.148 32.5
      vertex 0.0576439 90.5853 0
      vertex 0.0576439 90.5853 32.5
    endloop
  endfacet
  facet normal -0.881937 0.471368 0
    outer loop
      vertex 0.228361 91.148 0
      vertex 0.50559 91.6667 32.5
      vertex 0.50559 91.6667 0
    endloop
  endfacet
  facet normal -0.881937 0.471368 0
    outer loop
      vertex 0.50559 91.6667 32.5
      vertex 0.228361 91.148 0
      vertex 0.228361 91.148 32.5
    endloop
  endfacet
  facet normal 0.881376 -0.472415 0
    outer loop
      vertex 111.894 1.33329 32.5
      vertex 112.172 1.85195 0
      vertex 112.172 1.85195 32.5
    endloop
  endfacet
  facet normal 0.881376 -0.472415 0
    outer loop
      vertex 112.172 1.85195 0
      vertex 111.894 1.33329 32.5
      vertex 111.894 1.33329 0
    endloop
  endfacet
  facet normal -0.471358 0.881942 0
    outer loop
      vertex 1.85195 92.7716 0
      vertex 1.33329 92.4944 32.5
      vertex 1.85195 92.7716 32.5
    endloop
  endfacet
  facet normal -0.471358 0.881942 0
    outer loop
      vertex 1.33329 92.4944 32.5
      vertex 1.85195 92.7716 0
      vertex 1.33329 92.4944 0
    endloop
  endfacet
  facet normal -0.0979429 0.995192 0
    outer loop
      vertex 3 93 0
      vertex 2.41473 92.9424 32.5
      vertex 3 93 32.5
    endloop
  endfacet
  facet normal -0.0979429 0.995192 0
    outer loop
      vertex 2.41473 92.9424 32.5
      vertex 3 93 0
      vertex 2.41473 92.9424 0
    endloop
  endfacet
  facet normal 0.471117 0.882071 -0
    outer loop
      vertex 111.067 92.4944 0
      vertex 110.548 92.7716 32.5
      vertex 111.067 92.4944 32.5
    endloop
  endfacet
  facet normal 0.471117 0.882071 0
    outer loop
      vertex 110.548 92.7716 32.5
      vertex 111.067 92.4944 0
      vertex 110.548 92.7716 0
    endloop
  endfacet
  facet normal 0.0979877 0.995188 -0
    outer loop
      vertex 109.985 92.9424 0
      vertex 109.4 93 32.5
      vertex 109.985 92.9424 32.5
    endloop
  endfacet
  facet normal 0.0979877 0.995188 0
    outer loop
      vertex 109.4 93 32.5
      vertex 109.985 92.9424 0
      vertex 109.4 93 0
    endloop
  endfacet
  facet normal 0.773078 0.634311 0
    outer loop
      vertex 111.894 91.6667 32.5
      vertex 111.521 92.1213 0
      vertex 111.521 92.1213 32.5
    endloop
  endfacet
  facet normal 0.773078 0.634311 0
    outer loop
      vertex 111.521 92.1213 0
      vertex 111.894 91.6667 32.5
      vertex 111.894 91.6667 0
    endloop
  endfacet
  facet normal 0.881392 0.472386 0
    outer loop
      vertex 112.172 91.148 32.5
      vertex 111.894 91.6667 0
      vertex 111.894 91.6667 32.5
    endloop
  endfacet
  facet normal 0.881392 0.472386 0
    outer loop
      vertex 111.894 91.6667 0
      vertex 112.172 91.148 32.5
      vertex 112.172 91.148 0
    endloop
  endfacet
  facet normal -0.471396 -0.881922 0
    outer loop
      vertex 1.33329 0.50559 0
      vertex 1.85195 0.228361 32.5
      vertex 1.33329 0.50559 32.5
    endloop
  endfacet
  facet normal -0.471396 -0.881922 -0
    outer loop
      vertex 1.85195 0.228361 32.5
      vertex 1.33329 0.50559 0
      vertex 1.85195 0.228361 0
    endloop
  endfacet
  facet normal -0.881922 -0.471396 0
    outer loop
      vertex 0.50559 1.33329 0
      vertex 0.228361 1.85195 32.5
      vertex 0.228361 1.85195 0
    endloop
  endfacet
  facet normal -0.881922 -0.471396 0
    outer loop
      vertex 0.228361 1.85195 32.5
      vertex 0.50559 1.33329 0
      vertex 0.50559 1.33329 32.5
    endloop
  endfacet
  facet normal 0.957279 -0.289167 0
    outer loop
      vertex 112.172 1.85195 32.5
      vertex 112.342 2.41473 0
      vertex 112.342 2.41473 32.5
    endloop
  endfacet
  facet normal 0.957279 -0.289167 0
    outer loop
      vertex 112.342 2.41473 0
      vertex 112.172 1.85195 32.5
      vertex 112.172 1.85195 0
    endloop
  endfacet
  facet normal 0.995126 -0.0986165 0
    outer loop
      vertex 112.342 2.41473 32.5
      vertex 112.4 3 4
      vertex 112.4 3 32.5
    endloop
  endfacet
  facet normal 0.995126 -0.0986165 0
    outer loop
      vertex 112.342 2.41473 0
      vertex 112.4 3 4
      vertex 112.342 2.41473 32.5
    endloop
  endfacet
  facet normal 0.995126 -0.0986165 0
    outer loop
      vertex 112.4 3 4
      vertex 112.342 2.41473 0
      vertex 112.4 3 0
    endloop
  endfacet
  facet normal 0.290309 0.956933 -0
    outer loop
      vertex 110.548 92.7716 0
      vertex 109.985 92.9424 32.5
      vertex 110.548 92.7716 32.5
    endloop
  endfacet
  facet normal 0.290309 0.956933 0
    outer loop
      vertex 109.985 92.9424 32.5
      vertex 110.548 92.7716 0
      vertex 109.985 92.9424 0
    endloop
  endfacet
  facet normal 0.773085 -0.634302 0
    outer loop
      vertex 111.521 0.878679 32.5
      vertex 111.894 1.33329 0
      vertex 111.894 1.33329 32.5
    endloop
  endfacet
  facet normal 0.773085 -0.634302 0
    outer loop
      vertex 111.894 1.33329 0
      vertex 111.521 0.878679 32.5
      vertex 111.521 0.878679 0
    endloop
  endfacet
  facet normal 1 0 0
    outer loop
      vertex 11.2 90.4 4
      vertex 11.2 91 12.5
      vertex 11.2 90.4 12.5
    endloop
  endfacet
  facet normal 1 0 0
    outer loop
      vertex 11.2 91 12.5
      vertex 11.2 90.4 4
      vertex 11.2 91 2.5
    endloop
  endfacet
  facet normal 1 0 0
    outer loop
      vertex 11.2 73.8 2.5
      vertex 11.2 90.4 4
      vertex 11.2 73.8 4
    endloop
  endfacet
  facet normal 1 0 0
    outer loop
      vertex 11.2 90.4 4
      vertex 11.2 73.8 2.5
      vertex 11.2 91 2.5
    endloop
  endfacet
  facet normal 0 0 -1
    outer loop
      vertex 11.2 90.4 12.5
      vertex 33.4 91 12.5
      vertex 33.4 90.4 12.5
    endloop
  endfacet
  facet normal -0 0 -1
    outer loop
      vertex 33.4 91 12.5
      vertex 11.2 90.4 12.5
      vertex 11.2 91 12.5
    endloop
  endfacet
  facet normal -1 0 0
    outer loop
      vertex 33.4 91 2.5
      vertex 33.4 90.4 4
      vertex 33.4 91 12.5
    endloop
  endfacet
  facet normal -1 0 0
    outer loop
      vertex 33.4 73.8 2.5
      vertex 33.4 90.4 4
      vertex 33.4 91 2.5
    endloop
  endfacet
  facet normal -1 -0 0
    outer loop
      vertex 33.4 90.4 4
      vertex 33.4 73.8 2.5
      vertex 33.4 73.8 4
    endloop
  endfacet
  facet normal -1 -0 0
    outer loop
      vertex 33.4 91 12.5
      vertex 33.4 90.4 4
      vertex 33.4 90.4 12.5
    endloop
  endfacet
  facet normal 0 -1 0
    outer loop
      vertex 11.2 91 2.5
      vertex 33.4 91 12.5
      vertex 11.2 91 12.5
    endloop
  endfacet
  facet normal 0 -1 -0
    outer loop
      vertex 33.4 91 12.5
      vertex 11.2 91 2.5
      vertex 33.4 91 2.5
    endloop
  endfacet
  facet normal -0 0 1
    outer loop
      vertex 11.2 91 2.5
      vertex 33.4 73.8 2.5
      vertex 33.4 91 2.5
    endloop
  endfacet
  facet normal 0 0 1
    outer loop
      vertex 33.4 73.8 2.5
      vertex 11.2 91 2.5
      vertex 11.2 73.8 2.5
    endloop
  endfacet
  facet normal 0 1 -0
    outer loop
      vertex 33.4 73.8 2.5
      vertex 11.2 73.8 4
      vertex 33.4 73.8 4
    endloop
  endfacet
  facet normal 0 1 0
    outer loop
      vertex 11.2 73.8 4
      vertex 33.4 73.8 2.5
      vertex 11.2 73.8 2.5
    endloop
  endfacet
  facet normal 1 0 0
    outer loop
      vertex 42.2 90.4 4
      vertex 42.2 91 12.5
      vertex 42.2 90.4 12.5
    endloop
  endfacet
  facet normal 1 0 0
    outer loop
      vertex 42.2 91 12.5
      vertex 42.2 90.4 4
      vertex 42.2 91 2.5
    endloop
  endfacet
  facet normal 1 0 0
    outer loop
      vertex 42.2 73.8 2.5
      vertex 42.2 90.4 4
      vertex 42.2 73.8 4
    endloop
  endfacet
  facet normal 1 0 0
    outer loop
      vertex 42.2 90.4 4
      vertex 42.2 73.8 2.5
      vertex 42.2 91 2.5
    endloop
  endfacet
  facet normal 0 0 -1
    outer loop
      vertex 42.2 90.4 12.5
      vertex 64.4 91 12.5
      vertex 64.4 90.4 12.5
    endloop
  endfacet
  facet normal -0 0 -1
    outer loop
      vertex 64.4 91 12.5
      vertex 42.2 90.4 12.5
      vertex 42.2 91 12.5
    endloop
  endfacet
  facet normal -1 0 0
    outer loop
      vertex 64.4 91 2.5
      vertex 64.4 90.4 4
      vertex 64.4 91 12.5
    endloop
  endfacet
  facet normal -1 0 0
    outer loop
      vertex 64.4 73.8 2.5
      vertex 64.4 90.4 4
      vertex 64.4 91 2.5
    endloop
  endfacet
  facet normal -1 -0 0
    outer loop
      vertex 64.4 90.4 4
      vertex 64.4 73.8 2.5
      vertex 64.4 73.8 4
    endloop
  endfacet
  facet normal -1 -0 0
    outer loop
      vertex 64.4 91 12.5
      vertex 64.4 90.4 4
      vertex 64.4 90.4 12.5
    endloop
  endfacet
  facet normal 0 -1 0
    outer loop
      vertex 42.2 91 2.5
      vertex 64.4 91 12.5
      vertex 42.2 91 12.5
    endloop
  endfacet
  facet normal 0 -1 -0
    outer loop
      vertex 64.4 91 12.5
      vertex 42.2 91 2.5
      vertex 64.4 91 2.5
    endloop
  endfacet
  facet normal -0 0 1
    outer loop
      vertex 42.2 91 2.5
      vertex 64.4 73.8 2.5
      vertex 64.4 91 2.5
    endloop
  endfacet
  facet normal 0 0 1
    outer loop
      vertex 64.4 73.8 2.5
      vertex 42.2 91 2.5
      vertex 42.2 73.8 2.5
    endloop
  endfacet
  facet normal 0 1 -0
    outer loop
      vertex 64.4 73.8 2.5
      vertex 42.2 73.8 4
      vertex 64.4 73.8 4
    endloop
  endfacet
  facet normal 0 1 0
    outer loop
      vertex 42.2 73.8 4
      vertex 64.4 73.8 2.5
      vertex 42.2 73.8 2.5
    endloop
  endfacet
  facet normal 0 -0.130473 -0.991452
    outer loop
      vertex 109.8 14.6 27.75
      vertex 112.4 15.4412 27.6393
      vertex 112.4 14.6 27.75
    endloop
  endfacet
  facet normal -0 -0.130473 -0.991452
    outer loop
      vertex 112.4 15.4412 27.6393
      vertex 109.8 14.6 27.75
      vertex 109.8 15.4412 27.6393
    endloop
  endfacet
  facet normal 0 -0.923863 0.382723
    outer loop
      vertex 109.8 17.4146 22.875
      vertex 112.4 17.7393 23.6588
      vertex 109.8 17.7393 23.6588
    endloop
  endfacet
  facet normal 0 -0.923863 0.382723
    outer loop
      vertex 112.4 17.7393 23.6588
      vertex 109.8 17.4146 22.875
      vertex 112.4 17.4146 22.875
    endloop
  endfacet
  facet normal -0 0.130473 0.991452
    outer loop
      vertex 109.8 14.6 21.25
      vertex 112.4 13.7588 21.3607
      vertex 112.4 14.6 21.25
    endloop
  endfacet
  facet normal 0 0.130473 0.991452
    outer loop
      vertex 112.4 13.7588 21.3607
      vertex 109.8 14.6 21.25
      vertex 109.8 13.7588 21.3607
    endloop
  endfacet
  facet normal 0 -0.923863 -0.382723
    outer loop
      vertex 109.8 17.7393 25.3412
      vertex 112.4 17.4146 26.125
      vertex 109.8 17.4146 26.125
    endloop
  endfacet
  facet normal 0 -0.923863 -0.382723
    outer loop
      vertex 112.4 17.4146 26.125
      vertex 109.8 17.7393 25.3412
      vertex 112.4 17.7393 25.3412
    endloop
  endfacet
  facet normal 0 -0.382723 -0.923863
    outer loop
      vertex 109.8 15.4412 27.6393
      vertex 112.4 16.225 27.3146
      vertex 112.4 15.4412 27.6393
    endloop
  endfacet
  facet normal -0 -0.382723 -0.923863
    outer loop
      vertex 112.4 16.225 27.3146
      vertex 109.8 15.4412 27.6393
      vertex 109.8 16.225 27.3146
    endloop
  endfacet
  facet normal 0 -0.793346 -0.60877
    outer loop
      vertex 109.8 17.4146 26.125
      vertex 112.4 16.8981 26.7981
      vertex 109.8 16.8981 26.7981
    endloop
  endfacet
  facet normal 0 -0.793346 -0.60877
    outer loop
      vertex 112.4 16.8981 26.7981
      vertex 109.8 17.4146 26.125
      vertex 112.4 17.4146 26.125
    endloop
  endfacet
  facet normal 0 0.793346 0.60877
    outer loop
      vertex 112.4 12.3019 22.2019
      vertex 109.8 11.7854 22.875
      vertex 112.4 11.7854 22.875
    endloop
  endfacet
  facet normal 0 0.793346 0.60877
    outer loop
      vertex 109.8 11.7854 22.875
      vertex 112.4 12.3019 22.2019
      vertex 109.8 12.3019 22.2019
    endloop
  endfacet
  facet normal 0 0.382723 -0.923863
    outer loop
      vertex 109.8 12.975 27.3146
      vertex 112.4 13.7588 27.6393
      vertex 112.4 12.975 27.3146
    endloop
  endfacet
  facet normal 0 0.382723 -0.923863
    outer loop
      vertex 112.4 13.7588 27.6393
      vertex 109.8 12.975 27.3146
      vertex 109.8 13.7588 27.6393
    endloop
  endfacet
  facet normal 0 0.60877 -0.793346
    outer loop
      vertex 109.8 12.3019 26.7981
      vertex 112.4 12.975 27.3146
      vertex 112.4 12.3019 26.7981
    endloop
  endfacet
  facet normal 0 0.60877 -0.793346
    outer loop
      vertex 112.4 12.975 27.3146
      vertex 109.8 12.3019 26.7981
      vertex 109.8 12.975 27.3146
    endloop
  endfacet
  facet normal 0 -0.60877 0.793346
    outer loop
      vertex 109.8 16.8981 22.2019
      vertex 112.4 16.225 21.6854
      vertex 112.4 16.8981 22.2019
    endloop
  endfacet
  facet normal 0 -0.60877 0.793346
    outer loop
      vertex 112.4 16.225 21.6854
      vertex 109.8 16.8981 22.2019
      vertex 109.8 16.225 21.6854
    endloop
  endfacet
  facet normal 0 -0.382723 0.923863
    outer loop
      vertex 109.8 16.225 21.6854
      vertex 112.4 15.4412 21.3607
      vertex 112.4 16.225 21.6854
    endloop
  endfacet
  facet normal 0 -0.382723 0.923863
    outer loop
      vertex 112.4 15.4412 21.3607
      vertex 109.8 16.225 21.6854
      vertex 109.8 15.4412 21.3607
    endloop
  endfacet
  facet normal 0 -0.793346 0.60877
    outer loop
      vertex 109.8 16.8981 22.2019
      vertex 112.4 17.4146 22.875
      vertex 109.8 17.4146 22.875
    endloop
  endfacet
  facet normal 0 -0.793346 0.60877
    outer loop
      vertex 112.4 17.4146 22.875
      vertex 109.8 16.8981 22.2019
      vertex 112.4 16.8981 22.2019
    endloop
  endfacet
  facet normal 0 -0.991452 -0.130473
    outer loop
      vertex 109.8 17.85 24.5
      vertex 112.4 17.7393 25.3412
      vertex 109.8 17.7393 25.3412
    endloop
  endfacet
  facet normal 0 -0.991452 -0.130473
    outer loop
      vertex 112.4 17.7393 25.3412
      vertex 109.8 17.85 24.5
      vertex 112.4 17.85 24.5
    endloop
  endfacet
  facet normal 0 -0.991452 0.130473
    outer loop
      vertex 109.8 17.7393 23.6588
      vertex 112.4 17.85 24.5
      vertex 109.8 17.85 24.5
    endloop
  endfacet
  facet normal 0 -0.991452 0.130473
    outer loop
      vertex 112.4 17.85 24.5
      vertex 109.8 17.7393 23.6588
      vertex 112.4 17.7393 23.6588
    endloop
  endfacet
  facet normal 0 -0.60877 -0.793346
    outer loop
      vertex 109.8 16.225 27.3146
      vertex 112.4 16.8981 26.7981
      vertex 112.4 16.225 27.3146
    endloop
  endfacet
  facet normal -0 -0.60877 -0.793346
    outer loop
      vertex 112.4 16.8981 26.7981
      vertex 109.8 16.225 27.3146
      vertex 109.8 16.8981 26.7981
    endloop
  endfacet
  facet normal 0 -0.130473 0.991452
    outer loop
      vertex 109.8 15.4412 21.3607
      vertex 112.4 14.6 21.25
      vertex 112.4 15.4412 21.3607
    endloop
  endfacet
  facet normal 0 -0.130473 0.991452
    outer loop
      vertex 112.4 14.6 21.25
      vertex 109.8 15.4412 21.3607
      vertex 109.8 14.6 21.25
    endloop
  endfacet
  facet normal 0 0.991452 0.130473
    outer loop
      vertex 112.4 11.4607 23.6588
      vertex 109.8 11.35 24.5
      vertex 112.4 11.35 24.5
    endloop
  endfacet
  facet normal 0 0.991452 0.130473
    outer loop
      vertex 109.8 11.35 24.5
      vertex 112.4 11.4607 23.6588
      vertex 109.8 11.4607 23.6588
    endloop
  endfacet
  facet normal 0 0.923863 0.382723
    outer loop
      vertex 112.4 11.7854 22.875
      vertex 109.8 11.4607 23.6588
      vertex 112.4 11.4607 23.6588
    endloop
  endfacet
  facet normal 0 0.923863 0.382723
    outer loop
      vertex 109.8 11.4607 23.6588
      vertex 112.4 11.7854 22.875
      vertex 109.8 11.7854 22.875
    endloop
  endfacet
  facet normal -0 0.60877 0.793346
    outer loop
      vertex 109.8 12.975 21.6854
      vertex 112.4 12.3019 22.2019
      vertex 112.4 12.975 21.6854
    endloop
  endfacet
  facet normal 0 0.60877 0.793346
    outer loop
      vertex 112.4 12.3019 22.2019
      vertex 109.8 12.975 21.6854
      vertex 109.8 12.3019 22.2019
    endloop
  endfacet
  facet normal 0 0.991452 -0.130473
    outer loop
      vertex 112.4 11.35 24.5
      vertex 109.8 11.4607 25.3412
      vertex 112.4 11.4607 25.3412
    endloop
  endfacet
  facet normal 0 0.991452 -0.130473
    outer loop
      vertex 109.8 11.4607 25.3412
      vertex 112.4 11.35 24.5
      vertex 109.8 11.35 24.5
    endloop
  endfacet
  facet normal 0 0.793346 -0.60877
    outer loop
      vertex 112.4 11.7854 26.125
      vertex 109.8 12.3019 26.7981
      vertex 112.4 12.3019 26.7981
    endloop
  endfacet
  facet normal 0 0.793346 -0.60877
    outer loop
      vertex 109.8 12.3019 26.7981
      vertex 112.4 11.7854 26.125
      vertex 109.8 11.7854 26.125
    endloop
  endfacet
  facet normal 0 0.130473 -0.991452
    outer loop
      vertex 109.8 13.7588 27.6393
      vertex 112.4 14.6 27.75
      vertex 112.4 13.7588 27.6393
    endloop
  endfacet
  facet normal 0 0.130473 -0.991452
    outer loop
      vertex 112.4 14.6 27.75
      vertex 109.8 13.7588 27.6393
      vertex 109.8 14.6 27.75
    endloop
  endfacet
  facet normal -0 0.382723 0.923863
    outer loop
      vertex 109.8 13.7588 21.3607
      vertex 112.4 12.975 21.6854
      vertex 112.4 13.7588 21.3607
    endloop
  endfacet
  facet normal 0 0.382723 0.923863
    outer loop
      vertex 112.4 12.975 21.6854
      vertex 109.8 13.7588 21.3607
      vertex 109.8 12.975 21.6854
    endloop
  endfacet
  facet normal 0 0.923863 -0.382723
    outer loop
      vertex 112.4 11.4607 25.3412
      vertex 109.8 11.7854 26.125
      vertex 112.4 11.7854 26.125
    endloop
  endfacet
  facet normal 0 0.923863 -0.382723
    outer loop
      vertex 109.8 11.7854 26.125
      vertex 112.4 11.4607 25.3412
      vertex 109.8 11.4607 25.3412
    endloop
  endfacet
  facet normal 0 -0.130473 0.991452
    outer loop
      vertex 109.8 29.4412 21.3607
      vertex 112.4 28.6 21.25
      vertex 112.4 29.4412 21.3607
    endloop
  endfacet
  facet normal 0 -0.130473 0.991452
    outer loop
      vertex 112.4 28.6 21.25
      vertex 109.8 29.4412 21.3607
      vertex 109.8 28.6 21.25
    endloop
  endfacet
  facet normal 0 -0.130473 -0.991452
    outer loop
      vertex 109.8 28.6 27.75
      vertex 112.4 29.4412 27.6393
      vertex 112.4 28.6 27.75
    endloop
  endfacet
  facet normal -0 -0.130473 -0.991452
    outer loop
      vertex 112.4 29.4412 27.6393
      vertex 109.8 28.6 27.75
      vertex 109.8 29.4412 27.6393
    endloop
  endfacet
  facet normal 0 -0.991452 -0.130473
    outer loop
      vertex 109.8 31.85 24.5
      vertex 112.4 31.7393 25.3412
      vertex 109.8 31.7393 25.3412
    endloop
  endfacet
  facet normal 0 -0.991452 -0.130473
    outer loop
      vertex 112.4 31.7393 25.3412
      vertex 109.8 31.85 24.5
      vertex 112.4 31.85 24.5
    endloop
  endfacet
  facet normal 0 0.991452 -0.130473
    outer loop
      vertex 112.4 25.35 24.5
      vertex 109.8 25.4607 25.3412
      vertex 112.4 25.4607 25.3412
    endloop
  endfacet
  facet normal 0 0.991452 -0.130473
    outer loop
      vertex 109.8 25.4607 25.3412
      vertex 112.4 25.35 24.5
      vertex 109.8 25.35 24.5
    endloop
  endfacet
  facet normal 0 0.60877 -0.793346
    outer loop
      vertex 109.8 26.3019 26.7981
      vertex 112.4 26.975 27.3146
      vertex 112.4 26.3019 26.7981
    endloop
  endfacet
  facet normal 0 0.60877 -0.793346
    outer loop
      vertex 112.4 26.975 27.3146
      vertex 109.8 26.3019 26.7981
      vertex 109.8 26.975 27.3146
    endloop
  endfacet
  facet normal 0 -0.923863 0.382723
    outer loop
      vertex 109.8 31.4146 22.875
      vertex 112.4 31.7393 23.6588
      vertex 109.8 31.7393 23.6588
    endloop
  endfacet
  facet normal 0 -0.923863 0.382723
    outer loop
      vertex 112.4 31.7393 23.6588
      vertex 109.8 31.4146 22.875
      vertex 112.4 31.4146 22.875
    endloop
  endfacet
  facet normal 0 -0.793346 -0.60877
    outer loop
      vertex 109.8 31.4146 26.125
      vertex 112.4 30.8981 26.7981
      vertex 109.8 30.8981 26.7981
    endloop
  endfacet
  facet normal 0 -0.793346 -0.60877
    outer loop
      vertex 112.4 30.8981 26.7981
      vertex 109.8 31.4146 26.125
      vertex 112.4 31.4146 26.125
    endloop
  endfacet
  facet normal 0 -0.923863 -0.382723
    outer loop
      vertex 109.8 31.7393 25.3412
      vertex 112.4 31.4146 26.125
      vertex 109.8 31.4146 26.125
    endloop
  endfacet
  facet normal 0 -0.923863 -0.382723
    outer loop
      vertex 112.4 31.4146 26.125
      vertex 109.8 31.7393 25.3412
      vertex 112.4 31.7393 25.3412
    endloop
  endfacet
  facet normal 0 0.793346 -0.60877
    outer loop
      vertex 112.4 25.7854 26.125
      vertex 109.8 26.3019 26.7981
      vertex 112.4 26.3019 26.7981
    endloop
  endfacet
  facet normal 0 0.793346 -0.60877
    outer loop
      vertex 109.8 26.3019 26.7981
      vertex 112.4 25.7854 26.125
      vertex 109.8 25.7854 26.125
    endloop
  endfacet
  facet normal 0 0.382723 -0.923863
    outer loop
      vertex 109.8 26.975 27.3146
      vertex 112.4 27.7588 27.6393
      vertex 112.4 26.975 27.3146
    endloop
  endfacet
  facet normal 0 0.382723 -0.923863
    outer loop
      vertex 112.4 27.7588 27.6393
      vertex 109.8 26.975 27.3146
      vertex 109.8 27.7588 27.6393
    endloop
  endfacet
  facet normal 0 -0.382723 0.923863
    outer loop
      vertex 109.8 30.225 21.6854
      vertex 112.4 29.4412 21.3607
      vertex 112.4 30.225 21.6854
    endloop
  endfacet
  facet normal 0 -0.382723 0.923863
    outer loop
      vertex 112.4 29.4412 21.3607
      vertex 109.8 30.225 21.6854
      vertex 109.8 29.4412 21.3607
    endloop
  endfacet
  facet normal 0 -0.793346 0.60877
    outer loop
      vertex 109.8 30.8981 22.2019
      vertex 112.4 31.4146 22.875
      vertex 109.8 31.4146 22.875
    endloop
  endfacet
  facet normal 0 -0.793346 0.60877
    outer loop
      vertex 112.4 31.4146 22.875
      vertex 109.8 30.8981 22.2019
      vertex 112.4 30.8981 22.2019
    endloop
  endfacet
  facet normal 0 -0.991452 0.130473
    outer loop
      vertex 109.8 31.7393 23.6588
      vertex 112.4 31.85 24.5
      vertex 109.8 31.85 24.5
    endloop
  endfacet
  facet normal 0 -0.991452 0.130473
    outer loop
      vertex 112.4 31.85 24.5
      vertex 109.8 31.7393 23.6588
      vertex 112.4 31.7393 23.6588
    endloop
  endfacet
  facet normal 0 -0.60877 -0.793346
    outer loop
      vertex 109.8 30.225 27.3146
      vertex 112.4 30.8981 26.7981
      vertex 112.4 30.225 27.3146
    endloop
  endfacet
  facet normal -0 -0.60877 -0.793346
    outer loop
      vertex 112.4 30.8981 26.7981
      vertex 109.8 30.225 27.3146
      vertex 109.8 30.8981 26.7981
    endloop
  endfacet
  facet normal 0 -0.382723 -0.923863
    outer loop
      vertex 109.8 29.4412 27.6393
      vertex 112.4 30.225 27.3146
      vertex 112.4 29.4412 27.6393
    endloop
  endfacet
  facet normal -0 -0.382723 -0.923863
    outer loop
      vertex 112.4 30.225 27.3146
      vertex 109.8 29.4412 27.6393
      vertex 109.8 30.225 27.3146
    endloop
  endfacet
  facet normal -0 0.130473 0.991452
    outer loop
      vertex 109.8 28.6 21.25
      vertex 112.4 27.7588 21.3607
      vertex 112.4 28.6 21.25
    endloop
  endfacet
  facet normal 0 0.130473 0.991452
    outer loop
      vertex 112.4 27.7588 21.3607
      vertex 109.8 28.6 21.25
      vertex 109.8 27.7588 21.3607
    endloop
  endfacet
  facet normal 0 0.991452 0.130473
    outer loop
      vertex 112.4 25.4607 23.6588
      vertex 109.8 25.35 24.5
      vertex 112.4 25.35 24.5
    endloop
  endfacet
  facet normal 0 0.991452 0.130473
    outer loop
      vertex 109.8 25.35 24.5
      vertex 112.4 25.4607 23.6588
      vertex 109.8 25.4607 23.6588
    endloop
  endfacet
  facet normal 0 0.793346 0.60877
    outer loop
      vertex 112.4 26.3019 22.2019
      vertex 109.8 25.7854 22.875
      vertex 112.4 25.7854 22.875
    endloop
  endfacet
  facet normal 0 0.793346 0.60877
    outer loop
      vertex 109.8 25.7854 22.875
      vertex 112.4 26.3019 22.2019
      vertex 109.8 26.3019 22.2019
    endloop
  endfacet
  facet normal -0 0.60877 0.793346
    outer loop
      vertex 109.8 26.975 21.6854
      vertex 112.4 26.3019 22.2019
      vertex 112.4 26.975 21.6854
    endloop
  endfacet
  facet normal 0 0.60877 0.793346
    outer loop
      vertex 112.4 26.3019 22.2019
      vertex 109.8 26.975 21.6854
      vertex 109.8 26.3019 22.2019
    endloop
  endfacet
  facet normal 0 0.923863 -0.382723
    outer loop
      vertex 112.4 25.4607 25.3412
      vertex 109.8 25.7854 26.125
      vertex 112.4 25.7854 26.125
    endloop
  endfacet
  facet normal 0 0.923863 -0.382723
    outer loop
      vertex 109.8 25.7854 26.125
      vertex 112.4 25.4607 25.3412
      vertex 109.8 25.4607 25.3412
    endloop
  endfacet
  facet normal 0 0.130473 -0.991452
    outer loop
      vertex 109.8 27.7588 27.6393
      vertex 112.4 28.6 27.75
      vertex 112.4 27.7588 27.6393
    endloop
  endfacet
  facet normal 0 0.130473 -0.991452
    outer loop
      vertex 112.4 28.6 27.75
      vertex 109.8 27.7588 27.6393
      vertex 109.8 28.6 27.75
    endloop
  endfacet
  facet normal 0 -0.60877 0.793346
    outer loop
      vertex 109.8 30.8981 22.2019
      vertex 112.4 30.225 21.6854
      vertex 112.4 30.8981 22.2019
    endloop
  endfacet
  facet normal 0 -0.60877 0.793346
    outer loop
      vertex 112.4 30.225 21.6854
      vertex 109.8 30.8981 22.2019
      vertex 109.8 30.225 21.6854
    endloop
  endfacet
  facet normal 0 0.923863 0.382723
    outer loop
      vertex 112.4 25.7854 22.875
      vertex 109.8 25.4607 23.6588
      vertex 112.4 25.4607 23.6588
    endloop
  endfacet
  facet normal 0 0.923863 0.382723
    outer loop
      vertex 109.8 25.4607 23.6588
      vertex 112.4 25.7854 22.875
      vertex 109.8 25.7854 22.875
    endloop
  endfacet
  facet normal -0 0.382723 0.923863
    outer loop
      vertex 109.8 27.7588 21.3607
      vertex 112.4 26.975 21.6854
      vertex 112.4 27.7588 21.3607
    endloop
  endfacet
  facet normal 0 0.382723 0.923863
    outer loop
      vertex 112.4 26.975 21.6854
      vertex 109.8 27.7588 21.3607
      vertex 109.8 26.975 21.6854
    endloop
  endfacet
  facet normal 0 -0.130473 -0.991452
    outer loop
      vertex 109.8 42.6 27.75
      vertex 112.4 43.4412 27.6393
      vertex 112.4 42.6 27.75
    endloop
  endfacet
  facet normal -0 -0.130473 -0.991452
    outer loop
      vertex 112.4 43.4412 27.6393
      vertex 109.8 42.6 27.75
      vertex 109.8 43.4412 27.6393
    endloop
  endfacet
  facet normal 0 -0.923863 0.382723
    outer loop
      vertex 109.8 45.4146 22.875
      vertex 112.4 45.7393 23.6588
      vertex 109.8 45.7393 23.6588
    endloop
  endfacet
  facet normal 0 -0.923863 0.382723
    outer loop
      vertex 112.4 45.7393 23.6588
      vertex 109.8 45.4146 22.875
      vertex 112.4 45.4146 22.875
    endloop
  endfacet
  facet normal -0 0.130473 0.991452
    outer loop
      vertex 109.8 42.6 21.25
      vertex 112.4 41.7588 21.3607
      vertex 112.4 42.6 21.25
    endloop
  endfacet
  facet normal 0 0.130473 0.991452
    outer loop
      vertex 112.4 41.7588 21.3607
      vertex 109.8 42.6 21.25
      vertex 109.8 41.7588 21.3607
    endloop
  endfacet
  facet normal 0 0.923863 -0.382723
    outer loop
      vertex 112.4 39.4607 25.3412
      vertex 109.8 39.7854 26.125
      vertex 112.4 39.7854 26.125
    endloop
  endfacet
  facet normal 0 0.923863 -0.382723
    outer loop
      vertex 109.8 39.7854 26.125
      vertex 112.4 39.4607 25.3412
      vertex 109.8 39.4607 25.3412
    endloop
  endfacet
  facet normal 0 -0.923863 -0.382723
    outer loop
      vertex 109.8 45.7393 25.3412
      vertex 112.4 45.4146 26.125
      vertex 109.8 45.4146 26.125
    endloop
  endfacet
  facet normal 0 -0.923863 -0.382723
    outer loop
      vertex 112.4 45.4146 26.125
      vertex 109.8 45.7393 25.3412
      vertex 112.4 45.7393 25.3412
    endloop
  endfacet
  facet normal 0 -0.382723 -0.923863
    outer loop
      vertex 109.8 43.4412 27.6393
      vertex 112.4 44.225 27.3146
      vertex 112.4 43.4412 27.6393
    endloop
  endfacet
  facet normal -0 -0.382723 -0.923863
    outer loop
      vertex 112.4 44.225 27.3146
      vertex 109.8 43.4412 27.6393
      vertex 109.8 44.225 27.3146
    endloop
  endfacet
  facet normal 0 -0.793346 -0.60877
    outer loop
      vertex 109.8 45.4146 26.125
      vertex 112.4 44.8981 26.7981
      vertex 109.8 44.8981 26.7981
    endloop
  endfacet
  facet normal 0 -0.793346 -0.60877
    outer loop
      vertex 112.4 44.8981 26.7981
      vertex 109.8 45.4146 26.125
      vertex 112.4 45.4146 26.125
    endloop
  endfacet
  facet normal 0 0.793346 0.60877
    outer loop
      vertex 112.4 40.3019 22.2019
      vertex 109.8 39.7854 22.875
      vertex 112.4 39.7854 22.875
    endloop
  endfacet
  facet normal 0 0.793346 0.60877
    outer loop
      vertex 109.8 39.7854 22.875
      vertex 112.4 40.3019 22.2019
      vertex 109.8 40.3019 22.2019
    endloop
  endfacet
  facet normal 0 0.382723 -0.923863
    outer loop
      vertex 109.8 40.975 27.3146
      vertex 112.4 41.7588 27.6393
      vertex 112.4 40.975 27.3146
    endloop
  endfacet
  facet normal 0 0.382723 -0.923863
    outer loop
      vertex 112.4 41.7588 27.6393
      vertex 109.8 40.975 27.3146
      vertex 109.8 41.7588 27.6393
    endloop
  endfacet
  facet normal 0 0.793346 -0.60877
    outer loop
      vertex 112.4 39.7854 26.125
      vertex 109.8 40.3019 26.7981
      vertex 112.4 40.3019 26.7981
    endloop
  endfacet
  facet normal 0 0.793346 -0.60877
    outer loop
      vertex 109.8 40.3019 26.7981
      vertex 112.4 39.7854 26.125
      vertex 109.8 39.7854 26.125
    endloop
  endfacet
  facet normal 0 0.60877 -0.793346
    outer loop
      vertex 109.8 40.3019 26.7981
      vertex 112.4 40.975 27.3146
      vertex 112.4 40.3019 26.7981
    endloop
  endfacet
  facet normal 0 0.60877 -0.793346
    outer loop
      vertex 112.4 40.975 27.3146
      vertex 109.8 40.3019 26.7981
      vertex 109.8 40.975 27.3146
    endloop
  endfacet
  facet normal 0 -0.60877 0.793346
    outer loop
      vertex 109.8 44.8981 22.2019
      vertex 112.4 44.225 21.6854
      vertex 112.4 44.8981 22.2019
    endloop
  endfacet
  facet normal 0 -0.60877 0.793346
    outer loop
      vertex 112.4 44.225 21.6854
      vertex 109.8 44.8981 22.2019
      vertex 109.8 44.225 21.6854
    endloop
  endfacet
  facet normal 0 -0.382723 0.923863
    outer loop
      vertex 109.8 44.225 21.6854
      vertex 112.4 43.4412 21.3607
      vertex 112.4 44.225 21.6854
    endloop
  endfacet
  facet normal 0 -0.382723 0.923863
    outer loop
      vertex 112.4 43.4412 21.3607
      vertex 109.8 44.225 21.6854
      vertex 109.8 43.4412 21.3607
    endloop
  endfacet
  facet normal 0 -0.793346 0.60877
    outer loop
      vertex 109.8 44.8981 22.2019
      vertex 112.4 45.4146 22.875
      vertex 109.8 45.4146 22.875
    endloop
  endfacet
  facet normal 0 -0.793346 0.60877
    outer loop
      vertex 112.4 45.4146 22.875
      vertex 109.8 44.8981 22.2019
      vertex 112.4 44.8981 22.2019
    endloop
  endfacet
  facet normal 0 -0.991452 -0.130473
    outer loop
      vertex 109.8 45.85 24.5
      vertex 112.4 45.7393 25.3412
      vertex 109.8 45.7393 25.3412
    endloop
  endfacet
  facet normal 0 -0.991452 -0.130473
    outer loop
      vertex 112.4 45.7393 25.3412
      vertex 109.8 45.85 24.5
      vertex 112.4 45.85 24.5
    endloop
  endfacet
  facet normal 0 -0.991452 0.130473
    outer loop
      vertex 109.8 45.7393 23.6588
      vertex 112.4 45.85 24.5
      vertex 109.8 45.85 24.5
    endloop
  endfacet
  facet normal 0 -0.991452 0.130473
    outer loop
      vertex 112.4 45.85 24.5
      vertex 109.8 45.7393 23.6588
      vertex 112.4 45.7393 23.6588
    endloop
  endfacet
  facet normal 0 -0.60877 -0.793346
    outer loop
      vertex 109.8 44.225 27.3146
      vertex 112.4 44.8981 26.7981
      vertex 112.4 44.225 27.3146
    endloop
  endfacet
  facet normal -0 -0.60877 -0.793346
    outer loop
      vertex 112.4 44.8981 26.7981
      vertex 109.8 44.225 27.3146
      vertex 109.8 44.8981 26.7981
    endloop
  endfacet
  facet normal 0 -0.130473 0.991452
    outer loop
      vertex 109.8 43.4412 21.3607
      vertex 112.4 42.6 21.25
      vertex 112.4 43.4412 21.3607
    endloop
  endfacet
  facet normal 0 -0.130473 0.991452
    outer loop
      vertex 112.4 42.6 21.25
      vertex 109.8 43.4412 21.3607
      vertex 109.8 42.6 21.25
    endloop
  endfacet
  facet normal 0 0.991452 0.130473
    outer loop
      vertex 112.4 39.4607 23.6588
      vertex 109.8 39.35 24.5
      vertex 112.4 39.35 24.5
    endloop
  endfacet
  facet normal 0 0.991452 0.130473
    outer loop
      vertex 109.8 39.35 24.5
      vertex 112.4 39.4607 23.6588
      vertex 109.8 39.4607 23.6588
    endloop
  endfacet
  facet normal 0 0.923863 0.382723
    outer loop
      vertex 112.4 39.7854 22.875
      vertex 109.8 39.4607 23.6588
      vertex 112.4 39.4607 23.6588
    endloop
  endfacet
  facet normal 0 0.923863 0.382723
    outer loop
      vertex 109.8 39.4607 23.6588
      vertex 112.4 39.7854 22.875
      vertex 109.8 39.7854 22.875
    endloop
  endfacet
  facet normal -0 0.60877 0.793346
    outer loop
      vertex 109.8 40.975 21.6854
      vertex 112.4 40.3019 22.2019
      vertex 112.4 40.975 21.6854
    endloop
  endfacet
  facet normal 0 0.60877 0.793346
    outer loop
      vertex 112.4 40.3019 22.2019
      vertex 109.8 40.975 21.6854
      vertex 109.8 40.3019 22.2019
    endloop
  endfacet
  facet normal 0 0.991452 -0.130473
    outer loop
      vertex 112.4 39.35 24.5
      vertex 109.8 39.4607 25.3412
      vertex 112.4 39.4607 25.3412
    endloop
  endfacet
  facet normal 0 0.991452 -0.130473
    outer loop
      vertex 109.8 39.4607 25.3412
      vertex 112.4 39.35 24.5
      vertex 109.8 39.35 24.5
    endloop
  endfacet
  facet normal 0 0.130473 -0.991452
    outer loop
      vertex 109.8 41.7588 27.6393
      vertex 112.4 42.6 27.75
      vertex 112.4 41.7588 27.6393
    endloop
  endfacet
  facet normal 0 0.130473 -0.991452
    outer loop
      vertex 112.4 42.6 27.75
      vertex 109.8 41.7588 27.6393
      vertex 109.8 42.6 27.75
    endloop
  endfacet
  facet normal -0 0.382723 0.923863
    outer loop
      vertex 109.8 41.7588 21.3607
      vertex 112.4 40.975 21.6854
      vertex 112.4 41.7588 21.3607
    endloop
  endfacet
  facet normal 0 0.382723 0.923863
    outer loop
      vertex 112.4 40.975 21.6854
      vertex 109.8 41.7588 21.3607
      vertex 109.8 40.975 21.6854
    endloop
  endfacet
  facet normal 1 -0 0
    outer loop
      vertex -10.5 16.25 4
      vertex -10.5 30.25 0
      vertex -10.5 30.25 4
    endloop
  endfacet
  facet normal 1 0 0
    outer loop
      vertex -10.5 30.25 0
      vertex -10.5 16.25 4
      vertex -10.5 16.25 0
    endloop
  endfacet
  facet normal -1 0 0
    outer loop
      vertex -5.5 16.25 0
      vertex -5.5 30.25 4
      vertex -5.5 30.25 0
    endloop
  endfacet
  facet normal -1 -0 0
    outer loop
      vertex -5.5 30.25 4
      vertex -5.5 16.25 0
      vertex -5.5 16.25 4
    endloop
  endfacet
  facet normal 0 1 -0
    outer loop
      vertex -5.5 16.25 0
      vertex -10.5 16.25 4
      vertex -5.5 16.25 4
    endloop
  endfacet
  facet normal 0 1 0
    outer loop
      vertex -10.5 16.25 4
      vertex -5.5 16.25 0
      vertex -10.5 16.25 0
    endloop
  endfacet
  facet normal 0 -1 0
    outer loop
      vertex -10.5 30.25 0
      vertex -5.5 30.25 4
      vertex -10.5 30.25 4
    endloop
  endfacet
  facet normal 0 -1 -0
    outer loop
      vertex -5.5 30.25 4
      vertex -10.5 30.25 0
      vertex -5.5 30.25 0
    endloop
  endfacet
  facet normal 1 -0 0
    outer loop
      vertex -10.5 62.75 4
      vertex -10.5 76.75 0
      vertex -10.5 76.75 4
    endloop
  endfacet
  facet normal 1 0 0
    outer loop
      vertex -10.5 76.75 0
      vertex -10.5 62.75 4
      vertex -10.5 62.75 0
    endloop
  endfacet
  facet normal -1 0 0
    outer loop
      vertex -5.5 62.75 0
      vertex -5.5 76.75 4
      vertex -5.5 76.75 0
    endloop
  endfacet
  facet normal -1 -0 0
    outer loop
      vertex -5.5 76.75 4
      vertex -5.5 62.75 0
      vertex -5.5 62.75 4
    endloop
  endfacet
  facet normal 0 1 -0
    outer loop
      vertex -5.5 62.75 0
      vertex -10.5 62.75 4
      vertex -5.5 62.75 4
    endloop
  endfacet
  facet normal 0 1 0
    outer loop
      vertex -10.5 62.75 4
      vertex -5.5 62.75 0
      vertex -10.5 62.75 0
    endloop
  endfacet
  facet normal 0 -1 0
    outer loop
      vertex -10.5 76.75 0
      vertex -5.5 76.75 4
      vertex -10.5 76.75 4
    endloop
  endfacet
  facet normal 0 -1 -0
    outer loop
      vertex -5.5 76.75 4
      vertex -10.5 76.75 0
      vertex -5.5 76.75 0
    endloop
  endfacet
  facet normal 1 -0 0
    outer loop
      vertex 117.9 16.25 4
      vertex 117.9 30.25 0
      vertex 117.9 30.25 4
    endloop
  endfacet
  facet normal 1 0 0
    outer loop
      vertex 117.9 30.25 0
      vertex 117.9 16.25 4
      vertex 117.9 16.25 0
    endloop
  endfacet
  facet normal -1 0 0
    outer loop
      vertex 122.9 16.25 0
      vertex 122.9 30.25 4
      vertex 122.9 30.25 0
    endloop
  endfacet
  facet normal -1 -0 0
    outer loop
      vertex 122.9 30.25 4
      vertex 122.9 16.25 0
      vertex 122.9 16.25 4
    endloop
  endfacet
  facet normal 0 -1 0
    outer loop
      vertex 117.9 30.25 0
      vertex 122.9 30.25 4
      vertex 117.9 30.25 4
    endloop
  endfacet
  facet normal 0 -1 -0
    outer loop
      vertex 122.9 30.25 4
      vertex 117.9 30.25 0
      vertex 122.9 30.25 0
    endloop
  endfacet
  facet normal 0 1 -0
    outer loop
      vertex 122.9 16.25 0
      vertex 117.9 16.25 4
      vertex 122.9 16.25 4
    endloop
  endfacet
  facet normal 0 1 0
    outer loop
      vertex 117.9 16.25 4
      vertex 122.9 16.25 0
      vertex 117.9 16.25 0
    endloop
  endfacet
  facet normal 1 -0 0
    outer loop
      vertex 117.9 62.75 4
      vertex 117.9 76.75 0
      vertex 117.9 76.75 4
    endloop
  endfacet
  facet normal 1 0 0
    outer loop
      vertex 117.9 76.75 0
      vertex 117.9 62.75 4
      vertex 117.9 62.75 0
    endloop
  endfacet
  facet normal -1 0 0
    outer loop
      vertex 122.9 62.75 0
      vertex 122.9 76.75 4
      vertex 122.9 76.75 0
    endloop
  endfacet
  facet normal -1 -0 0
    outer loop
      vertex 122.9 76.75 4
      vertex 122.9 62.75 0
      vertex 122.9 62.75 4
    endloop
  endfacet
  facet normal 0 1 -0
    outer loop
      vertex 122.9 62.75 0
      vertex 117.9 62.75 4
      vertex 122.9 62.75 4
    endloop
  endfacet
  facet normal 0 1 0
    outer loop
      vertex 117.9 62.75 4
      vertex 122.9 62.75 0
      vertex 117.9 62.75 0
    endloop
  endfacet
  facet normal 0 -1 0
    outer loop
      vertex 117.9 76.75 0
      vertex 122.9 76.75 4
      vertex 117.9 76.75 4
    endloop
  endfacet
  facet normal 0 -1 -0
    outer loop
      vertex 122.9 76.75 4
      vertex 117.9 76.75 0
      vertex 122.9 76.75 0
    endloop
  endfacet
  facet normal -0.79336 -0.608753 0
    outer loop
      vertex -5.66173 47.85 0
      vertex -6.09081 48.4092 4
      vertex -6.09081 48.4092 0
    endloop
  endfacet
  facet normal -0.79336 -0.608753 0
    outer loop
      vertex -6.09081 48.4092 4
      vertex -5.66173 47.85 0
      vertex -5.66173 47.85 4
    endloop
  endfacet
  facet normal -0.991445 -0.130528 0
    outer loop
      vertex -5.3 46.5 0
      vertex -5.392 47.1988 4
      vertex -5.392 47.1988 0
    endloop
  endfacet
  facet normal -0.991445 -0.130528 0
    outer loop
      vertex -5.392 47.1988 4
      vertex -5.3 46.5 0
      vertex -5.3 46.5 4
    endloop
  endfacet
  facet normal 0.130526 -0.991445 0
    outer loop
      vertex -8.69881 49.108 0
      vertex -8 49.2 4
      vertex -8.69881 49.108 4
    endloop
  endfacet
  facet normal 0.130526 -0.991445 0
    outer loop
      vertex -8 49.2 4
      vertex -8.69881 49.108 0
      vertex -8 49.2 0
    endloop
  endfacet
  facet normal 0.991445 0.130528 0
    outer loop
      vertex -10.608 45.8012 4
      vertex -10.7 46.5 0
      vertex -10.7 46.5 4
    endloop
  endfacet
  facet normal 0.991445 0.130528 0
    outer loop
      vertex -10.7 46.5 0
      vertex -10.608 45.8012 4
      vertex -10.608 45.8012 0
    endloop
  endfacet
  facet normal -0.608778 -0.793341 0
    outer loop
      vertex -6.65 48.8383 0
      vertex -6.09081 48.4092 4
      vertex -6.65 48.8383 4
    endloop
  endfacet
  facet normal -0.608778 -0.793341 -0
    outer loop
      vertex -6.09081 48.4092 4
      vertex -6.65 48.8383 0
      vertex -6.09081 48.4092 0
    endloop
  endfacet
  facet normal -0.130526 -0.991445 0
    outer loop
      vertex -8 49.2 0
      vertex -7.30119 49.108 4
      vertex -8 49.2 4
    endloop
  endfacet
  facet normal -0.130526 -0.991445 -0
    outer loop
      vertex -7.30119 49.108 4
      vertex -8 49.2 0
      vertex -7.30119 49.108 0
    endloop
  endfacet
  facet normal 0.608778 -0.793341 0
    outer loop
      vertex -9.90919 48.4092 0
      vertex -9.35 48.8383 4
      vertex -9.90919 48.4092 4
    endloop
  endfacet
  facet normal 0.608778 -0.793341 0
    outer loop
      vertex -9.35 48.8383 4
      vertex -9.90919 48.4092 0
      vertex -9.35 48.8383 0
    endloop
  endfacet
  facet normal 0.991445 -0.130528 0
    outer loop
      vertex -10.7 46.5 4
      vertex -10.608 47.1988 0
      vertex -10.608 47.1988 4
    endloop
  endfacet
  facet normal 0.991445 -0.130528 0
    outer loop
      vertex -10.608 47.1988 0
      vertex -10.7 46.5 4
      vertex -10.7 46.5 0
    endloop
  endfacet
  facet normal 0.793339 -0.60878 0
    outer loop
      vertex -10.3383 47.85 4
      vertex -9.90919 48.4092 0
      vertex -9.90919 48.4092 4
    endloop
  endfacet
  facet normal 0.793339 -0.60878 0
    outer loop
      vertex -9.90919 48.4092 0
      vertex -10.3383 47.85 4
      vertex -10.3383 47.85 0
    endloop
  endfacet
  facet normal -0.382645 -0.923895 0
    outer loop
      vertex -7.30119 49.108 0
      vertex -6.65 48.8383 4
      vertex -7.30119 49.108 4
    endloop
  endfacet
  facet normal -0.382645 -0.923895 -0
    outer loop
      vertex -6.65 48.8383 4
      vertex -7.30119 49.108 0
      vertex -6.65 48.8383 0
    endloop
  endfacet
  facet normal 0.923898 -0.38264 0
    outer loop
      vertex -10.608 47.1988 4
      vertex -10.3383 47.85 0
      vertex -10.3383 47.85 4
    endloop
  endfacet
  facet normal 0.923898 -0.38264 0
    outer loop
      vertex -10.3383 47.85 0
      vertex -10.608 47.1988 4
      vertex -10.608 47.1988 0
    endloop
  endfacet
  facet normal 0.382645 -0.923895 0
    outer loop
      vertex -9.35 48.8383 0
      vertex -8.69881 49.108 4
      vertex -9.35 48.8383 4
    endloop
  endfacet
  facet normal 0.382645 -0.923895 0
    outer loop
      vertex -8.69881 49.108 4
      vertex -9.35 48.8383 0
      vertex -8.69881 49.108 0
    endloop
  endfacet
  facet normal -0.923882 0.382676 0
    outer loop
      vertex -5.66173 45.15 0
      vertex -5.392 45.8012 4
      vertex -5.392 45.8012 0
    endloop
  endfacet
  facet normal -0.923882 0.382676 0
    outer loop
      vertex -5.392 45.8012 4
      vertex -5.66173 45.15 0
      vertex -5.66173 45.15 4
    endloop
  endfacet
  facet normal 0.923898 0.38264 0
    outer loop
      vertex -10.3383 45.15 4
      vertex -10.608 45.8012 0
      vertex -10.608 45.8012 4
    endloop
  endfacet
  facet normal 0.923898 0.38264 0
    outer loop
      vertex -10.608 45.8012 0
      vertex -10.3383 45.15 4
      vertex -10.3383 45.15 0
    endloop
  endfacet
  facet normal -0.79336 0.608753 0
    outer loop
      vertex -6.09081 44.5908 0
      vertex -5.66173 45.15 4
      vertex -5.66173 45.15 0
    endloop
  endfacet
  facet normal -0.79336 0.608753 0
    outer loop
      vertex -5.66173 45.15 4
      vertex -6.09081 44.5908 0
      vertex -6.09081 44.5908 4
    endloop
  endfacet
  facet normal -0.991445 0.130528 0
    outer loop
      vertex -5.392 45.8012 0
      vertex -5.3 46.5 4
      vertex -5.3 46.5 0
    endloop
  endfacet
  facet normal -0.991445 0.130528 0
    outer loop
      vertex -5.3 46.5 4
      vertex -5.392 45.8012 0
      vertex -5.392 45.8012 4
    endloop
  endfacet
  facet normal -0.923882 -0.382676 0
    outer loop
      vertex -5.392 47.1988 0
      vertex -5.66173 47.85 4
      vertex -5.66173 47.85 0
    endloop
  endfacet
  facet normal -0.923882 -0.382676 0
    outer loop
      vertex -5.66173 47.85 4
      vertex -5.392 47.1988 0
      vertex -5.392 47.1988 4
    endloop
  endfacet
  facet normal 0.608778 0.793341 -0
    outer loop
      vertex -9.35 44.1617 0
      vertex -9.90919 44.5908 4
      vertex -9.35 44.1617 4
    endloop
  endfacet
  facet normal 0.608778 0.793341 0
    outer loop
      vertex -9.90919 44.5908 4
      vertex -9.35 44.1617 0
      vertex -9.90919 44.5908 0
    endloop
  endfacet
  facet normal -0.130526 0.991445 0
    outer loop
      vertex -7.30119 43.892 0
      vertex -8 43.8 4
      vertex -7.30119 43.892 4
    endloop
  endfacet
  facet normal -0.130526 0.991445 0
    outer loop
      vertex -8 43.8 4
      vertex -7.30119 43.892 0
      vertex -8 43.8 0
    endloop
  endfacet
  facet normal -0.382645 0.923895 0
    outer loop
      vertex -6.65 44.1617 0
      vertex -7.30119 43.892 4
      vertex -6.65 44.1617 4
    endloop
  endfacet
  facet normal -0.382645 0.923895 0
    outer loop
      vertex -7.30119 43.892 4
      vertex -6.65 44.1617 0
      vertex -7.30119 43.892 0
    endloop
  endfacet
  facet normal -0.608778 0.793341 0
    outer loop
      vertex -6.09081 44.5908 0
      vertex -6.65 44.1617 4
      vertex -6.09081 44.5908 4
    endloop
  endfacet
  facet normal -0.608778 0.793341 0
    outer loop
      vertex -6.65 44.1617 4
      vertex -6.09081 44.5908 0
      vertex -6.65 44.1617 0
    endloop
  endfacet
  facet normal 0.793339 0.60878 0
    outer loop
      vertex -9.90919 44.5908 4
      vertex -10.3383 45.15 0
      vertex -10.3383 45.15 4
    endloop
  endfacet
  facet normal 0.793339 0.60878 0
    outer loop
      vertex -10.3383 45.15 0
      vertex -9.90919 44.5908 4
      vertex -9.90919 44.5908 0
    endloop
  endfacet
  facet normal 0.382645 0.923895 -0
    outer loop
      vertex -8.69881 43.892 0
      vertex -9.35 44.1617 4
      vertex -8.69881 43.892 4
    endloop
  endfacet
  facet normal 0.382645 0.923895 0
    outer loop
      vertex -9.35 44.1617 4
      vertex -8.69881 43.892 0
      vertex -9.35 44.1617 0
    endloop
  endfacet
  facet normal 0.130526 0.991445 -0
    outer loop
      vertex -8 43.8 0
      vertex -8.69881 43.892 4
      vertex -8 43.8 4
    endloop
  endfacet
  facet normal 0.130526 0.991445 0
    outer loop
      vertex -8.69881 43.892 4
      vertex -8 43.8 0
      vertex -8.69881 43.892 0
    endloop
  endfacet
  facet normal -0.793414 -0.608682 0
    outer loop
      vertex 122.738 47.85 0
      vertex 122.309 48.4092 4
      vertex 122.309 48.4092 0
    endloop
  endfacet
  facet normal -0.793414 -0.608682 0
    outer loop
      vertex 122.309 48.4092 4
      vertex 122.738 47.85 0
      vertex 122.738 47.85 4
    endloop
  endfacet
  facet normal 0.130491 -0.991449 0
    outer loop
      vertex 119.701 49.108 0
      vertex 120.4 49.2 4
      vertex 119.701 49.108 4
    endloop
  endfacet
  facet normal 0.130491 -0.991449 0
    outer loop
      vertex 120.4 49.2 4
      vertex 119.701 49.108 0
      vertex 120.4 49.2 0
    endloop
  endfacet
  facet normal -0.608908 -0.793241 0
    outer loop
      vertex 121.75 48.8383 0
      vertex 122.309 48.4092 4
      vertex 121.75 48.8383 4
    endloop
  endfacet
  facet normal -0.608908 -0.793241 -0
    outer loop
      vertex 122.309 48.4092 4
      vertex 121.75 48.8383 0
      vertex 122.309 48.4092 0
    endloop
  endfacet
  facet normal -0.130491 -0.991449 0
    outer loop
      vertex 120.4 49.2 0
      vertex 121.099 49.108 4
      vertex 120.4 49.2 4
    endloop
  endfacet
  facet normal -0.130491 -0.991449 -0
    outer loop
      vertex 121.099 49.108 4
      vertex 120.4 49.2 0
      vertex 121.099 49.108 0
    endloop
  endfacet
  facet normal 0.38274 -0.923856 0
    outer loop
      vertex 119.05 48.8383 0
      vertex 119.701 49.108 4
      vertex 119.05 48.8383 4
    endloop
  endfacet
  facet normal 0.38274 -0.923856 0
    outer loop
      vertex 119.701 49.108 4
      vertex 119.05 48.8383 0
      vertex 119.701 49.108 0
    endloop
  endfacet
  facet normal 0.923747 -0.383003 0
    outer loop
      vertex 117.792 47.1988 4
      vertex 118.062 47.85 0
      vertex 118.062 47.85 4
    endloop
  endfacet
  facet normal 0.923747 -0.383003 0
    outer loop
      vertex 118.062 47.85 0
      vertex 117.792 47.1988 4
      vertex 117.792 47.1988 0
    endloop
  endfacet
  facet normal -0.991445 0.130528 0
    outer loop
      vertex 123.008 45.8012 0
      vertex 123.1 46.5 4
      vertex 123.1 46.5 0
    endloop
  endfacet
  facet normal -0.991445 0.130528 0
    outer loop
      vertex 123.1 46.5 4
      vertex 123.008 45.8012 0
      vertex 123.008 45.8012 4
    endloop
  endfacet
  facet normal -0.923747 -0.383003 0
    outer loop
      vertex 123.008 47.1988 0
      vertex 122.738 47.85 4
      vertex 122.738 47.85 0
    endloop
  endfacet
  facet normal -0.923747 -0.383003 0
    outer loop
      vertex 122.738 47.85 4
      vertex 123.008 47.1988 0
      vertex 123.008 47.1988 4
    endloop
  endfacet
  facet normal -0.38274 -0.923856 0
    outer loop
      vertex 121.099 49.108 0
      vertex 121.75 48.8383 4
      vertex 121.099 49.108 4
    endloop
  endfacet
  facet normal -0.38274 -0.923856 -0
    outer loop
      vertex 121.75 48.8383 4
      vertex 121.099 49.108 0
      vertex 121.75 48.8383 0
    endloop
  endfacet
  facet normal 0.991445 0.130528 0
    outer loop
      vertex 117.792 45.8012 4
      vertex 117.7 46.5 0
      vertex 117.7 46.5 4
    endloop
  endfacet
  facet normal 0.991445 0.130528 0
    outer loop
      vertex 117.7 46.5 0
      vertex 117.792 45.8012 4
      vertex 117.792 45.8012 0
    endloop
  endfacet
  facet normal 0.608908 -0.793241 0
    outer loop
      vertex 118.491 48.4092 0
      vertex 119.05 48.8383 4
      vertex 118.491 48.4092 4
    endloop
  endfacet
  facet normal 0.608908 -0.793241 0
    outer loop
      vertex 119.05 48.8383 4
      vertex 118.491 48.4092 0
      vertex 119.05 48.8383 0
    endloop
  endfacet
  facet normal 0.793414 -0.608682 0
    outer loop
      vertex 118.062 47.85 4
      vertex 118.491 48.4092 0
      vertex 118.491 48.4092 4
    endloop
  endfacet
  facet normal 0.793414 -0.608682 0
    outer loop
      vertex 118.491 48.4092 0
      vertex 118.062 47.85 4
      vertex 118.062 47.85 0
    endloop
  endfacet
  facet normal -0.991445 -0.130528 0
    outer loop
      vertex 123.1 46.5 0
      vertex 123.008 47.1988 4
      vertex 123.008 47.1988 0
    endloop
  endfacet
  facet normal -0.991445 -0.130528 0
    outer loop
      vertex 123.008 47.1988 4
      vertex 123.1 46.5 0
      vertex 123.1 46.5 4
    endloop
  endfacet
  facet normal 0.923747 0.383003 0
    outer loop
      vertex 118.062 45.15 4
      vertex 117.792 45.8012 0
      vertex 117.792 45.8012 4
    endloop
  endfacet
  facet normal 0.923747 0.383003 0
    outer loop
      vertex 117.792 45.8012 0
      vertex 118.062 45.15 4
      vertex 118.062 45.15 0
    endloop
  endfacet
  facet normal -0.38274 0.923856 0
    outer loop
      vertex 121.75 44.1617 0
      vertex 121.099 43.892 4
      vertex 121.75 44.1617 4
    endloop
  endfacet
  facet normal -0.38274 0.923856 0
    outer loop
      vertex 121.099 43.892 4
      vertex 121.75 44.1617 0
      vertex 121.099 43.892 0
    endloop
  endfacet
  facet normal 0.991445 -0.130528 0
    outer loop
      vertex 117.7 46.5 4
      vertex 117.792 47.1988 0
      vertex 117.792 47.1988 4
    endloop
  endfacet
  facet normal 0.991445 -0.130528 0
    outer loop
      vertex 117.792 47.1988 0
      vertex 117.7 46.5 4
      vertex 117.7 46.5 0
    endloop
  endfacet
  facet normal 0.608908 0.793241 -0
    outer loop
      vertex 119.05 44.1617 0
      vertex 118.491 44.5908 4
      vertex 119.05 44.1617 4
    endloop
  endfacet
  facet normal 0.608908 0.793241 0
    outer loop
      vertex 118.491 44.5908 4
      vertex 119.05 44.1617 0
      vertex 118.491 44.5908 0
    endloop
  endfacet
  facet normal -0.130491 0.991449 0
    outer loop
      vertex 121.099 43.892 0
      vertex 120.4 43.8 4
      vertex 121.099 43.892 4
    endloop
  endfacet
  facet normal -0.130491 0.991449 0
    outer loop
      vertex 120.4 43.8 4
      vertex 121.099 43.892 0
      vertex 120.4 43.8 0
    endloop
  endfacet
  facet normal -0.793414 0.608682 0
    outer loop
      vertex 122.309 44.5908 0
      vertex 122.738 45.15 4
      vertex 122.738 45.15 0
    endloop
  endfacet
  facet normal -0.793414 0.608682 0
    outer loop
      vertex 122.738 45.15 4
      vertex 122.309 44.5908 0
      vertex 122.309 44.5908 4
    endloop
  endfacet
  facet normal -0.608908 0.793241 0
    outer loop
      vertex 122.309 44.5908 0
      vertex 121.75 44.1617 4
      vertex 122.309 44.5908 4
    endloop
  endfacet
  facet normal -0.608908 0.793241 0
    outer loop
      vertex 121.75 44.1617 4
      vertex 122.309 44.5908 0
      vertex 121.75 44.1617 0
    endloop
  endfacet
  facet normal -0.923747 0.383003 0
    outer loop
      vertex 122.738 45.15 0
      vertex 123.008 45.8012 4
      vertex 123.008 45.8012 0
    endloop
  endfacet
  facet normal -0.923747 0.383003 0
    outer loop
      vertex 123.008 45.8012 4
      vertex 122.738 45.15 0
      vertex 122.738 45.15 4
    endloop
  endfacet
  facet normal 0.793414 0.608682 0
    outer loop
      vertex 118.491 44.5908 4
      vertex 118.062 45.15 0
      vertex 118.062 45.15 4
    endloop
  endfacet
  facet normal 0.793414 0.608682 0
    outer loop
      vertex 118.062 45.15 0
      vertex 118.491 44.5908 4
      vertex 118.491 44.5908 0
    endloop
  endfacet
  facet normal 0.130491 0.991449 -0
    outer loop
      vertex 120.4 43.8 0
      vertex 119.701 43.892 4
      vertex 120.4 43.8 4
    endloop
  endfacet
  facet normal 0.130491 0.991449 0
    outer loop
      vertex 119.701 43.892 4
      vertex 120.4 43.8 0
      vertex 119.701 43.892 0
    endloop
  endfacet
  facet normal 0.38274 0.923856 -0
    outer loop
      vertex 119.701 43.892 0
      vertex 119.05 44.1617 4
      vertex 119.701 43.892 4
    endloop
  endfacet
  facet normal 0.38274 0.923856 0
    outer loop
      vertex 119.05 44.1617 4
      vertex 119.701 43.892 0
      vertex 119.05 44.1617 0
    endloop
  endfacet
  facet normal 1 0 0
    outer loop
      vertex 2.6 90.4 32.5
      vertex 2.6 90.0048 29.5
      vertex 2.6 90.4 4
    endloop
  endfacet
  facet normal 1 0 0
    outer loop
      vertex 2.6 90.4 32.5
      vertex 2.6 84.7952 29.5
      vertex 2.6 90.0048 29.5
    endloop
  endfacet
  facet normal 1 0 0
    outer loop
      vertex 2.6 84.7952 29.5
      vertex 2.6 40.2 19
      vertex 2.6 84.7952 4
    endloop
  endfacet
  facet normal 1 0 0
    outer loop
      vertex 2.6 8.20483 29.5
      vertex 2.6 84.7952 29.5
      vertex 2.6 90.4 32.5
    endloop
  endfacet
  facet normal 1 0 0
    outer loop
      vertex 2.6 84.7952 29.5
      vertex 2.6 8.20483 29.5
      vertex 2.6 40.2 19
    endloop
  endfacet
  facet normal 1 0 0
    outer loop
      vertex 2.6 8.20483 4
      vertex 2.6 26.2 19
      vertex 2.6 8.20483 29.5
    endloop
  endfacet
  facet normal 1 0 0
    outer loop
      vertex 2.6 40.2 19
      vertex 2.6 8.20483 29.5
      vertex 2.6 26.2 19
    endloop
  endfacet
  facet normal 1 -0 0
    outer loop
      vertex 2.6 2.6 32.5
      vertex 2.6 8.20483 29.5
      vertex 2.6 90.4 32.5
    endloop
  endfacet
  facet normal 1 0 0
    outer loop
      vertex 2.6 8.20483 29.5
      vertex 2.6 2.6 32.5
      vertex 2.6 2.99517 29.5
    endloop
  endfacet
  facet normal 1 0 0
    outer loop
      vertex 2.6 2.6 4
      vertex 2.6 2.99517 29.5
      vertex 2.6 2.6 32.5
    endloop
  endfacet
  facet normal 1 0 0
    outer loop
      vertex 2.6 2.99517 29.5
      vertex 2.6 2.6 4
      vertex 2.6 2.99517 4
    endloop
  endfacet
  facet normal 1 0 0
    outer loop
      vertex 2.6 90.4 4
      vertex 2.6 90.0048 29.5
      vertex 2.6 90.0048 4
    endloop
  endfacet
  facet normal 1 -0 0
    outer loop
      vertex 2.6 40.2 10
      vertex 2.6 84.7952 4
      vertex 2.6 40.2 19
    endloop
  endfacet
  facet normal 1 0 0
    outer loop
      vertex 2.6 8.20483 4
      vertex 2.6 40.2 10
      vertex 2.6 26.2 10
    endloop
  endfacet
  facet normal 1 0 0
    outer loop
      vertex 2.6 40.2 10
      vertex 2.6 8.20483 4
      vertex 2.6 84.7952 4
    endloop
  endfacet
  facet normal 1 0 0
    outer loop
      vertex 2.6 26.2 19
      vertex 2.6 8.20483 4
      vertex 2.6 26.2 10
    endloop
  endfacet
  facet normal -1 0 0
    outer loop
      vertex 109.8 2.99517 4
      vertex 109.8 2.6 4
      vertex 109.8 2.99517 29.5
    endloop
  endfacet
  facet normal -1 0 0
    outer loop
      vertex 109.8 45.7393 23.6588
      vertex 109.8 84.7952 29.5
      vertex 109.8 84.7952 4
    endloop
  endfacet
  facet normal -1 0 0
    outer loop
      vertex 109.8 84.7952 29.5
      vertex 109.8 45.7393 23.6588
      vertex 109.8 45.85 24.5
    endloop
  endfacet
  facet normal -1 0 0
    outer loop
      vertex 109.8 84.7952 4
      vertex 109.8 45.4146 22.875
      vertex 109.8 45.7393 23.6588
    endloop
  endfacet
  facet normal -1 0 0
    outer loop
      vertex 109.8 84.7952 4
      vertex 109.8 44.8981 22.2019
      vertex 109.8 45.4146 22.875
    endloop
  endfacet
  facet normal -1 0 0
    outer loop
      vertex 109.8 84.7952 4
      vertex 109.8 44.225 21.6854
      vertex 109.8 44.8981 22.2019
    endloop
  endfacet
  facet normal -1 0 0
    outer loop
      vertex 109.8 84.7952 4
      vertex 109.8 43.4412 21.3607
      vertex 109.8 44.225 21.6854
    endloop
  endfacet
  facet normal -1 0 0
    outer loop
      vertex 109.8 84.7952 4
      vertex 109.8 42.6 21.25
      vertex 109.8 43.4412 21.3607
    endloop
  endfacet
  facet normal -1 0 0
    outer loop
      vertex 109.8 8.20483 4
      vertex 109.8 42.6 21.25
      vertex 109.8 84.7952 4
    endloop
  endfacet
  facet normal -1 0 0
    outer loop
      vertex 109.8 39.4607 23.6588
      vertex 109.8 31.85 24.5
      vertex 109.8 39.35 24.5
    endloop
  endfacet
  facet normal -1 0 0
    outer loop
      vertex 109.8 31.7393 23.6588
      vertex 109.8 39.4607 23.6588
      vertex 109.8 39.7854 22.875
    endloop
  endfacet
  facet normal -1 0 0
    outer loop
      vertex 109.8 31.4146 22.875
      vertex 109.8 39.7854 22.875
      vertex 109.8 40.3019 22.2019
    endloop
  endfacet
  facet normal -1 0 0
    outer loop
      vertex 109.8 30.8981 22.2019
      vertex 109.8 40.3019 22.2019
      vertex 109.8 40.975 21.6854
    endloop
  endfacet
  facet normal -1 0 0
    outer loop
      vertex 109.8 30.225 21.6854
      vertex 109.8 40.975 21.6854
      vertex 109.8 41.7588 21.3607
    endloop
  endfacet
  facet normal -1 -0 0
    outer loop
      vertex 109.8 42.6 21.25
      vertex 109.8 8.20483 4
      vertex 109.8 41.7588 21.3607
    endloop
  endfacet
  facet normal -1 0 0
    outer loop
      vertex 109.8 39.4607 23.6588
      vertex 109.8 31.7393 23.6588
      vertex 109.8 31.85 24.5
    endloop
  endfacet
  facet normal -1 0 0
    outer loop
      vertex 109.8 39.7854 22.875
      vertex 109.8 31.4146 22.875
      vertex 109.8 31.7393 23.6588
    endloop
  endfacet
  facet normal -1 0 0
    outer loop
      vertex 109.8 40.3019 22.2019
      vertex 109.8 30.8981 22.2019
      vertex 109.8 31.4146 22.875
    endloop
  endfacet
  facet normal -1 0 0
    outer loop
      vertex 109.8 40.975 21.6854
      vertex 109.8 30.225 21.6854
      vertex 109.8 30.8981 22.2019
    endloop
  endfacet
  facet normal -1 0 0
    outer loop
      vertex 109.8 41.7588 21.3607
      vertex 109.8 29.4412 21.3607
      vertex 109.8 30.225 21.6854
    endloop
  endfacet
  facet normal -1 -0 0
    outer loop
      vertex 109.8 41.7588 21.3607
      vertex 109.8 8.20483 4
      vertex 109.8 29.4412 21.3607
    endloop
  endfacet
  facet normal -1 0 0
    outer loop
      vertex 109.8 29.4412 21.3607
      vertex 109.8 8.20483 4
      vertex 109.8 28.6 21.25
    endloop
  endfacet
  facet normal -1 0 0
    outer loop
      vertex 109.8 25.4607 23.6588
      vertex 109.8 17.85 24.5
      vertex 109.8 25.35 24.5
    endloop
  endfacet
  facet normal -1 0 0
    outer loop
      vertex 109.8 17.7393 23.6588
      vertex 109.8 25.4607 23.6588
      vertex 109.8 25.7854 22.875
    endloop
  endfacet
  facet normal -1 0 0
    outer loop
      vertex 109.8 17.4146 22.875
      vertex 109.8 25.7854 22.875
      vertex 109.8 26.3019 22.2019
    endloop
  endfacet
  facet normal -1 0 0
    outer loop
      vertex 109.8 16.8981 22.2019
      vertex 109.8 26.3019 22.2019
      vertex 109.8 26.975 21.6854
    endloop
  endfacet
  facet normal -1 0 0
    outer loop
      vertex 109.8 8.20483 4
      vertex 109.8 26.975 21.6854
      vertex 109.8 27.7588 21.3607
    endloop
  endfacet
  facet normal -1 0 0
    outer loop
      vertex 109.8 25.4607 23.6588
      vertex 109.8 17.7393 23.6588
      vertex 109.8 17.85 24.5
    endloop
  endfacet
  facet normal -1 -0 0
    outer loop
      vertex 109.8 28.6 21.25
      vertex 109.8 8.20483 4
      vertex 109.8 27.7588 21.3607
    endloop
  endfacet
  facet normal -1 0 0
    outer loop
      vertex 109.8 25.7854 22.875
      vertex 109.8 17.4146 22.875
      vertex 109.8 17.7393 23.6588
    endloop
  endfacet
  facet normal -1 0 0
    outer loop
      vertex 109.8 26.3019 22.2019
      vertex 109.8 16.8981 22.2019
      vertex 109.8 17.4146 22.875
    endloop
  endfacet
  facet normal -1 -0 0
    outer loop
      vertex 109.8 26.975 21.6854
      vertex 109.8 8.20483 4
      vertex 109.8 16.225 21.6854
    endloop
  endfacet
  facet normal -1 0 0
    outer loop
      vertex 109.8 26.975 21.6854
      vertex 109.8 16.225 21.6854
      vertex 109.8 16.8981 22.2019
    endloop
  endfacet
  facet normal -1 0 0
    outer loop
      vertex 109.8 16.225 21.6854
      vertex 109.8 8.20483 4
      vertex 109.8 15.4412 21.3607
    endloop
  endfacet
  facet normal -1 0 0
    outer loop
      vertex 109.8 15.4412 21.3607
      vertex 109.8 8.20483 4
      vertex 109.8 14.6 21.25
    endloop
  endfacet
  facet normal -1 0 0
    outer loop
      vertex 109.8 8.20483 29.5
      vertex 109.8 11.4607 23.6588
      vertex 109.8 8.20483 4
    endloop
  endfacet
  facet normal -1 -0 0
    outer loop
      vertex 109.8 11.7854 22.875
      vertex 109.8 8.20483 4
      vertex 109.8 11.4607 23.6588
    endloop
  endfacet
  facet normal -1 -0 0
    outer loop
      vertex 109.8 12.3019 22.2019
      vertex 109.8 8.20483 4
      vertex 109.8 11.7854 22.875
    endloop
  endfacet
  facet normal -1 -0 0
    outer loop
      vertex 109.8 12.975 21.6854
      vertex 109.8 8.20483 4
      vertex 109.8 12.3019 22.2019
    endloop
  endfacet
  facet normal -1 -0 0
    outer loop
      vertex 109.8 13.7588 21.3607
      vertex 109.8 8.20483 4
      vertex 109.8 12.975 21.6854
    endloop
  endfacet
  facet normal -1 -0 0
    outer loop
      vertex 109.8 14.6 21.25
      vertex 109.8 8.20483 4
      vertex 109.8 13.7588 21.3607
    endloop
  endfacet
  facet normal -1 0 0
    outer loop
      vertex 109.8 90.0048 29.5
      vertex 109.8 90.4 4
      vertex 109.8 90.0048 4
    endloop
  endfacet
  facet normal -1 0 0
    outer loop
      vertex 109.8 90.4 4
      vertex 109.8 90.0048 29.5
      vertex 109.8 90.4 32.5
    endloop
  endfacet
  facet normal -1 0 0
    outer loop
      vertex 109.8 84.7952 29.5
      vertex 109.8 90.4 32.5
      vertex 109.8 90.0048 29.5
    endloop
  endfacet
  facet normal -1 0 0
    outer loop
      vertex 109.8 45.7393 25.3412
      vertex 109.8 84.7952 29.5
      vertex 109.8 45.85 24.5
    endloop
  endfacet
  facet normal -1 0 0
    outer loop
      vertex 109.8 45.4146 26.125
      vertex 109.8 84.7952 29.5
      vertex 109.8 45.7393 25.3412
    endloop
  endfacet
  facet normal -1 0 0
    outer loop
      vertex 109.8 44.8981 26.7981
      vertex 109.8 84.7952 29.5
      vertex 109.8 45.4146 26.125
    endloop
  endfacet
  facet normal -1 0 0
    outer loop
      vertex 109.8 44.225 27.3146
      vertex 109.8 84.7952 29.5
      vertex 109.8 44.8981 26.7981
    endloop
  endfacet
  facet normal -1 0 0
    outer loop
      vertex 109.8 43.4412 27.6393
      vertex 109.8 84.7952 29.5
      vertex 109.8 44.225 27.3146
    endloop
  endfacet
  facet normal -1 -0 0
    outer loop
      vertex 109.8 84.7952 29.5
      vertex 109.8 43.4412 27.6393
      vertex 109.8 90.4 32.5
    endloop
  endfacet
  facet normal -1 0 0
    outer loop
      vertex 109.8 42.6 27.75
      vertex 109.8 90.4 32.5
      vertex 109.8 43.4412 27.6393
    endloop
  endfacet
  facet normal -1 0 0
    outer loop
      vertex 109.8 31.85 24.5
      vertex 109.8 39.4607 25.3412
      vertex 109.8 39.35 24.5
    endloop
  endfacet
  facet normal -1 0 0
    outer loop
      vertex 109.8 31.7393 25.3412
      vertex 109.8 39.4607 25.3412
      vertex 109.8 31.85 24.5
    endloop
  endfacet
  facet normal -1 0 0
    outer loop
      vertex 109.8 39.4607 25.3412
      vertex 109.8 31.7393 25.3412
      vertex 109.8 39.7854 26.125
    endloop
  endfacet
  facet normal -1 0 0
    outer loop
      vertex 109.8 31.4146 26.125
      vertex 109.8 39.7854 26.125
      vertex 109.8 31.7393 25.3412
    endloop
  endfacet
  facet normal -1 0 0
    outer loop
      vertex 109.8 39.7854 26.125
      vertex 109.8 31.4146 26.125
      vertex 109.8 40.3019 26.7981
    endloop
  endfacet
  facet normal -1 0 0
    outer loop
      vertex 109.8 30.8981 26.7981
      vertex 109.8 40.3019 26.7981
      vertex 109.8 31.4146 26.125
    endloop
  endfacet
  facet normal -1 0 0
    outer loop
      vertex 109.8 40.3019 26.7981
      vertex 109.8 30.8981 26.7981
      vertex 109.8 40.975 27.3146
    endloop
  endfacet
  facet normal -1 0 0
    outer loop
      vertex 109.8 30.225 27.3146
      vertex 109.8 40.975 27.3146
      vertex 109.8 30.8981 26.7981
    endloop
  endfacet
  facet normal -1 0 0
    outer loop
      vertex 109.8 40.975 27.3146
      vertex 109.8 30.225 27.3146
      vertex 109.8 41.7588 27.6393
    endloop
  endfacet
  facet normal -1 0 0
    outer loop
      vertex 109.8 29.4412 27.6393
      vertex 109.8 41.7588 27.6393
      vertex 109.8 30.225 27.3146
    endloop
  endfacet
  facet normal -1 0 0
    outer loop
      vertex 109.8 41.7588 27.6393
      vertex 109.8 29.4412 27.6393
      vertex 109.8 42.6 27.75
    endloop
  endfacet
  facet normal -1 0 0
    outer loop
      vertex 109.8 28.6 27.75
      vertex 109.8 42.6 27.75
      vertex 109.8 29.4412 27.6393
    endloop
  endfacet
  facet normal -1 0 0
    outer loop
      vertex 109.8 2.6 32.5
      vertex 109.8 42.6 27.75
      vertex 109.8 28.6 27.75
    endloop
  endfacet
  facet normal -1 0 0
    outer loop
      vertex 109.8 17.85 24.5
      vertex 109.8 25.4607 25.3412
      vertex 109.8 25.35 24.5
    endloop
  endfacet
  facet normal -1 0 0
    outer loop
      vertex 109.8 17.7393 25.3412
      vertex 109.8 25.4607 25.3412
      vertex 109.8 17.85 24.5
    endloop
  endfacet
  facet normal -1 0 0
    outer loop
      vertex 109.8 25.4607 25.3412
      vertex 109.8 17.7393 25.3412
      vertex 109.8 25.7854 26.125
    endloop
  endfacet
  facet normal -1 0 0
    outer loop
      vertex 109.8 17.4146 26.125
      vertex 109.8 25.7854 26.125
      vertex 109.8 17.7393 25.3412
    endloop
  endfacet
  facet normal -1 0 0
    outer loop
      vertex 109.8 25.7854 26.125
      vertex 109.8 17.4146 26.125
      vertex 109.8 26.3019 26.7981
    endloop
  endfacet
  facet normal -1 0 0
    outer loop
      vertex 109.8 16.8981 26.7981
      vertex 109.8 26.3019 26.7981
      vertex 109.8 17.4146 26.125
    endloop
  endfacet
  facet normal -1 0 0
    outer loop
      vertex 109.8 26.3019 26.7981
      vertex 109.8 16.8981 26.7981
      vertex 109.8 26.975 27.3146
    endloop
  endfacet
  facet normal -1 0 0
    outer loop
      vertex 109.8 16.225 27.3146
      vertex 109.8 26.975 27.3146
      vertex 109.8 16.8981 26.7981
    endloop
  endfacet
  facet normal -1 0 0
    outer loop
      vertex 109.8 26.975 27.3146
      vertex 109.8 16.225 27.3146
      vertex 109.8 27.7588 27.6393
    endloop
  endfacet
  facet normal -1 0 0
    outer loop
      vertex 109.8 15.4412 27.6393
      vertex 109.8 27.7588 27.6393
      vertex 109.8 16.225 27.3146
    endloop
  endfacet
  facet normal -1 0 0
    outer loop
      vertex 109.8 2.6 32.5
      vertex 109.8 27.7588 27.6393
      vertex 109.8 15.4412 27.6393
    endloop
  endfacet
  facet normal -1 0 0
    outer loop
      vertex 109.8 27.7588 27.6393
      vertex 109.8 2.6 32.5
      vertex 109.8 28.6 27.75
    endloop
  endfacet
  facet normal -1 0 0
    outer loop
      vertex 109.8 2.6 32.5
      vertex 109.8 15.4412 27.6393
      vertex 109.8 14.6 27.75
    endloop
  endfacet
  facet normal -1 0 0
    outer loop
      vertex 109.8 11.4607 23.6588
      vertex 109.8 8.20483 29.5
      vertex 109.8 11.35 24.5
    endloop
  endfacet
  facet normal -1 0 0
    outer loop
      vertex 109.8 11.35 24.5
      vertex 109.8 8.20483 29.5
      vertex 109.8 11.4607 25.3412
    endloop
  endfacet
  facet normal -1 0 0
    outer loop
      vertex 109.8 8.20483 29.5
      vertex 109.8 11.7854 26.125
      vertex 109.8 11.4607 25.3412
    endloop
  endfacet
  facet normal -1 0 0
    outer loop
      vertex 109.8 8.20483 29.5
      vertex 109.8 12.3019 26.7981
      vertex 109.8 11.7854 26.125
    endloop
  endfacet
  facet normal -1 0 0
    outer loop
      vertex 109.8 8.20483 29.5
      vertex 109.8 12.975 27.3146
      vertex 109.8 12.3019 26.7981
    endloop
  endfacet
  facet normal -1 0 0
    outer loop
      vertex 109.8 8.20483 29.5
      vertex 109.8 13.7588 27.6393
      vertex 109.8 12.975 27.3146
    endloop
  endfacet
  facet normal -1 0 0
    outer loop
      vertex 109.8 8.20483 29.5
      vertex 109.8 14.6 27.75
      vertex 109.8 13.7588 27.6393
    endloop
  endfacet
  facet normal -1 0 0
    outer loop
      vertex 109.8 2.6 32.5
      vertex 109.8 14.6 27.75
      vertex 109.8 8.20483 29.5
    endloop
  endfacet
  facet normal -1 0 0
    outer loop
      vertex 109.8 2.6 32.5
      vertex 109.8 8.20483 29.5
      vertex 109.8 2.99517 29.5
    endloop
  endfacet
  facet normal -1 0 0
    outer loop
      vertex 109.8 42.6 27.75
      vertex 109.8 2.6 32.5
      vertex 109.8 90.4 32.5
    endloop
  endfacet
  facet normal -1 0 0
    outer loop
      vertex 109.8 2.6 32.5
      vertex 109.8 2.99517 29.5
      vertex 109.8 2.6 4
    endloop
  endfacet
  facet normal 0 -1 0
    outer loop
      vertex 33.4 90.4 4
      vertex 42.2 90.4 12.5
      vertex 33.4 90.4 12.5
    endloop
  endfacet
  facet normal 0 -1 -0
    outer loop
      vertex 42.2 90.4 12.5
      vertex 33.4 90.4 4
      vertex 42.2 90.4 4
    endloop
  endfacet
  facet normal 0 -1 0
    outer loop
      vertex 33.4 90.4 12.5
      vertex 8.20483 90.4 29.5
      vertex 11.2 90.4 12.5
    endloop
  endfacet
  facet normal 0 -1 0
    outer loop
      vertex 8.20483 90.4 4
      vertex 11.2 90.4 12.5
      vertex 8.20483 90.4 29.5
    endloop
  endfacet
  facet normal 0 -1 -0
    outer loop
      vertex 11.2 90.4 12.5
      vertex 8.20483 90.4 4
      vertex 11.2 90.4 4
    endloop
  endfacet
  facet normal 0 -1 0
    outer loop
      vertex 8.20483 90.4 29.5
      vertex 2.6 90.4 32.5
      vertex 2.99517 90.4 29.5
    endloop
  endfacet
  facet normal 0 -1 0
    outer loop
      vertex 2.6 90.4 4
      vertex 2.99517 90.4 29.5
      vertex 2.6 90.4 32.5
    endloop
  endfacet
  facet normal 0 -1 -0
    outer loop
      vertex 2.99517 90.4 29.5
      vertex 2.6 90.4 4
      vertex 2.99517 90.4 4
    endloop
  endfacet
  facet normal 0 -1 0
    outer loop
      vertex 2.6 90.4 32.5
      vertex 8.20483 90.4 29.5
      vertex 109.8 90.4 32.5
    endloop
  endfacet
  facet normal 0 -1 0
    outer loop
      vertex 104.195 90.4 29.5
      vertex 109.8 90.4 32.5
      vertex 8.20483 90.4 29.5
    endloop
  endfacet
  facet normal 0 -1 0
    outer loop
      vertex 109.405 90.4 29.5
      vertex 109.8 90.4 32.5
      vertex 104.195 90.4 29.5
    endloop
  endfacet
  facet normal 0 -1 0
    outer loop
      vertex 109.8 90.4 4
      vertex 109.405 90.4 29.5
      vertex 109.405 90.4 4
    endloop
  endfacet
  facet normal 0 -1 0
    outer loop
      vertex 109.405 90.4 29.5
      vertex 109.8 90.4 4
      vertex 109.8 90.4 32.5
    endloop
  endfacet
  facet normal 0 -1 0
    outer loop
      vertex 42.2 90.4 12.5
      vertex 8.20483 90.4 29.5
      vertex 33.4 90.4 12.5
    endloop
  endfacet
  facet normal 0 -1 0
    outer loop
      vertex 64.4 90.4 12.5
      vertex 8.20483 90.4 29.5
      vertex 42.2 90.4 12.5
    endloop
  endfacet
  facet normal 0 -1 0
    outer loop
      vertex 8.20483 90.4 29.5
      vertex 64.4 90.4 12.5
      vertex 104.195 90.4 29.5
    endloop
  endfacet
  facet normal 0 -1 0
    outer loop
      vertex 104.195 90.4 4
      vertex 64.4 90.4 12.5
      vertex 64.4 90.4 4
    endloop
  endfacet
  facet normal 0 -1 0
    outer loop
      vertex 64.4 90.4 12.5
      vertex 104.195 90.4 4
      vertex 104.195 90.4 29.5
    endloop
  endfacet
  facet normal 0 0 1
    outer loop
      vertex 42.2 90.4 4
      vertex 33.4 90.4 4
      vertex 42.2 73.8 4
    endloop
  endfacet
  facet normal -0 0 1
    outer loop
      vertex 11.2 60.2 4
      vertex 101.2 6.2 4
      vertex 101.2 60.2 4
    endloop
  endfacet
  facet normal 0 0 1
    outer loop
      vertex 101.2 6.2 4
      vertex 11.2 60.2 4
      vertex 11.2 6.2 4
    endloop
  endfacet
  facet normal 0 0 1
    outer loop
      vertex 103.972 8.42843 4
      vertex 101.2 6.2 4
      vertex 103.336 7.6 4
    endloop
  endfacet
  facet normal -0 0 1
    outer loop
      vertex 64.4 90.4 4
      vertex 103.972 90.2284 4
      vertex 104.195 90.4 4
    endloop
  endfacet
  facet normal 0 0 1
    outer loop
      vertex 64.4 90.4 4
      vertex 103.336 89.4 4
      vertex 103.972 90.2284 4
    endloop
  endfacet
  facet normal 0 0 1
    outer loop
      vertex 64.4 90.4 4
      vertex 102.936 88.4353 4
      vertex 103.336 89.4 4
    endloop
  endfacet
  facet normal 0 0 1
    outer loop
      vertex 64.4 90.4 4
      vertex 102.8 87.4 4
      vertex 102.936 88.4353 4
    endloop
  endfacet
  facet normal 0 0 1
    outer loop
      vertex 102.936 86.3647 4
      vertex 64.4 90.4 4
      vertex 64.4 73.8 4
    endloop
  endfacet
  facet normal 0 0 1
    outer loop
      vertex 102.936 86.3647 4
      vertex 64.4 73.8 4
      vertex 101.2 63.2 4
    endloop
  endfacet
  facet normal 0 0 1
    outer loop
      vertex 11.2 63.2 4
      vertex 64.4 73.8 4
      vertex 42.2 73.8 4
    endloop
  endfacet
  facet normal 0 0 1
    outer loop
      vertex 33.4 73.8 4
      vertex 42.2 73.8 4
      vertex 33.4 90.4 4
    endloop
  endfacet
  facet normal 0 0 1
    outer loop
      vertex 11.2 63.2 4
      vertex 42.2 73.8 4
      vertex 33.4 73.8 4
    endloop
  endfacet
  facet normal 0 0 1
    outer loop
      vertex 11.2 63.2 4
      vertex 33.4 73.8 4
      vertex 11.2 73.8 4
    endloop
  endfacet
  facet normal 0 0 1
    outer loop
      vertex 64.4 73.8 4
      vertex 11.2 63.2 4
      vertex 101.2 63.2 4
    endloop
  endfacet
  facet normal 0 0 1
    outer loop
      vertex 101.2 60.2 4
      vertex 109.628 84.5716 4
      vertex 101.2 63.2 4
    endloop
  endfacet
  facet normal -0 0 1
    outer loop
      vertex 109.628 84.5716 4
      vertex 101.2 60.2 4
      vertex 109.8 84.7952 4
    endloop
  endfacet
  facet normal 0 0 1
    outer loop
      vertex 101.2 63.2 4
      vertex 109.628 84.5716 4
      vertex 108.8 83.9359 4
    endloop
  endfacet
  facet normal 0 0 1
    outer loop
      vertex 109.8 84.7952 4
      vertex 101.2 60.2 4
      vertex 109.8 8.20483 4
    endloop
  endfacet
  facet normal 0 0 1
    outer loop
      vertex 101.2 63.2 4
      vertex 108.8 83.9359 4
      vertex 107.835 83.5363 4
    endloop
  endfacet
  facet normal 0 0 1
    outer loop
      vertex 109.8 8.20483 4
      vertex 101.2 60.2 4
      vertex 109.628 8.42843 4
    endloop
  endfacet
  facet normal 0 0 1
    outer loop
      vertex 101.2 63.2 4
      vertex 107.835 83.5363 4
      vertex 106.8 83.4 4
    endloop
  endfacet
  facet normal 0 0 1
    outer loop
      vertex 109.628 8.42843 4
      vertex 101.2 60.2 4
      vertex 108.8 9.0641 4
    endloop
  endfacet
  facet normal 0 0 1
    outer loop
      vertex 101.2 63.2 4
      vertex 106.8 83.4 4
      vertex 105.765 83.5363 4
    endloop
  endfacet
  facet normal 0 0 1
    outer loop
      vertex 108.8 9.0641 4
      vertex 101.2 60.2 4
      vertex 107.835 9.4637 4
    endloop
  endfacet
  facet normal 0 0 1
    outer loop
      vertex 101.2 63.2 4
      vertex 105.765 83.5363 4
      vertex 104.8 83.9359 4
    endloop
  endfacet
  facet normal 0 0 1
    outer loop
      vertex 107.835 9.4637 4
      vertex 101.2 60.2 4
      vertex 106.8 9.6 4
    endloop
  endfacet
  facet normal 0 0 1
    outer loop
      vertex 101.2 63.2 4
      vertex 104.8 83.9359 4
      vertex 103.972 84.5716 4
    endloop
  endfacet
  facet normal 0 0 1
    outer loop
      vertex 106.8 9.6 4
      vertex 101.2 60.2 4
      vertex 105.765 9.4637 4
    endloop
  endfacet
  facet normal 0 0 1
    outer loop
      vertex 101.2 63.2 4
      vertex 103.972 84.5716 4
      vertex 103.336 85.4 4
    endloop
  endfacet
  facet normal 0 0 1
    outer loop
      vertex 105.765 9.4637 4
      vertex 101.2 60.2 4
      vertex 104.8 9.0641 4
    endloop
  endfacet
  facet normal 0 0 1
    outer loop
      vertex 101.2 63.2 4
      vertex 103.336 85.4 4
      vertex 102.936 86.3647 4
    endloop
  endfacet
  facet normal 0 0 1
    outer loop
      vertex 104.8 9.0641 4
      vertex 101.2 60.2 4
      vertex 103.972 8.42843 4
    endloop
  endfacet
  facet normal 0 0 1
    outer loop
      vertex 64.4 90.4 4
      vertex 102.936 86.3647 4
      vertex 102.8 87.4 4
    endloop
  endfacet
  facet normal 0 0 1
    outer loop
      vertex 101.2 6.2 4
      vertex 103.972 8.42843 4
      vertex 101.2 60.2 4
    endloop
  endfacet
  facet normal 0 0 1
    outer loop
      vertex 103.336 7.6 4
      vertex 101.2 6.2 4
      vertex 102.936 6.63528 4
    endloop
  endfacet
  facet normal 0 0 1
    outer loop
      vertex 102.936 6.63528 4
      vertex 101.2 6.2 4
      vertex 102.8 5.6 4
    endloop
  endfacet
  facet normal 0 0 1
    outer loop
      vertex 101.2 6.2 4
      vertex 102.936 4.56472 4
      vertex 102.8 5.6 4
    endloop
  endfacet
  facet normal 0 0 1
    outer loop
      vertex 101.2 3.2 4
      vertex 102.936 4.56472 4
      vertex 101.2 6.2 4
    endloop
  endfacet
  facet normal 0 0 1
    outer loop
      vertex 102.936 4.56472 4
      vertex 101.2 3.2 4
      vertex 103.336 3.6 4
    endloop
  endfacet
  facet normal 0 0 1
    outer loop
      vertex 103.336 3.6 4
      vertex 101.2 3.2 4
      vertex 103.972 2.77157 4
    endloop
  endfacet
  facet normal 0 0 1
    outer loop
      vertex 101.2 3.2 4
      vertex 104.195 2.6 4
      vertex 103.972 2.77157 4
    endloop
  endfacet
  facet normal -0 0 1
    outer loop
      vertex 11.2 3.2 4
      vertex 104.195 2.6 4
      vertex 101.2 3.2 4
    endloop
  endfacet
  facet normal -0 0 1
    outer loop
      vertex 6.63528 83.5363 4
      vertex 11.2 73.8 4
      vertex 7.6 83.9359 4
    endloop
  endfacet
  facet normal 0 0 1
    outer loop
      vertex 11.2 6.2 4
      vertex 9.4637 4.56472 4
      vertex 11.2 3.2 4
    endloop
  endfacet
  facet normal -0 0 1
    outer loop
      vertex 9.0641 3.6 4
      vertex 11.2 3.2 4
      vertex 9.4637 4.56472 4
    endloop
  endfacet
  facet normal 0 0 1
    outer loop
      vertex 8.42843 2.77157 4
      vertex 11.2 3.2 4
      vertex 9.0641 3.6 4
    endloop
  endfacet
  facet normal 0 0 1
    outer loop
      vertex 8.20483 2.6 4
      vertex 11.2 3.2 4
      vertex 8.42843 2.77157 4
    endloop
  endfacet
  facet normal 0 0 1
    outer loop
      vertex 11.2 3.2 4
      vertex 8.20483 2.6 4
      vertex 104.195 2.6 4
    endloop
  endfacet
  facet normal -0 0 1
    outer loop
      vertex 5.6 83.4 4
      vertex 11.2 73.8 4
      vertex 6.63528 83.5363 4
    endloop
  endfacet
  facet normal 0 0 1
    outer loop
      vertex 9.4637 4.56472 4
      vertex 11.2 6.2 4
      vertex 9.6 5.6 4
    endloop
  endfacet
  facet normal -0 -0 1
    outer loop
      vertex 9.4637 6.63528 4
      vertex 11.2 6.2 4
      vertex 9.0641 7.6 4
    endloop
  endfacet
  facet normal 0 -0 1
    outer loop
      vertex 9.6 5.6 4
      vertex 11.2 6.2 4
      vertex 9.4637 6.63528 4
    endloop
  endfacet
  facet normal 0 0 1
    outer loop
      vertex 11.2 60.2 4
      vertex 8.42843 8.42843 4
      vertex 11.2 6.2 4
    endloop
  endfacet
  facet normal 0 0 1
    outer loop
      vertex 11.2 6.2 4
      vertex 8.42843 8.42843 4
      vertex 9.0641 7.6 4
    endloop
  endfacet
  facet normal 0 0 1
    outer loop
      vertex 4.56472 83.5363 4
      vertex 11.2 73.8 4
      vertex 5.6 83.4 4
    endloop
  endfacet
  facet normal 0 0 1
    outer loop
      vertex 11.2 60.2 4
      vertex 7.6 9.0641 4
      vertex 8.42843 8.42843 4
    endloop
  endfacet
  facet normal 0 0 1
    outer loop
      vertex 3.6 83.9359 4
      vertex 11.2 73.8 4
      vertex 4.56472 83.5363 4
    endloop
  endfacet
  facet normal 0 0 1
    outer loop
      vertex 11.2 60.2 4
      vertex 6.63528 9.4637 4
      vertex 7.6 9.0641 4
    endloop
  endfacet
  facet normal 0 0 1
    outer loop
      vertex 11.2 73.8 4
      vertex 3.6 83.9359 4
      vertex 11.2 63.2 4
    endloop
  endfacet
  facet normal 0 0 1
    outer loop
      vertex 11.2 60.2 4
      vertex 5.6 9.6 4
      vertex 6.63528 9.4637 4
    endloop
  endfacet
  facet normal 0 0 1
    outer loop
      vertex 2.77157 84.5716 4
      vertex 11.2 63.2 4
      vertex 3.6 83.9359 4
    endloop
  endfacet
  facet normal 0 0 1
    outer loop
      vertex 11.2 60.2 4
      vertex 4.56472 9.4637 4
      vertex 5.6 9.6 4
    endloop
  endfacet
  facet normal 0 0 1
    outer loop
      vertex 11.2 63.2 4
      vertex 2.77157 84.5716 4
      vertex 11.2 60.2 4
    endloop
  endfacet
  facet normal 0 0 1
    outer loop
      vertex 11.2 60.2 4
      vertex 3.6 9.0641 4
      vertex 4.56472 9.4637 4
    endloop
  endfacet
  facet normal 0 0 1
    outer loop
      vertex 2.6 84.7952 4
      vertex 11.2 60.2 4
      vertex 2.77157 84.5716 4
    endloop
  endfacet
  facet normal 0 0 1
    outer loop
      vertex 11.2 60.2 4
      vertex 2.77157 8.42843 4
      vertex 3.6 9.0641 4
    endloop
  endfacet
  facet normal 0 0 1
    outer loop
      vertex 2.6 8.20483 4
      vertex 11.2 60.2 4
      vertex 2.6 84.7952 4
    endloop
  endfacet
  facet normal 0 0 1
    outer loop
      vertex 11.2 60.2 4
      vertex 2.6 8.20483 4
      vertex 2.77157 8.42843 4
    endloop
  endfacet
  facet normal 0 0 1
    outer loop
      vertex 9.4637 86.3647 4
      vertex 11.2 90.4 4
      vertex 9.6 87.4 4
    endloop
  endfacet
  facet normal 0 0 1
    outer loop
      vertex 11.2 90.4 4
      vertex 9.4637 86.3647 4
      vertex 11.2 73.8 4
    endloop
  endfacet
  facet normal -0 0 1
    outer loop
      vertex 9.0641 85.4 4
      vertex 11.2 73.8 4
      vertex 9.4637 86.3647 4
    endloop
  endfacet
  facet normal -0 0 1
    outer loop
      vertex 8.42843 84.5716 4
      vertex 11.2 73.8 4
      vertex 9.0641 85.4 4
    endloop
  endfacet
  facet normal -0 0 1
    outer loop
      vertex 7.6 83.9359 4
      vertex 11.2 73.8 4
      vertex 8.42843 84.5716 4
    endloop
  endfacet
  facet normal 0 0 1
    outer loop
      vertex 11.2 90.4 4
      vertex 9.4637 88.4353 4
      vertex 9.6 87.4 4
    endloop
  endfacet
  facet normal 0 0 1
    outer loop
      vertex 11.2 90.4 4
      vertex 9.0641 89.4 4
      vertex 9.4637 88.4353 4
    endloop
  endfacet
  facet normal 0 0 1
    outer loop
      vertex 11.2 90.4 4
      vertex 8.42843 90.2284 4
      vertex 9.0641 89.4 4
    endloop
  endfacet
  facet normal 0 -0 1
    outer loop
      vertex 8.42843 90.2284 4
      vertex 11.2 90.4 4
      vertex 8.20483 90.4 4
    endloop
  endfacet
  facet normal 0 0 1
    outer loop
      vertex 2.77157 2.77157 4
      vertex 2.6 2.6 4
      vertex 2.99517 2.6 4
    endloop
  endfacet
  facet normal 0 0 1
    outer loop
      vertex 2.6 2.6 4
      vertex 2.77157 2.77157 4
      vertex 2.6 2.99517 4
    endloop
  endfacet
  facet normal 0 0 1
    outer loop
      vertex 6.35 5.6 4
      vertex 6.9 5.6 4
      vertex 6.83637 6.00172 4
    endloop
  endfacet
  facet normal 0 0 1
    outer loop
      vertex 6.29291 5.88701 4
      vertex 6.83637 6.00172 4
      vertex 6.65172 6.36412 4
    endloop
  endfacet
  facet normal 0 0 1
    outer loop
      vertex 6.9 5.6 4
      vertex 6.35 5.6 4
      vertex 6.83637 5.19828 4
    endloop
  endfacet
  facet normal 0 0 1
    outer loop
      vertex 6.13033 6.13033 4
      vertex 6.65172 6.36412 4
      vertex 6.36412 6.65172 4
    endloop
  endfacet
  facet normal -0 0 1
    outer loop
      vertex 6.29291 5.31299 4
      vertex 6.83637 5.19828 4
      vertex 6.35 5.6 4
    endloop
  endfacet
  facet normal 0 0 1
    outer loop
      vertex 6.83637 5.19828 4
      vertex 6.29291 5.31299 4
      vertex 6.65172 4.83588 4
    endloop
  endfacet
  facet normal 0 0 1
    outer loop
      vertex 6.83637 6.00172 4
      vertex 6.29291 5.88701 4
      vertex 6.35 5.6 4
    endloop
  endfacet
  facet normal 0 0 1
    outer loop
      vertex 6.65172 6.36412 4
      vertex 6.13033 6.13033 4
      vertex 6.29291 5.88701 4
    endloop
  endfacet
  facet normal 0 0 1
    outer loop
      vertex 5.88701 6.29291 4
      vertex 6.36412 6.65172 4
      vertex 6.00172 6.83637 4
    endloop
  endfacet
  facet normal 0 0 1
    outer loop
      vertex 6.36412 6.65172 4
      vertex 5.88701 6.29291 4
      vertex 6.13033 6.13033 4
    endloop
  endfacet
  facet normal 0 0 1
    outer loop
      vertex 5.6 6.35 4
      vertex 6.00172 6.83637 4
      vertex 5.6 6.9 4
    endloop
  endfacet
  facet normal 0 0 1
    outer loop
      vertex 6.00172 6.83637 4
      vertex 5.6 6.35 4
      vertex 5.88701 6.29291 4
    endloop
  endfacet
  facet normal -0 0 1
    outer loop
      vertex 5.19828 6.83637 4
      vertex 5.6 6.35 4
      vertex 5.6 6.9 4
    endloop
  endfacet
  facet normal 0 0 1
    outer loop
      vertex 5.6 6.35 4
      vertex 5.19828 6.83637 4
      vertex 5.31299 6.29291 4
    endloop
  endfacet
  facet normal -0 0 1
    outer loop
      vertex 4.83588 6.65172 4
      vertex 5.31299 6.29291 4
      vertex 5.19828 6.83637 4
    endloop
  endfacet
  facet normal 0 0 1
    outer loop
      vertex 5.31299 6.29291 4
      vertex 4.83588 6.65172 4
      vertex 5.06967 6.13033 4
    endloop
  endfacet
  facet normal 0 0 1
    outer loop
      vertex 5.06967 6.13033 4
      vertex 4.54828 6.36412 4
      vertex 4.90709 5.88701 4
    endloop
  endfacet
  facet normal -0 0 1
    outer loop
      vertex 4.54828 6.36412 4
      vertex 5.06967 6.13033 4
      vertex 4.83588 6.65172 4
    endloop
  endfacet
  facet normal -0 0 1
    outer loop
      vertex 6.13033 5.06967 4
      vertex 6.65172 4.83588 4
      vertex 6.29291 5.31299 4
    endloop
  endfacet
  facet normal 0 0 1
    outer loop
      vertex 6.65172 4.83588 4
      vertex 6.13033 5.06967 4
      vertex 6.36412 4.54828 4
    endloop
  endfacet
  facet normal -0 0 1
    outer loop
      vertex 5.88701 4.90709 4
      vertex 6.36412 4.54828 4
      vertex 6.13033 5.06967 4
    endloop
  endfacet
  facet normal 0 0 1
    outer loop
      vertex 6.36412 4.54828 4
      vertex 5.88701 4.90709 4
      vertex 6.00172 4.36363 4
    endloop
  endfacet
  facet normal -0 0 1
    outer loop
      vertex 5.6 4.85 4
      vertex 6.00172 4.36363 4
      vertex 5.88701 4.90709 4
    endloop
  endfacet
  facet normal 0 0 1
    outer loop
      vertex 6.00172 4.36363 4
      vertex 5.6 4.85 4
      vertex 5.6 4.3 4
    endloop
  endfacet
  facet normal 0 0 1
    outer loop
      vertex 5.19828 4.36363 4
      vertex 5.6 4.85 4
      vertex 5.31299 4.90709 4
    endloop
  endfacet
  facet normal 0 0 1
    outer loop
      vertex 5.6 4.85 4
      vertex 5.19828 4.36363 4
      vertex 5.6 4.3 4
    endloop
  endfacet
  facet normal 0 0 1
    outer loop
      vertex 4.83588 4.54828 4
      vertex 5.31299 4.90709 4
      vertex 5.06967 5.06967 4
    endloop
  endfacet
  facet normal 0 0 1
    outer loop
      vertex 4.54828 4.83588 4
      vertex 5.06967 5.06967 4
      vertex 4.90709 5.31299 4
    endloop
  endfacet
  facet normal 0 0 1
    outer loop
      vertex 5.31299 4.90709 4
      vertex 4.83588 4.54828 4
      vertex 5.19828 4.36363 4
    endloop
  endfacet
  facet normal 0 0 1
    outer loop
      vertex 4.36363 5.19828 4
      vertex 4.90709 5.31299 4
      vertex 4.85 5.6 4
    endloop
  endfacet
  facet normal -0 0 1
    outer loop
      vertex 4.36363 6.00172 4
      vertex 4.90709 5.88701 4
      vertex 4.54828 6.36412 4
    endloop
  endfacet
  facet normal 0 0 1
    outer loop
      vertex 4.90709 5.88701 4
      vertex 4.36363 6.00172 4
      vertex 4.85 5.6 4
    endloop
  endfacet
  facet normal 0 0 1
    outer loop
      vertex 5.06967 5.06967 4
      vertex 4.54828 4.83588 4
      vertex 4.83588 4.54828 4
    endloop
  endfacet
  facet normal 0 0 1
    outer loop
      vertex 4.3 5.6 4
      vertex 4.85 5.6 4
      vertex 4.36363 6.00172 4
    endloop
  endfacet
  facet normal 0 0 1
    outer loop
      vertex 4.90709 5.31299 4
      vertex 4.36363 5.19828 4
      vertex 4.54828 4.83588 4
    endloop
  endfacet
  facet normal 0 0 1
    outer loop
      vertex 4.85 5.6 4
      vertex 4.3 5.6 4
      vertex 4.36363 5.19828 4
    endloop
  endfacet
  facet normal -0 0 1
    outer loop
      vertex 109.628 2.77157 4
      vertex 109.8 2.6 4
      vertex 109.8 2.99517 4
    endloop
  endfacet
  facet normal 0 0 1
    outer loop
      vertex 109.8 2.6 4
      vertex 109.628 2.77157 4
      vertex 109.405 2.6 4
    endloop
  endfacet
  facet normal 0 0 1
    outer loop
      vertex 108.036 6.00172 4
      vertex 108.036 5.19828 4
      vertex 108.1 5.6 4
    endloop
  endfacet
  facet normal 0 0 1
    outer loop
      vertex 107.852 6.36412 4
      vertex 108.036 5.19828 4
      vertex 108.036 6.00172 4
    endloop
  endfacet
  facet normal 0 0 1
    outer loop
      vertex 107.852 6.36412 4
      vertex 107.852 4.83588 4
      vertex 108.036 5.19828 4
    endloop
  endfacet
  facet normal 0 0 1
    outer loop
      vertex 107.564 6.65172 4
      vertex 107.852 4.83588 4
      vertex 107.852 6.36412 4
    endloop
  endfacet
  facet normal 0 0 1
    outer loop
      vertex 107.564 6.65172 4
      vertex 107.564 4.54828 4
      vertex 107.852 4.83588 4
    endloop
  endfacet
  facet normal 0 0 1
    outer loop
      vertex 107.202 6.83637 4
      vertex 107.564 4.54828 4
      vertex 107.564 6.65172 4
    endloop
  endfacet
  facet normal 0 0 1
    outer loop
      vertex 107.202 6.83637 4
      vertex 107.202 4.36363 4
      vertex 107.564 4.54828 4
    endloop
  endfacet
  facet normal 0 0 1
    outer loop
      vertex 106.8 6.9 4
      vertex 107.202 4.36363 4
      vertex 107.202 6.83637 4
    endloop
  endfacet
  facet normal 0 0 1
    outer loop
      vertex 106.8 6.9 4
      vertex 106.8 4.3 4
      vertex 107.202 4.36363 4
    endloop
  endfacet
  facet normal -0 0 1
    outer loop
      vertex 106.398 6.83637 4
      vertex 106.8 4.3 4
      vertex 106.8 6.9 4
    endloop
  endfacet
  facet normal 0 0 1
    outer loop
      vertex 106.398 6.83637 4
      vertex 106.398 4.36363 4
      vertex 106.8 4.3 4
    endloop
  endfacet
  facet normal -0 0 1
    outer loop
      vertex 106.036 6.65172 4
      vertex 106.398 4.36363 4
      vertex 106.398 6.83637 4
    endloop
  endfacet
  facet normal 0 0 1
    outer loop
      vertex 106.036 6.65172 4
      vertex 106.036 4.54828 4
      vertex 106.398 4.36363 4
    endloop
  endfacet
  facet normal -0 0 1
    outer loop
      vertex 105.748 6.36412 4
      vertex 106.036 4.54828 4
      vertex 106.036 6.65172 4
    endloop
  endfacet
  facet normal 0 0 1
    outer loop
      vertex 105.748 6.36412 4
      vertex 105.748 4.83588 4
      vertex 106.036 4.54828 4
    endloop
  endfacet
  facet normal -0 0 1
    outer loop
      vertex 105.564 6.00172 4
      vertex 105.748 4.83588 4
      vertex 105.748 6.36412 4
    endloop
  endfacet
  facet normal 0 0 1
    outer loop
      vertex 105.564 6.00172 4
      vertex 105.564 5.19828 4
      vertex 105.748 4.83588 4
    endloop
  endfacet
  facet normal 0 -0 1
    outer loop
      vertex 105.564 5.19828 4
      vertex 105.564 6.00172 4
      vertex 105.5 5.6 4
    endloop
  endfacet
  facet normal -0 0 1
    outer loop
      vertex 2.6 90.4 4
      vertex 2.77157 90.2284 4
      vertex 2.99517 90.4 4
    endloop
  endfacet
  facet normal 0 0 1
    outer loop
      vertex 2.77157 90.2284 4
      vertex 2.6 90.4 4
      vertex 2.6 90.0048 4
    endloop
  endfacet
  facet normal 0 0 1
    outer loop
      vertex 6.83637 87.8017 4
      vertex 6.83637 86.9983 4
      vertex 6.9 87.4 4
    endloop
  endfacet
  facet normal 0 0 1
    outer loop
      vertex 6.65172 88.1641 4
      vertex 6.83637 86.9983 4
      vertex 6.83637 87.8017 4
    endloop
  endfacet
  facet normal 0 0 1
    outer loop
      vertex 6.65172 88.1641 4
      vertex 6.65172 86.6359 4
      vertex 6.83637 86.9983 4
    endloop
  endfacet
  facet normal 0 0 1
    outer loop
      vertex 6.36412 88.4517 4
      vertex 6.65172 86.6359 4
      vertex 6.65172 88.1641 4
    endloop
  endfacet
  facet normal 0 0 1
    outer loop
      vertex 6.36412 88.4517 4
      vertex 6.36412 86.3483 4
      vertex 6.65172 86.6359 4
    endloop
  endfacet
  facet normal 0 0 1
    outer loop
      vertex 6.00172 88.6364 4
      vertex 6.36412 86.3483 4
      vertex 6.36412 88.4517 4
    endloop
  endfacet
  facet normal 0 0 1
    outer loop
      vertex 6.00172 88.6364 4
      vertex 6.00172 86.1636 4
      vertex 6.36412 86.3483 4
    endloop
  endfacet
  facet normal 0 0 1
    outer loop
      vertex 5.6 88.7 4
      vertex 6.00172 86.1636 4
      vertex 6.00172 88.6364 4
    endloop
  endfacet
  facet normal 0 0 1
    outer loop
      vertex 5.6 88.7 4
      vertex 5.6 86.1 4
      vertex 6.00172 86.1636 4
    endloop
  endfacet
  facet normal -0 0 1
    outer loop
      vertex 5.19828 88.6364 4
      vertex 5.6 86.1 4
      vertex 5.6 88.7 4
    endloop
  endfacet
  facet normal 0 0 1
    outer loop
      vertex 5.19828 88.6364 4
      vertex 5.19828 86.1636 4
      vertex 5.6 86.1 4
    endloop
  endfacet
  facet normal -0 0 1
    outer loop
      vertex 4.83588 88.4517 4
      vertex 5.19828 86.1636 4
      vertex 5.19828 88.6364 4
    endloop
  endfacet
  facet normal 0 0 1
    outer loop
      vertex 4.83588 88.4517 4
      vertex 4.83588 86.3483 4
      vertex 5.19828 86.1636 4
    endloop
  endfacet
  facet normal -0 0 1
    outer loop
      vertex 4.54828 88.1641 4
      vertex 4.83588 86.3483 4
      vertex 4.83588 88.4517 4
    endloop
  endfacet
  facet normal 0 0 1
    outer loop
      vertex 4.54828 88.1641 4
      vertex 4.54828 86.6359 4
      vertex 4.83588 86.3483 4
    endloop
  endfacet
  facet normal -0 0 1
    outer loop
      vertex 4.36363 87.8017 4
      vertex 4.54828 86.6359 4
      vertex 4.54828 88.1641 4
    endloop
  endfacet
  facet normal 0 0 1
    outer loop
      vertex 4.36363 87.8017 4
      vertex 4.36363 86.9983 4
      vertex 4.54828 86.6359 4
    endloop
  endfacet
  facet normal 0 -0 1
    outer loop
      vertex 4.36363 86.9983 4
      vertex 4.36363 87.8017 4
      vertex 4.3 87.4 4
    endloop
  endfacet
  facet normal 0 0 1
    outer loop
      vertex 109.8 90.4 4
      vertex 109.628 90.2284 4
      vertex 109.8 90.0048 4
    endloop
  endfacet
  facet normal 0 -0 1
    outer loop
      vertex 109.628 90.2284 4
      vertex 109.8 90.4 4
      vertex 109.405 90.4 4
    endloop
  endfacet
  facet normal 0 0 1
    outer loop
      vertex 108.036 87.8017 4
      vertex 108.036 86.9983 4
      vertex 108.1 87.4 4
    endloop
  endfacet
  facet normal 0 0 1
    outer loop
      vertex 107.852 88.1641 4
      vertex 108.036 86.9983 4
      vertex 108.036 87.8017 4
    endloop
  endfacet
  facet normal 0 0 1
    outer loop
      vertex 107.852 88.1641 4
      vertex 107.852 86.6359 4
      vertex 108.036 86.9983 4
    endloop
  endfacet
  facet normal 0 0 1
    outer loop
      vertex 107.564 88.4517 4
      vertex 107.852 86.6359 4
      vertex 107.852 88.1641 4
    endloop
  endfacet
  facet normal 0 0 1
    outer loop
      vertex 107.564 88.4517 4
      vertex 107.564 86.3483 4
      vertex 107.852 86.6359 4
    endloop
  endfacet
  facet normal 0 0 1
    outer loop
      vertex 107.202 88.6364 4
      vertex 107.564 86.3483 4
      vertex 107.564 88.4517 4
    endloop
  endfacet
  facet normal 0 0 1
    outer loop
      vertex 107.202 88.6364 4
      vertex 107.202 86.1636 4
      vertex 107.564 86.3483 4
    endloop
  endfacet
  facet normal 0 0 1
    outer loop
      vertex 106.8 88.7 4
      vertex 107.202 86.1636 4
      vertex 107.202 88.6364 4
    endloop
  endfacet
  facet normal 0 0 1
    outer loop
      vertex 106.8 88.7 4
      vertex 106.8 86.1 4
      vertex 107.202 86.1636 4
    endloop
  endfacet
  facet normal -0 0 1
    outer loop
      vertex 106.398 88.6364 4
      vertex 106.8 86.1 4
      vertex 106.8 88.7 4
    endloop
  endfacet
  facet normal 0 0 1
    outer loop
      vertex 106.398 88.6364 4
      vertex 106.398 86.1636 4
      vertex 106.8 86.1 4
    endloop
  endfacet
  facet normal -0 0 1
    outer loop
      vertex 106.036 88.4517 4
      vertex 106.398 86.1636 4
      vertex 106.398 88.6364 4
    endloop
  endfacet
  facet normal 0 0 1
    outer loop
      vertex 106.036 88.4517 4
      vertex 106.036 86.3483 4
      vertex 106.398 86.1636 4
    endloop
  endfacet
  facet normal -0 0 1
    outer loop
      vertex 105.748 88.1641 4
      vertex 106.036 86.3483 4
      vertex 106.036 88.4517 4
    endloop
  endfacet
  facet normal 0 0 1
    outer loop
      vertex 105.748 88.1641 4
      vertex 105.748 86.6359 4
      vertex 106.036 86.3483 4
    endloop
  endfacet
  facet normal -0 0 1
    outer loop
      vertex 105.564 87.8017 4
      vertex 105.748 86.6359 4
      vertex 105.748 88.1641 4
    endloop
  endfacet
  facet normal 0 0 1
    outer loop
      vertex 105.564 87.8017 4
      vertex 105.564 86.9983 4
      vertex 105.748 86.6359 4
    endloop
  endfacet
  facet normal 0 -0 1
    outer loop
      vertex 105.564 86.9983 4
      vertex 105.564 87.8017 4
      vertex 105.5 87.4 4
    endloop
  endfacet
  facet normal 0 1 -0
    outer loop
      vertex 104.195 2.6 4
      vertex 8.20483 2.6 29.5
      vertex 104.195 2.6 29.5
    endloop
  endfacet
  facet normal 0 1 0
    outer loop
      vertex 8.20483 2.6 29.5
      vertex 104.195 2.6 4
      vertex 8.20483 2.6 4
    endloop
  endfacet
  facet normal 0 1 0
    outer loop
      vertex 104.195 2.6 29.5
      vertex 109.8 2.6 32.5
      vertex 109.405 2.6 29.5
    endloop
  endfacet
  facet normal 0 1 -0
    outer loop
      vertex 109.8 2.6 4
      vertex 109.405 2.6 29.5
      vertex 109.8 2.6 32.5
    endloop
  endfacet
  facet normal 0 1 0
    outer loop
      vertex 109.405 2.6 29.5
      vertex 109.8 2.6 4
      vertex 109.405 2.6 4
    endloop
  endfacet
  facet normal 0 1 0
    outer loop
      vertex 109.8 2.6 32.5
      vertex 104.195 2.6 29.5
      vertex 2.6 2.6 32.5
    endloop
  endfacet
  facet normal 0 1 -0
    outer loop
      vertex 8.20483 2.6 29.5
      vertex 2.6 2.6 32.5
      vertex 104.195 2.6 29.5
    endloop
  endfacet
  facet normal 0 1 -0
    outer loop
      vertex 2.99517 2.6 29.5
      vertex 2.6 2.6 32.5
      vertex 8.20483 2.6 29.5
    endloop
  endfacet
  facet normal 0 1 0
    outer loop
      vertex 2.6 2.6 4
      vertex 2.99517 2.6 29.5
      vertex 2.99517 2.6 4
    endloop
  endfacet
  facet normal 0 1 0
    outer loop
      vertex 2.99517 2.6 29.5
      vertex 2.6 2.6 4
      vertex 2.6 2.6 32.5
    endloop
  endfacet
  facet normal 0 0 -1
    outer loop
      vertex 0 26.2 19
      vertex 2.6 40.2 19
      vertex 2.6 26.2 19
    endloop
  endfacet
  facet normal -0 0 -1
    outer loop
      vertex 2.6 40.2 19
      vertex 0 26.2 19
      vertex 0 40.2 19
    endloop
  endfacet
  facet normal -0 0 1
    outer loop
      vertex 0 40.2 10
      vertex 2.6 26.2 10
      vertex 2.6 40.2 10
    endloop
  endfacet
  facet normal 0 0 1
    outer loop
      vertex 2.6 26.2 10
      vertex 0 40.2 10
      vertex 0 26.2 10
    endloop
  endfacet
  facet normal 0 1 -0
    outer loop
      vertex 2.6 26.2 10
      vertex 0 26.2 19
      vertex 2.6 26.2 19
    endloop
  endfacet
  facet normal 0 1 0
    outer loop
      vertex 0 26.2 19
      vertex 2.6 26.2 10
      vertex 0 26.2 10
    endloop
  endfacet
  facet normal 0 -1 0
    outer loop
      vertex 0 40.2 10
      vertex 2.6 40.2 19
      vertex 0 40.2 19
    endloop
  endfacet
  facet normal 0 -1 -0
    outer loop
      vertex 2.6 40.2 19
      vertex 0 40.2 10
      vertex 2.6 40.2 10
    endloop
  endfacet
  facet normal 0.980785 -0.195091 0
    outer loop
      vertex 4.85 5.6 4
      vertex 4.90709 5.88701 0
      vertex 4.90709 5.88701 4
    endloop
  endfacet
  facet normal 0.980785 -0.195091 0
    outer loop
      vertex 4.90709 5.88701 0
      vertex 4.85 5.6 4
      vertex 4.85 5.6 0
    endloop
  endfacet
  facet normal -0.195091 -0.980785 0
    outer loop
      vertex 5.6 6.35 0
      vertex 5.88701 6.29291 4
      vertex 5.6 6.35 4
    endloop
  endfacet
  facet normal -0.195091 -0.980785 -0
    outer loop
      vertex 5.88701 6.29291 4
      vertex 5.6 6.35 0
      vertex 5.88701 6.29291 0
    endloop
  endfacet
  facet normal 0.555567 -0.831472 0
    outer loop
      vertex 5.06967 6.13033 0
      vertex 5.31299 6.29291 4
      vertex 5.06967 6.13033 4
    endloop
  endfacet
  facet normal 0.555567 -0.831472 0
    outer loop
      vertex 5.31299 6.29291 4
      vertex 5.06967 6.13033 0
      vertex 5.31299 6.29291 0
    endloop
  endfacet
  facet normal -0.980785 0.195091 0
    outer loop
      vertex 6.29291 5.31299 0
      vertex 6.35 5.6 4
      vertex 6.35 5.6 0
    endloop
  endfacet
  facet normal -0.980785 0.195091 0
    outer loop
      vertex 6.35 5.6 4
      vertex 6.29291 5.31299 0
      vertex 6.29291 5.31299 4
    endloop
  endfacet
  facet normal 0.195091 0.980785 -0
    outer loop
      vertex 5.6 4.85 0
      vertex 5.31299 4.90709 4
      vertex 5.6 4.85 4
    endloop
  endfacet
  facet normal 0.195091 0.980785 0
    outer loop
      vertex 5.31299 4.90709 4
      vertex 5.6 4.85 0
      vertex 5.31299 4.90709 0
    endloop
  endfacet
  facet normal -0.555567 -0.831472 0
    outer loop
      vertex 5.88701 6.29291 0
      vertex 6.13033 6.13033 4
      vertex 5.88701 6.29291 4
    endloop
  endfacet
  facet normal -0.555567 -0.831472 -0
    outer loop
      vertex 6.13033 6.13033 4
      vertex 5.88701 6.29291 0
      vertex 6.13033 6.13033 0
    endloop
  endfacet
  facet normal -0.831472 -0.555567 0
    outer loop
      vertex 6.29291 5.88701 0
      vertex 6.13033 6.13033 4
      vertex 6.13033 6.13033 0
    endloop
  endfacet
  facet normal -0.831472 -0.555567 0
    outer loop
      vertex 6.13033 6.13033 4
      vertex 6.29291 5.88701 0
      vertex 6.29291 5.88701 4
    endloop
  endfacet
  facet normal 0.195091 -0.980785 0
    outer loop
      vertex 5.31299 6.29291 0
      vertex 5.6 6.35 4
      vertex 5.31299 6.29291 4
    endloop
  endfacet
  facet normal 0.195091 -0.980785 0
    outer loop
      vertex 5.6 6.35 4
      vertex 5.31299 6.29291 0
      vertex 5.6 6.35 0
    endloop
  endfacet
  facet normal -0.555567 0.831472 0
    outer loop
      vertex 6.13033 5.06967 0
      vertex 5.88701 4.90709 4
      vertex 6.13033 5.06967 4
    endloop
  endfacet
  facet normal -0.555567 0.831472 0
    outer loop
      vertex 5.88701 4.90709 4
      vertex 6.13033 5.06967 0
      vertex 5.88701 4.90709 0
    endloop
  endfacet
  facet normal -0.195091 0.980785 0
    outer loop
      vertex 5.88701 4.90709 0
      vertex 5.6 4.85 4
      vertex 5.88701 4.90709 4
    endloop
  endfacet
  facet normal -0.195091 0.980785 0
    outer loop
      vertex 5.6 4.85 4
      vertex 5.88701 4.90709 0
      vertex 5.6 4.85 0
    endloop
  endfacet
  facet normal -0.831472 0.555567 0
    outer loop
      vertex 6.13033 5.06967 0
      vertex 6.29291 5.31299 4
      vertex 6.29291 5.31299 0
    endloop
  endfacet
  facet normal -0.831472 0.555567 0
    outer loop
      vertex 6.29291 5.31299 4
      vertex 6.13033 5.06967 0
      vertex 6.13033 5.06967 4
    endloop
  endfacet
  facet normal 0.980785 0.195091 0
    outer loop
      vertex 4.90709 5.31299 4
      vertex 4.85 5.6 0
      vertex 4.85 5.6 4
    endloop
  endfacet
  facet normal 0.980785 0.195091 0
    outer loop
      vertex 4.85 5.6 0
      vertex 4.90709 5.31299 4
      vertex 4.90709 5.31299 0
    endloop
  endfacet
  facet normal 0.555567 0.831472 -0
    outer loop
      vertex 5.31299 4.90709 0
      vertex 5.06967 5.06967 4
      vertex 5.31299 4.90709 4
    endloop
  endfacet
  facet normal 0.555567 0.831472 0
    outer loop
      vertex 5.06967 5.06967 4
      vertex 5.31299 4.90709 0
      vertex 5.06967 5.06967 0
    endloop
  endfacet
  facet normal 0.831472 0.555567 0
    outer loop
      vertex 5.06967 5.06967 4
      vertex 4.90709 5.31299 0
      vertex 4.90709 5.31299 4
    endloop
  endfacet
  facet normal 0.831472 0.555567 0
    outer loop
      vertex 4.90709 5.31299 0
      vertex 5.06967 5.06967 4
      vertex 5.06967 5.06967 0
    endloop
  endfacet
  facet normal 0.831472 -0.555567 0
    outer loop
      vertex 4.90709 5.88701 4
      vertex 5.06967 6.13033 0
      vertex 5.06967 6.13033 4
    endloop
  endfacet
  facet normal 0.831472 -0.555567 0
    outer loop
      vertex 5.06967 6.13033 0
      vertex 4.90709 5.88701 4
      vertex 4.90709 5.88701 0
    endloop
  endfacet
  facet normal -0.980785 -0.195091 0
    outer loop
      vertex 6.35 5.6 0
      vertex 6.29291 5.88701 4
      vertex 6.29291 5.88701 0
    endloop
  endfacet
  facet normal -0.980785 -0.195091 0
    outer loop
      vertex 6.29291 5.88701 4
      vertex 6.35 5.6 0
      vertex 6.35 5.6 4
    endloop
  endfacet
  facet normal -1 0 0
    outer loop
      vertex 11.2 3.2 4
      vertex 11.2 6.2 8.5
      vertex 11.2 6.2 4
    endloop
  endfacet
  facet normal -1 -0 0
    outer loop
      vertex 11.2 6.2 8.5
      vertex 11.2 3.2 4
      vertex 11.2 3.2 8.5
    endloop
  endfacet
  facet normal -0 0 1
    outer loop
      vertex 11.2 6.2 8.5
      vertex 101.2 3.2 8.5
      vertex 101.2 6.2 8.5
    endloop
  endfacet
  facet normal 0 0 1
    outer loop
      vertex 101.2 3.2 8.5
      vertex 11.2 6.2 8.5
      vertex 11.2 3.2 8.5
    endloop
  endfacet
  facet normal 1 -0 0
    outer loop
      vertex 101.2 3.2 8.5
      vertex 101.2 6.2 4
      vertex 101.2 6.2 8.5
    endloop
  endfacet
  facet normal 1 0 0
    outer loop
      vertex 101.2 6.2 4
      vertex 101.2 3.2 8.5
      vertex 101.2 3.2 4
    endloop
  endfacet
  facet normal 0 -1 0
    outer loop
      vertex 11.2 3.2 4
      vertex 101.2 3.2 8.5
      vertex 11.2 3.2 8.5
    endloop
  endfacet
  facet normal 0 -1 -0
    outer loop
      vertex 101.2 3.2 8.5
      vertex 11.2 3.2 4
      vertex 101.2 3.2 4
    endloop
  endfacet
  facet normal 0 1 -0
    outer loop
      vertex 101.2 6.2 4
      vertex 11.2 6.2 8.5
      vertex 101.2 6.2 8.5
    endloop
  endfacet
  facet normal 0 1 0
    outer loop
      vertex 11.2 6.2 8.5
      vertex 101.2 6.2 4
      vertex 11.2 6.2 4
    endloop
  endfacet
  facet normal -1 0 0
    outer loop
      vertex 11.2 60.2 4
      vertex 11.2 63.2 8.5
      vertex 11.2 63.2 4
    endloop
  endfacet
  facet normal -1 -0 0
    outer loop
      vertex 11.2 63.2 8.5
      vertex 11.2 60.2 4
      vertex 11.2 60.2 8.5
    endloop
  endfacet
  facet normal -0 0 1
    outer loop
      vertex 11.2 63.2 8.5
      vertex 101.2 60.2 8.5
      vertex 101.2 63.2 8.5
    endloop
  endfacet
  facet normal 0 0 1
    outer loop
      vertex 101.2 60.2 8.5
      vertex 11.2 63.2 8.5
      vertex 11.2 60.2 8.5
    endloop
  endfacet
  facet normal 1 -0 0
    outer loop
      vertex 101.2 60.2 8.5
      vertex 101.2 63.2 4
      vertex 101.2 63.2 8.5
    endloop
  endfacet
  facet normal 1 0 0
    outer loop
      vertex 101.2 63.2 4
      vertex 101.2 60.2 8.5
      vertex 101.2 60.2 4
    endloop
  endfacet
  facet normal 0 1 -0
    outer loop
      vertex 101.2 63.2 4
      vertex 11.2 63.2 8.5
      vertex 101.2 63.2 8.5
    endloop
  endfacet
  facet normal 0 1 0
    outer loop
      vertex 11.2 63.2 8.5
      vertex 101.2 63.2 4
      vertex 11.2 63.2 4
    endloop
  endfacet
  facet normal 0 -1 0
    outer loop
      vertex 11.2 60.2 4
      vertex 101.2 60.2 8.5
      vertex 11.2 60.2 8.5
    endloop
  endfacet
  facet normal 0 -1 -0
    outer loop
      vertex 101.2 60.2 8.5
      vertex 11.2 60.2 4
      vertex 101.2 60.2 4
    endloop
  endfacet
  facet normal 0.991445 0.130529 0
    outer loop
      vertex 9.6 5.6 29.5
      vertex 9.4637 6.63528 4
      vertex 9.4637 6.63528 29.5
    endloop
  endfacet
  facet normal 0.991445 0.130529 0
    outer loop
      vertex 9.4637 6.63528 4
      vertex 9.6 5.6 29.5
      vertex 9.6 5.6 4
    endloop
  endfacet
  facet normal 0.382683 0.92388 -0
    outer loop
      vertex 7.6 9.0641 4
      vertex 6.63528 9.4637 29.5
      vertex 7.6 9.0641 29.5
    endloop
  endfacet
  facet normal 0.382683 0.92388 0
    outer loop
      vertex 6.63528 9.4637 29.5
      vertex 7.6 9.0641 4
      vertex 6.63528 9.4637 4
    endloop
  endfacet
  facet normal 0.92388 0.382683 0
    outer loop
      vertex 9.4637 6.63528 29.5
      vertex 9.0641 7.6 4
      vertex 9.0641 7.6 29.5
    endloop
  endfacet
  facet normal 0.92388 0.382683 0
    outer loop
      vertex 9.0641 7.6 4
      vertex 9.4637 6.63528 29.5
      vertex 9.4637 6.63528 4
    endloop
  endfacet
  facet normal 0.130529 0.991445 -0
    outer loop
      vertex 6.63528 9.4637 4
      vertex 5.6 9.6 29.5
      vertex 6.63528 9.4637 29.5
    endloop
  endfacet
  facet normal 0.130529 0.991445 0
    outer loop
      vertex 5.6 9.6 29.5
      vertex 6.63528 9.4637 4
      vertex 5.6 9.6 4
    endloop
  endfacet
  facet normal -0.382683 0.92388 0
    outer loop
      vertex 4.56472 9.4637 4
      vertex 3.6 9.0641 29.5
      vertex 4.56472 9.4637 29.5
    endloop
  endfacet
  facet normal -0.382683 0.92388 0
    outer loop
      vertex 3.6 9.0641 29.5
      vertex 4.56472 9.4637 4
      vertex 3.6 9.0641 4
    endloop
  endfacet
  facet normal -0.608757 0.793356 0
    outer loop
      vertex 3.6 9.0641 4
      vertex 2.77157 8.42843 29.5
      vertex 3.6 9.0641 29.5
    endloop
  endfacet
  facet normal -0.608757 0.793356 0
    outer loop
      vertex 2.77157 8.42843 29.5
      vertex 3.6 9.0641 4
      vertex 2.77157 8.42843 4
    endloop
  endfacet
  facet normal 0.608752 -0.793361 0
    outer loop
      vertex 8.20483 2.6 4
      vertex 8.42843 2.77157 29.5
      vertex 8.20483 2.6 29.5
    endloop
  endfacet
  facet normal 0.608752 -0.793361 0
    outer loop
      vertex 8.42843 2.77157 29.5
      vertex 8.20483 2.6 4
      vertex 8.42843 2.77157 4
    endloop
  endfacet
  facet normal -0.608752 -0.793361 0
    outer loop
      vertex 2.77157 2.77157 4
      vertex 2.99517 2.6 29.5
      vertex 2.77157 2.77157 29.5
    endloop
  endfacet
  facet normal -0.608752 -0.793361 -0
    outer loop
      vertex 2.99517 2.6 29.5
      vertex 2.77157 2.77157 4
      vertex 2.99517 2.6 4
    endloop
  endfacet
  facet normal 0.793356 0.608757 0
    outer loop
      vertex 9.0641 7.6 29.5
      vertex 8.42843 8.42843 4
      vertex 8.42843 8.42843 29.5
    endloop
  endfacet
  facet normal 0.793356 0.608757 0
    outer loop
      vertex 8.42843 8.42843 4
      vertex 9.0641 7.6 29.5
      vertex 9.0641 7.6 4
    endloop
  endfacet
  facet normal 0.608757 0.793356 -0
    outer loop
      vertex 8.42843 8.42843 4
      vertex 7.6 9.0641 29.5
      vertex 8.42843 8.42843 29.5
    endloop
  endfacet
  facet normal 0.608757 0.793356 0
    outer loop
      vertex 7.6 9.0641 29.5
      vertex 8.42843 8.42843 4
      vertex 7.6 9.0641 4
    endloop
  endfacet
  facet normal -0.793361 0.608752 0
    outer loop
      vertex 2.6 8.20483 4
      vertex 2.77157 8.42843 29.5
      vertex 2.77157 8.42843 4
    endloop
  endfacet
  facet normal -0.793361 0.608752 0
    outer loop
      vertex 2.77157 8.42843 29.5
      vertex 2.6 8.20483 4
      vertex 2.6 8.20483 29.5
    endloop
  endfacet
  facet normal -0.130529 0.991445 0
    outer loop
      vertex 5.6 9.6 4
      vertex 4.56472 9.4637 29.5
      vertex 5.6 9.6 29.5
    endloop
  endfacet
  facet normal -0.130529 0.991445 0
    outer loop
      vertex 4.56472 9.4637 29.5
      vertex 5.6 9.6 4
      vertex 4.56472 9.4637 4
    endloop
  endfacet
  facet normal 0.92388 -0.382683 0
    outer loop
      vertex 9.0641 3.6 29.5
      vertex 9.4637 4.56472 4
      vertex 9.4637 4.56472 29.5
    endloop
  endfacet
  facet normal 0.92388 -0.382683 0
    outer loop
      vertex 9.4637 4.56472 4
      vertex 9.0641 3.6 29.5
      vertex 9.0641 3.6 4
    endloop
  endfacet
  facet normal 0.793356 -0.608757 0
    outer loop
      vertex 8.42843 2.77157 29.5
      vertex 9.0641 3.6 4
      vertex 9.0641 3.6 29.5
    endloop
  endfacet
  facet normal 0.793356 -0.608757 0
    outer loop
      vertex 9.0641 3.6 4
      vertex 8.42843 2.77157 29.5
      vertex 8.42843 2.77157 4
    endloop
  endfacet
  facet normal -0.793361 -0.608752 0
    outer loop
      vertex 2.77157 2.77157 4
      vertex 2.6 2.99517 29.5
      vertex 2.6 2.99517 4
    endloop
  endfacet
  facet normal -0.793361 -0.608752 0
    outer loop
      vertex 2.6 2.99517 29.5
      vertex 2.77157 2.77157 4
      vertex 2.77157 2.77157 29.5
    endloop
  endfacet
  facet normal 0 0 1
    outer loop
      vertex 9.4637 6.63528 29.5
      vertex 6.83637 6.00172 29.5
      vertex 6.9 5.6 29.5
    endloop
  endfacet
  facet normal 0 0 1
    outer loop
      vertex 8.42843 8.42843 29.5
      vertex 6.65172 6.36412 29.5
      vertex 6.83637 6.00172 29.5
    endloop
  endfacet
  facet normal 0 0 1
    outer loop
      vertex 6.00172 6.83637 29.5
      vertex 7.6 9.0641 29.5
      vertex 6.63528 9.4637 29.5
    endloop
  endfacet
  facet normal 0 0 1
    outer loop
      vertex 8.42843 8.42843 29.5
      vertex 6.36412 6.65172 29.5
      vertex 6.65172 6.36412 29.5
    endloop
  endfacet
  facet normal 0 0 1
    outer loop
      vertex 7.6 9.0641 29.5
      vertex 6.00172 6.83637 29.5
      vertex 6.36412 6.65172 29.5
    endloop
  endfacet
  facet normal 0 0 1
    outer loop
      vertex 5.6 6.9 29.5
      vertex 6.63528 9.4637 29.5
      vertex 5.6 9.6 29.5
    endloop
  endfacet
  facet normal 0 0 1
    outer loop
      vertex 6.63528 9.4637 29.5
      vertex 5.6 6.9 29.5
      vertex 6.00172 6.83637 29.5
    endloop
  endfacet
  facet normal -0 0 1
    outer loop
      vertex 4.56472 9.4637 29.5
      vertex 5.6 6.9 29.5
      vertex 5.6 9.6 29.5
    endloop
  endfacet
  facet normal 0 0 1
    outer loop
      vertex 5.6 6.9 29.5
      vertex 4.56472 9.4637 29.5
      vertex 5.19828 6.83637 29.5
    endloop
  endfacet
  facet normal -0 0 1
    outer loop
      vertex 3.6 9.0641 29.5
      vertex 5.19828 6.83637 29.5
      vertex 4.56472 9.4637 29.5
    endloop
  endfacet
  facet normal 0 0 1
    outer loop
      vertex 5.19828 6.83637 29.5
      vertex 3.6 9.0641 29.5
      vertex 4.83588 6.65172 29.5
    endloop
  endfacet
  facet normal -0 0 1
    outer loop
      vertex 2.77157 8.42843 29.5
      vertex 4.83588 6.65172 29.5
      vertex 3.6 9.0641 29.5
    endloop
  endfacet
  facet normal -0 0 1
    outer loop
      vertex 2.6 8.20483 29.5
      vertex 4.83588 6.65172 29.5
      vertex 2.77157 8.42843 29.5
    endloop
  endfacet
  facet normal 0 0 1
    outer loop
      vertex 4.83588 6.65172 29.5
      vertex 2.6 8.20483 29.5
      vertex 4.54828 6.36412 29.5
    endloop
  endfacet
  facet normal 0 0 1
    outer loop
      vertex 6.9 5.6 29.5
      vertex 9.6 5.6 29.5
      vertex 9.4637 6.63528 29.5
    endloop
  endfacet
  facet normal 0 0 1
    outer loop
      vertex 6.83637 6.00172 29.5
      vertex 9.4637 6.63528 29.5
      vertex 9.0641 7.6 29.5
    endloop
  endfacet
  facet normal 0 0 1
    outer loop
      vertex 9.6 5.6 29.5
      vertex 6.9 5.6 29.5
      vertex 9.4637 4.56472 29.5
    endloop
  endfacet
  facet normal 0 0 1
    outer loop
      vertex 6.83637 6.00172 29.5
      vertex 9.0641 7.6 29.5
      vertex 8.42843 8.42843 29.5
    endloop
  endfacet
  facet normal -0 0 1
    outer loop
      vertex 6.83637 5.19828 29.5
      vertex 9.4637 4.56472 29.5
      vertex 6.9 5.6 29.5
    endloop
  endfacet
  facet normal 0 0 1
    outer loop
      vertex 9.4637 4.56472 29.5
      vertex 6.83637 5.19828 29.5
      vertex 9.0641 3.6 29.5
    endloop
  endfacet
  facet normal 0 0 1
    outer loop
      vertex 6.36412 6.65172 29.5
      vertex 8.42843 8.42843 29.5
      vertex 7.6 9.0641 29.5
    endloop
  endfacet
  facet normal -0 0 1
    outer loop
      vertex 6.65172 4.83588 29.5
      vertex 9.0641 3.6 29.5
      vertex 6.83637 5.19828 29.5
    endloop
  endfacet
  facet normal 0 0 1
    outer loop
      vertex 9.0641 3.6 29.5
      vertex 6.65172 4.83588 29.5
      vertex 8.42843 2.77157 29.5
    endloop
  endfacet
  facet normal 0 0 1
    outer loop
      vertex 8.42843 2.77157 29.5
      vertex 6.65172 4.83588 29.5
      vertex 8.20483 2.6 29.5
    endloop
  endfacet
  facet normal -0 0 1
    outer loop
      vertex 6.36412 4.54828 29.5
      vertex 8.20483 2.6 29.5
      vertex 6.65172 4.83588 29.5
    endloop
  endfacet
  facet normal -0 0 1
    outer loop
      vertex 6.00172 4.36363 29.5
      vertex 8.20483 2.6 29.5
      vertex 6.36412 4.54828 29.5
    endloop
  endfacet
  facet normal -0 0 1
    outer loop
      vertex 5.6 4.3 29.5
      vertex 8.20483 2.6 29.5
      vertex 6.00172 4.36363 29.5
    endloop
  endfacet
  facet normal 0 0 1
    outer loop
      vertex 2.99517 2.6 29.5
      vertex 5.6 4.3 29.5
      vertex 5.19828 4.36363 29.5
    endloop
  endfacet
  facet normal 0 0 1
    outer loop
      vertex 2.99517 2.6 29.5
      vertex 5.19828 4.36363 29.5
      vertex 4.83588 4.54828 29.5
    endloop
  endfacet
  facet normal 0 0 1
    outer loop
      vertex 4.54828 6.36412 29.5
      vertex 2.6 8.20483 29.5
      vertex 4.36363 6.00172 29.5
    endloop
  endfacet
  facet normal 0 0 1
    outer loop
      vertex 5.6 4.3 29.5
      vertex 2.99517 2.6 29.5
      vertex 8.20483 2.6 29.5
    endloop
  endfacet
  facet normal 0 0 1
    outer loop
      vertex 4.54828 4.83588 29.5
      vertex 2.99517 2.6 29.5
      vertex 4.83588 4.54828 29.5
    endloop
  endfacet
  facet normal 0 0 1
    outer loop
      vertex 2.6 2.99517 29.5
      vertex 4.54828 4.83588 29.5
      vertex 4.36363 5.19828 29.5
    endloop
  endfacet
  facet normal 0 0 1
    outer loop
      vertex 4.36363 6.00172 29.5
      vertex 2.6 8.20483 29.5
      vertex 4.3 5.6 29.5
    endloop
  endfacet
  facet normal 0 0 1
    outer loop
      vertex 2.6 2.99517 29.5
      vertex 4.3 5.6 29.5
      vertex 2.6 8.20483 29.5
    endloop
  endfacet
  facet normal 0 0 1
    outer loop
      vertex 4.3 5.6 29.5
      vertex 2.6 2.99517 29.5
      vertex 4.36363 5.19828 29.5
    endloop
  endfacet
  facet normal 0 0 1
    outer loop
      vertex 4.54828 4.83588 29.5
      vertex 2.6 2.99517 29.5
      vertex 2.99517 2.6 29.5
    endloop
  endfacet
  facet normal 0 0 1
    outer loop
      vertex 2.99517 2.6 29.5
      vertex 2.6 2.99517 29.5
      vertex 2.77157 2.77157 29.5
    endloop
  endfacet
  facet normal 0.991445 -0.130529 0
    outer loop
      vertex 9.4637 4.56472 29.5
      vertex 9.6 5.6 4
      vertex 9.6 5.6 29.5
    endloop
  endfacet
  facet normal 0.991445 -0.130529 0
    outer loop
      vertex 9.6 5.6 4
      vertex 9.4637 4.56472 29.5
      vertex 9.4637 4.56472 4
    endloop
  endfacet
  facet normal -0.987687 -0.156444 0
    outer loop
      vertex 6.9 5.6 4
      vertex 6.83637 6.00172 29.5
      vertex 6.83637 6.00172 4
    endloop
  endfacet
  facet normal -0.987687 -0.156444 0
    outer loop
      vertex 6.83637 6.00172 29.5
      vertex 6.9 5.6 4
      vertex 6.9 5.6 29.5
    endloop
  endfacet
  facet normal 0.987687 -0.156444 0
    outer loop
      vertex 4.3 5.6 29.5
      vertex 4.36363 6.00172 4
      vertex 4.36363 6.00172 29.5
    endloop
  endfacet
  facet normal 0.987687 -0.156444 0
    outer loop
      vertex 4.36363 6.00172 4
      vertex 4.3 5.6 29.5
      vertex 4.3 5.6 4
    endloop
  endfacet
  facet normal 0.156444 -0.987687 0
    outer loop
      vertex 5.19828 6.83637 4
      vertex 5.6 6.9 29.5
      vertex 5.19828 6.83637 29.5
    endloop
  endfacet
  facet normal 0.156444 -0.987687 0
    outer loop
      vertex 5.6 6.9 29.5
      vertex 5.19828 6.83637 4
      vertex 5.6 6.9 4
    endloop
  endfacet
  facet normal -0.156444 0.987687 0
    outer loop
      vertex 6.00172 4.36363 4
      vertex 5.6 4.3 29.5
      vertex 6.00172 4.36363 29.5
    endloop
  endfacet
  facet normal -0.156444 0.987687 0
    outer loop
      vertex 5.6 4.3 29.5
      vertex 6.00172 4.36363 4
      vertex 5.6 4.3 4
    endloop
  endfacet
  facet normal -0.891009 0.453987 0
    outer loop
      vertex 6.65172 4.83588 4
      vertex 6.83637 5.19828 29.5
      vertex 6.83637 5.19828 4
    endloop
  endfacet
  facet normal -0.891009 0.453987 0
    outer loop
      vertex 6.83637 5.19828 29.5
      vertex 6.65172 4.83588 4
      vertex 6.65172 4.83588 29.5
    endloop
  endfacet
  facet normal -0.453987 -0.891009 0
    outer loop
      vertex 6.00172 6.83637 4
      vertex 6.36412 6.65172 29.5
      vertex 6.00172 6.83637 29.5
    endloop
  endfacet
  facet normal -0.453987 -0.891009 -0
    outer loop
      vertex 6.36412 6.65172 29.5
      vertex 6.00172 6.83637 4
      vertex 6.36412 6.65172 4
    endloop
  endfacet
  facet normal -0.891009 -0.453987 0
    outer loop
      vertex 6.83637 6.00172 4
      vertex 6.65172 6.36412 29.5
      vertex 6.65172 6.36412 4
    endloop
  endfacet
  facet normal -0.891009 -0.453987 0
    outer loop
      vertex 6.65172 6.36412 29.5
      vertex 6.83637 6.00172 4
      vertex 6.83637 6.00172 29.5
    endloop
  endfacet
  facet normal -0.156444 -0.987687 0
    outer loop
      vertex 5.6 6.9 4
      vertex 6.00172 6.83637 29.5
      vertex 5.6 6.9 29.5
    endloop
  endfacet
  facet normal -0.156444 -0.987687 -0
    outer loop
      vertex 6.00172 6.83637 29.5
      vertex 5.6 6.9 4
      vertex 6.00172 6.83637 4
    endloop
  endfacet
  facet normal 0.707107 -0.707107 0
    outer loop
      vertex 4.54828 6.36412 29.5
      vertex 4.83588 6.65172 4
      vertex 4.83588 6.65172 29.5
    endloop
  endfacet
  facet normal 0.707107 -0.707107 0
    outer loop
      vertex 4.83588 6.65172 4
      vertex 4.54828 6.36412 29.5
      vertex 4.54828 6.36412 4
    endloop
  endfacet
  facet normal 0.891009 -0.453987 0
    outer loop
      vertex 4.36363 6.00172 29.5
      vertex 4.54828 6.36412 4
      vertex 4.54828 6.36412 29.5
    endloop
  endfacet
  facet normal 0.891009 -0.453987 0
    outer loop
      vertex 4.54828 6.36412 4
      vertex 4.36363 6.00172 29.5
      vertex 4.36363 6.00172 4
    endloop
  endfacet
  facet normal 0.453987 -0.891009 0
    outer loop
      vertex 4.83588 6.65172 4
      vertex 5.19828 6.83637 29.5
      vertex 4.83588 6.65172 29.5
    endloop
  endfacet
  facet normal 0.453987 -0.891009 0
    outer loop
      vertex 5.19828 6.83637 29.5
      vertex 4.83588 6.65172 4
      vertex 5.19828 6.83637 4
    endloop
  endfacet
  facet normal -0.987687 0.156444 0
    outer loop
      vertex 6.83637 5.19828 4
      vertex 6.9 5.6 29.5
      vertex 6.9 5.6 4
    endloop
  endfacet
  facet normal -0.987687 0.156444 0
    outer loop
      vertex 6.9 5.6 29.5
      vertex 6.83637 5.19828 4
      vertex 6.83637 5.19828 29.5
    endloop
  endfacet
  facet normal -0.707107 -0.707107 0
    outer loop
      vertex 6.65172 6.36412 4
      vertex 6.36412 6.65172 29.5
      vertex 6.36412 6.65172 4
    endloop
  endfacet
  facet normal -0.707107 -0.707107 0
    outer loop
      vertex 6.36412 6.65172 29.5
      vertex 6.65172 6.36412 4
      vertex 6.65172 6.36412 29.5
    endloop
  endfacet
  facet normal -0.453987 0.891009 0
    outer loop
      vertex 6.36412 4.54828 4
      vertex 6.00172 4.36363 29.5
      vertex 6.36412 4.54828 29.5
    endloop
  endfacet
  facet normal -0.453987 0.891009 0
    outer loop
      vertex 6.00172 4.36363 29.5
      vertex 6.36412 4.54828 4
      vertex 6.00172 4.36363 4
    endloop
  endfacet
  facet normal -0.707107 0.707107 0
    outer loop
      vertex 6.36412 4.54828 4
      vertex 6.65172 4.83588 29.5
      vertex 6.65172 4.83588 4
    endloop
  endfacet
  facet normal -0.707107 0.707107 0
    outer loop
      vertex 6.65172 4.83588 29.5
      vertex 6.36412 4.54828 4
      vertex 6.36412 4.54828 29.5
    endloop
  endfacet
  facet normal 0.891009 0.453987 0
    outer loop
      vertex 4.54828 4.83588 29.5
      vertex 4.36363 5.19828 4
      vertex 4.36363 5.19828 29.5
    endloop
  endfacet
  facet normal 0.891009 0.453987 0
    outer loop
      vertex 4.36363 5.19828 4
      vertex 4.54828 4.83588 29.5
      vertex 4.54828 4.83588 4
    endloop
  endfacet
  facet normal 0.987687 0.156444 0
    outer loop
      vertex 4.36363 5.19828 29.5
      vertex 4.3 5.6 4
      vertex 4.3 5.6 29.5
    endloop
  endfacet
  facet normal 0.987687 0.156444 0
    outer loop
      vertex 4.3 5.6 4
      vertex 4.36363 5.19828 29.5
      vertex 4.36363 5.19828 4
    endloop
  endfacet
  facet normal 0.156444 0.987687 -0
    outer loop
      vertex 5.6 4.3 4
      vertex 5.19828 4.36363 29.5
      vertex 5.6 4.3 29.5
    endloop
  endfacet
  facet normal 0.156444 0.987687 0
    outer loop
      vertex 5.19828 4.36363 29.5
      vertex 5.6 4.3 4
      vertex 5.19828 4.36363 4
    endloop
  endfacet
  facet normal 0.707107 0.707107 0
    outer loop
      vertex 4.83588 4.54828 29.5
      vertex 4.54828 4.83588 4
      vertex 4.54828 4.83588 29.5
    endloop
  endfacet
  facet normal 0.707107 0.707107 0
    outer loop
      vertex 4.54828 4.83588 4
      vertex 4.83588 4.54828 29.5
      vertex 4.83588 4.54828 4
    endloop
  endfacet
  facet normal 0.453987 0.891009 -0
    outer loop
      vertex 5.19828 4.36363 4
      vertex 4.83588 4.54828 29.5
      vertex 5.19828 4.36363 29.5
    endloop
  endfacet
  facet normal 0.453987 0.891009 0
    outer loop
      vertex 4.83588 4.54828 29.5
      vertex 5.19828 4.36363 4
      vertex 4.83588 4.54828 4
    endloop
  endfacet
  facet normal 0.991445 0.130526 0
    outer loop
      vertex 9.6 87.4 29.5
      vertex 9.4637 88.4353 4
      vertex 9.4637 88.4353 29.5
    endloop
  endfacet
  facet normal 0.991445 0.130526 0
    outer loop
      vertex 9.4637 88.4353 4
      vertex 9.6 87.4 29.5
      vertex 9.6 87.4 4
    endloop
  endfacet
  facet normal -0.382683 -0.92388 0
    outer loop
      vertex 3.6 83.9359 4
      vertex 4.56472 83.5363 29.5
      vertex 3.6 83.9359 29.5
    endloop
  endfacet
  facet normal -0.382683 -0.92388 -0
    outer loop
      vertex 4.56472 83.5363 29.5
      vertex 3.6 83.9359 4
      vertex 4.56472 83.5363 4
    endloop
  endfacet
  facet normal 0.923877 0.38269 0
    outer loop
      vertex 9.4637 88.4353 29.5
      vertex 9.0641 89.4 4
      vertex 9.0641 89.4 29.5
    endloop
  endfacet
  facet normal 0.923877 0.38269 0
    outer loop
      vertex 9.0641 89.4 4
      vertex 9.4637 88.4353 29.5
      vertex 9.4637 88.4353 4
    endloop
  endfacet
  facet normal -0.608819 0.793309 0
    outer loop
      vertex 2.99517 90.4 4
      vertex 2.77157 90.2284 29.5
      vertex 2.99517 90.4 29.5
    endloop
  endfacet
  facet normal -0.608819 0.793309 0
    outer loop
      vertex 2.77157 90.2284 29.5
      vertex 2.99517 90.4 4
      vertex 2.77157 90.2284 4
    endloop
  endfacet
  facet normal 0.608775 -0.793343 0
    outer loop
      vertex 7.6 83.9359 4
      vertex 8.42843 84.5716 29.5
      vertex 7.6 83.9359 29.5
    endloop
  endfacet
  facet normal 0.608775 -0.793343 0
    outer loop
      vertex 8.42843 84.5716 29.5
      vertex 7.6 83.9359 4
      vertex 8.42843 84.5716 4
    endloop
  endfacet
  facet normal -0.608775 -0.793343 0
    outer loop
      vertex 2.77157 84.5716 4
      vertex 3.6 83.9359 29.5
      vertex 2.77157 84.5716 29.5
    endloop
  endfacet
  facet normal -0.608775 -0.793343 -0
    outer loop
      vertex 3.6 83.9359 29.5
      vertex 2.77157 84.5716 4
      vertex 3.6 83.9359 4
    endloop
  endfacet
  facet normal 0.793346 0.608771 0
    outer loop
      vertex 9.0641 89.4 29.5
      vertex 8.42843 90.2284 4
      vertex 8.42843 90.2284 29.5
    endloop
  endfacet
  facet normal 0.793346 0.608771 0
    outer loop
      vertex 8.42843 90.2284 4
      vertex 9.0641 89.4 29.5
      vertex 9.0641 89.4 4
    endloop
  endfacet
  facet normal 0.608819 0.793309 -0
    outer loop
      vertex 8.42843 90.2284 4
      vertex 8.20483 90.4 29.5
      vertex 8.42843 90.2284 29.5
    endloop
  endfacet
  facet normal 0.608819 0.793309 0
    outer loop
      vertex 8.20483 90.4 29.5
      vertex 8.42843 90.2284 4
      vertex 8.20483 90.4 4
    endloop
  endfacet
  facet normal -0.793361 0.608752 0
    outer loop
      vertex 2.6 90.0048 4
      vertex 2.77157 90.2284 29.5
      vertex 2.77157 90.2284 4
    endloop
  endfacet
  facet normal -0.793361 0.608752 0
    outer loop
      vertex 2.77157 90.2284 29.5
      vertex 2.6 90.0048 4
      vertex 2.6 90.0048 29.5
    endloop
  endfacet
  facet normal 0.923877 -0.38269 0
    outer loop
      vertex 9.0641 85.4 29.5
      vertex 9.4637 86.3647 4
      vertex 9.4637 86.3647 29.5
    endloop
  endfacet
  facet normal 0.923877 -0.38269 0
    outer loop
      vertex 9.4637 86.3647 4
      vertex 9.0641 85.4 29.5
      vertex 9.0641 85.4 4
    endloop
  endfacet
  facet normal 0.130529 -0.991445 0
    outer loop
      vertex 5.6 83.4 4
      vertex 6.63528 83.5363 29.5
      vertex 5.6 83.4 29.5
    endloop
  endfacet
  facet normal 0.130529 -0.991445 0
    outer loop
      vertex 6.63528 83.5363 29.5
      vertex 5.6 83.4 4
      vertex 6.63528 83.5363 4
    endloop
  endfacet
  facet normal 0.793346 -0.608771 0
    outer loop
      vertex 8.42843 84.5716 29.5
      vertex 9.0641 85.4 4
      vertex 9.0641 85.4 29.5
    endloop
  endfacet
  facet normal 0.793346 -0.608771 0
    outer loop
      vertex 9.0641 85.4 4
      vertex 8.42843 84.5716 29.5
      vertex 8.42843 84.5716 4
    endloop
  endfacet
  facet normal 0.382683 -0.92388 0
    outer loop
      vertex 6.63528 83.5363 4
      vertex 7.6 83.9359 29.5
      vertex 6.63528 83.5363 29.5
    endloop
  endfacet
  facet normal 0.382683 -0.92388 0
    outer loop
      vertex 7.6 83.9359 29.5
      vertex 6.63528 83.5363 4
      vertex 7.6 83.9359 4
    endloop
  endfacet
  facet normal -0.130529 -0.991445 0
    outer loop
      vertex 4.56472 83.5363 4
      vertex 5.6 83.4 29.5
      vertex 4.56472 83.5363 29.5
    endloop
  endfacet
  facet normal -0.130529 -0.991445 -0
    outer loop
      vertex 5.6 83.4 29.5
      vertex 4.56472 83.5363 4
      vertex 5.6 83.4 4
    endloop
  endfacet
  facet normal -0.793361 -0.608752 0
    outer loop
      vertex 2.77157 84.5716 4
      vertex 2.6 84.7952 29.5
      vertex 2.6 84.7952 4
    endloop
  endfacet
  facet normal -0.793361 -0.608752 0
    outer loop
      vertex 2.6 84.7952 29.5
      vertex 2.77157 84.5716 4
      vertex 2.77157 84.5716 29.5
    endloop
  endfacet
  facet normal 0 0 1
    outer loop
      vertex 6.9 87.4 29.5
      vertex 9.6 87.4 29.5
      vertex 9.4637 88.4353 29.5
    endloop
  endfacet
  facet normal 0 0 1
    outer loop
      vertex 6.83637 87.8017 29.5
      vertex 9.4637 88.4353 29.5
      vertex 9.0641 89.4 29.5
    endloop
  endfacet
  facet normal 0 0 1
    outer loop
      vertex 9.6 87.4 29.5
      vertex 6.9 87.4 29.5
      vertex 9.4637 86.3647 29.5
    endloop
  endfacet
  facet normal 0 0 1
    outer loop
      vertex 6.65172 88.1641 29.5
      vertex 9.0641 89.4 29.5
      vertex 8.42843 90.2284 29.5
    endloop
  endfacet
  facet normal -0 0 1
    outer loop
      vertex 6.83637 86.9983 29.5
      vertex 9.4637 86.3647 29.5
      vertex 6.9 87.4 29.5
    endloop
  endfacet
  facet normal 0 0 1
    outer loop
      vertex 6.65172 88.1641 29.5
      vertex 8.42843 90.2284 29.5
      vertex 8.20483 90.4 29.5
    endloop
  endfacet
  facet normal 0 0 1
    outer loop
      vertex 9.4637 86.3647 29.5
      vertex 6.83637 86.9983 29.5
      vertex 9.0641 85.4 29.5
    endloop
  endfacet
  facet normal -0 0 1
    outer loop
      vertex 6.65172 86.6359 29.5
      vertex 9.0641 85.4 29.5
      vertex 6.83637 86.9983 29.5
    endloop
  endfacet
  facet normal 0 0 1
    outer loop
      vertex 9.4637 88.4353 29.5
      vertex 6.83637 87.8017 29.5
      vertex 6.9 87.4 29.5
    endloop
  endfacet
  facet normal 0 0 1
    outer loop
      vertex 9.0641 89.4 29.5
      vertex 6.65172 88.1641 29.5
      vertex 6.83637 87.8017 29.5
    endloop
  endfacet
  facet normal 0 0 1
    outer loop
      vertex 8.20483 90.4 29.5
      vertex 6.36412 88.4517 29.5
      vertex 6.65172 88.1641 29.5
    endloop
  endfacet
  facet normal 0 0 1
    outer loop
      vertex 8.20483 90.4 29.5
      vertex 6.00172 88.6364 29.5
      vertex 6.36412 88.4517 29.5
    endloop
  endfacet
  facet normal 0 0 1
    outer loop
      vertex 8.20483 90.4 29.5
      vertex 5.6 88.7 29.5
      vertex 6.00172 88.6364 29.5
    endloop
  endfacet
  facet normal -0 0 1
    outer loop
      vertex 2.99517 90.4 29.5
      vertex 5.6 88.7 29.5
      vertex 8.20483 90.4 29.5
    endloop
  endfacet
  facet normal 0 0 1
    outer loop
      vertex 5.6 88.7 29.5
      vertex 2.99517 90.4 29.5
      vertex 5.19828 88.6364 29.5
    endloop
  endfacet
  facet normal 0 0 1
    outer loop
      vertex 2.6 90.0048 29.5
      vertex 4.3 87.4 29.5
      vertex 4.36363 87.8017 29.5
    endloop
  endfacet
  facet normal 0 0 1
    outer loop
      vertex 5.19828 88.6364 29.5
      vertex 2.99517 90.4 29.5
      vertex 4.83588 88.4517 29.5
    endloop
  endfacet
  facet normal 0 0 1
    outer loop
      vertex 2.99517 90.4 29.5
      vertex 4.54828 88.1641 29.5
      vertex 4.83588 88.4517 29.5
    endloop
  endfacet
  facet normal -0 0 1
    outer loop
      vertex 2.6 90.0048 29.5
      vertex 4.54828 88.1641 29.5
      vertex 2.99517 90.4 29.5
    endloop
  endfacet
  facet normal 0 0 1
    outer loop
      vertex 4.54828 88.1641 29.5
      vertex 2.6 90.0048 29.5
      vertex 4.36363 87.8017 29.5
    endloop
  endfacet
  facet normal 0 0 1
    outer loop
      vertex 2.6 90.0048 29.5
      vertex 2.99517 90.4 29.5
      vertex 2.77157 90.2284 29.5
    endloop
  endfacet
  facet normal 0 0 1
    outer loop
      vertex 4.3 87.4 29.5
      vertex 2.6 90.0048 29.5
      vertex 2.6 84.7952 29.5
    endloop
  endfacet
  facet normal 0 0 1
    outer loop
      vertex 4.3 87.4 29.5
      vertex 2.6 84.7952 29.5
      vertex 2.77157 84.5716 29.5
    endloop
  endfacet
  facet normal 0 0 1
    outer loop
      vertex 4.3 87.4 29.5
      vertex 2.77157 84.5716 29.5
      vertex 3.6 83.9359 29.5
    endloop
  endfacet
  facet normal 0 0 1
    outer loop
      vertex 9.0641 85.4 29.5
      vertex 6.65172 86.6359 29.5
      vertex 8.42843 84.5716 29.5
    endloop
  endfacet
  facet normal -0 0 1
    outer loop
      vertex 6.36412 86.3483 29.5
      vertex 8.42843 84.5716 29.5
      vertex 6.65172 86.6359 29.5
    endloop
  endfacet
  facet normal 0 0 1
    outer loop
      vertex 8.42843 84.5716 29.5
      vertex 6.36412 86.3483 29.5
      vertex 7.6 83.9359 29.5
    endloop
  endfacet
  facet normal -0 0 1
    outer loop
      vertex 6.00172 86.1636 29.5
      vertex 7.6 83.9359 29.5
      vertex 6.36412 86.3483 29.5
    endloop
  endfacet
  facet normal 0 0 1
    outer loop
      vertex 7.6 83.9359 29.5
      vertex 6.00172 86.1636 29.5
      vertex 6.63528 83.5363 29.5
    endloop
  endfacet
  facet normal -0 0 1
    outer loop
      vertex 5.6 86.1 29.5
      vertex 6.63528 83.5363 29.5
      vertex 6.00172 86.1636 29.5
    endloop
  endfacet
  facet normal 0 0 1
    outer loop
      vertex 5.6 86.1 29.5
      vertex 5.6 83.4 29.5
      vertex 6.63528 83.5363 29.5
    endloop
  endfacet
  facet normal 0 0 1
    outer loop
      vertex 4.56472 83.5363 29.5
      vertex 5.6 86.1 29.5
      vertex 5.19828 86.1636 29.5
    endloop
  endfacet
  facet normal 0 0 1
    outer loop
      vertex 3.6 83.9359 29.5
      vertex 5.19828 86.1636 29.5
      vertex 4.83588 86.3483 29.5
    endloop
  endfacet
  facet normal 0 0 1
    outer loop
      vertex 5.6 86.1 29.5
      vertex 4.56472 83.5363 29.5
      vertex 5.6 83.4 29.5
    endloop
  endfacet
  facet normal 0 0 1
    outer loop
      vertex 3.6 83.9359 29.5
      vertex 4.83588 86.3483 29.5
      vertex 4.54828 86.6359 29.5
    endloop
  endfacet
  facet normal 0 0 1
    outer loop
      vertex 3.6 83.9359 29.5
      vertex 4.54828 86.6359 29.5
      vertex 4.36363 86.9983 29.5
    endloop
  endfacet
  facet normal 0 0 1
    outer loop
      vertex 3.6 83.9359 29.5
      vertex 4.36363 86.9983 29.5
      vertex 4.3 87.4 29.5
    endloop
  endfacet
  facet normal 0 0 1
    outer loop
      vertex 5.19828 86.1636 29.5
      vertex 3.6 83.9359 29.5
      vertex 4.56472 83.5363 29.5
    endloop
  endfacet
  facet normal 0.991445 -0.130526 0
    outer loop
      vertex 9.4637 86.3647 29.5
      vertex 9.6 87.4 4
      vertex 9.6 87.4 29.5
    endloop
  endfacet
  facet normal 0.991445 -0.130526 0
    outer loop
      vertex 9.6 87.4 4
      vertex 9.4637 86.3647 29.5
      vertex 9.4637 86.3647 4
    endloop
  endfacet
  facet normal -0.987686 -0.156451 0
    outer loop
      vertex 6.9 87.4 4
      vertex 6.83637 87.8017 29.5
      vertex 6.83637 87.8017 4
    endloop
  endfacet
  facet normal -0.987686 -0.156451 0
    outer loop
      vertex 6.83637 87.8017 29.5
      vertex 6.9 87.4 4
      vertex 6.9 87.4 29.5
    endloop
  endfacet
  facet normal 0.987686 -0.156451 0
    outer loop
      vertex 4.3 87.4 29.5
      vertex 4.36363 87.8017 4
      vertex 4.36363 87.8017 29.5
    endloop
  endfacet
  facet normal 0.987686 -0.156451 0
    outer loop
      vertex 4.36363 87.8017 4
      vertex 4.3 87.4 29.5
      vertex 4.3 87.4 4
    endloop
  endfacet
  facet normal 0.156372 -0.987698 0
    outer loop
      vertex 5.19828 88.6364 4
      vertex 5.6 88.7 29.5
      vertex 5.19828 88.6364 29.5
    endloop
  endfacet
  facet normal 0.156372 -0.987698 0
    outer loop
      vertex 5.6 88.7 29.5
      vertex 5.19828 88.6364 4
      vertex 5.6 88.7 4
    endloop
  endfacet
  facet normal -0.156372 0.987698 0
    outer loop
      vertex 6.00172 86.1636 4
      vertex 5.6 86.1 29.5
      vertex 6.00172 86.1636 29.5
    endloop
  endfacet
  facet normal -0.156372 0.987698 0
    outer loop
      vertex 5.6 86.1 29.5
      vertex 6.00172 86.1636 4
      vertex 5.6 86.1 4
    endloop
  endfacet
  facet normal -0.891009 0.453987 0
    outer loop
      vertex 6.65172 86.6359 4
      vertex 6.83637 86.9983 29.5
      vertex 6.83637 86.9983 4
    endloop
  endfacet
  facet normal -0.891009 0.453987 0
    outer loop
      vertex 6.83637 86.9983 29.5
      vertex 6.65172 86.6359 4
      vertex 6.65172 86.6359 29.5
    endloop
  endfacet
  facet normal -0.454084 -0.890959 0
    outer loop
      vertex 6.00172 88.6364 4
      vertex 6.36412 88.4517 29.5
      vertex 6.00172 88.6364 29.5
    endloop
  endfacet
  facet normal -0.454084 -0.890959 -0
    outer loop
      vertex 6.36412 88.4517 29.5
      vertex 6.00172 88.6364 4
      vertex 6.36412 88.4517 4
    endloop
  endfacet
  facet normal -0.891009 -0.453987 0
    outer loop
      vertex 6.83637 87.8017 4
      vertex 6.65172 88.1641 29.5
      vertex 6.65172 88.1641 4
    endloop
  endfacet
  facet normal -0.891009 -0.453987 0
    outer loop
      vertex 6.65172 88.1641 29.5
      vertex 6.83637 87.8017 4
      vertex 6.83637 87.8017 29.5
    endloop
  endfacet
  facet normal -0.156372 -0.987698 0
    outer loop
      vertex 5.6 88.7 4
      vertex 6.00172 88.6364 29.5
      vertex 5.6 88.7 29.5
    endloop
  endfacet
  facet normal -0.156372 -0.987698 -0
    outer loop
      vertex 6.00172 88.6364 29.5
      vertex 5.6 88.7 4
      vertex 6.00172 88.6364 4
    endloop
  endfacet
  facet normal 0.707107 -0.707107 0
    outer loop
      vertex 4.54828 88.1641 4
      vertex 4.83588 88.4517 29.5
      vertex 4.54828 88.1641 29.5
    endloop
  endfacet
  facet normal 0.707107 -0.707107 0
    outer loop
      vertex 4.83588 88.4517 29.5
      vertex 4.54828 88.1641 4
      vertex 4.83588 88.4517 4
    endloop
  endfacet
  facet normal 0.891009 -0.453987 0
    outer loop
      vertex 4.36363 87.8017 29.5
      vertex 4.54828 88.1641 4
      vertex 4.54828 88.1641 29.5
    endloop
  endfacet
  facet normal 0.891009 -0.453987 0
    outer loop
      vertex 4.54828 88.1641 4
      vertex 4.36363 87.8017 29.5
      vertex 4.36363 87.8017 4
    endloop
  endfacet
  facet normal 0.454084 -0.890959 0
    outer loop
      vertex 4.83588 88.4517 4
      vertex 5.19828 88.6364 29.5
      vertex 4.83588 88.4517 29.5
    endloop
  endfacet
  facet normal 0.454084 -0.890959 0
    outer loop
      vertex 5.19828 88.6364 29.5
      vertex 4.83588 88.4517 4
      vertex 5.19828 88.6364 4
    endloop
  endfacet
  facet normal -0.987686 0.156451 0
    outer loop
      vertex 6.83637 86.9983 4
      vertex 6.9 87.4 29.5
      vertex 6.9 87.4 4
    endloop
  endfacet
  facet normal -0.987686 0.156451 0
    outer loop
      vertex 6.9 87.4 29.5
      vertex 6.83637 86.9983 4
      vertex 6.83637 86.9983 29.5
    endloop
  endfacet
  facet normal -0.707107 -0.707107 0
    outer loop
      vertex 6.36412 88.4517 4
      vertex 6.65172 88.1641 29.5
      vertex 6.36412 88.4517 29.5
    endloop
  endfacet
  facet normal -0.707107 -0.707107 -0
    outer loop
      vertex 6.65172 88.1641 29.5
      vertex 6.36412 88.4517 4
      vertex 6.65172 88.1641 4
    endloop
  endfacet
  facet normal -0.454084 0.890959 0
    outer loop
      vertex 6.36412 86.3483 4
      vertex 6.00172 86.1636 29.5
      vertex 6.36412 86.3483 29.5
    endloop
  endfacet
  facet normal -0.454084 0.890959 0
    outer loop
      vertex 6.00172 86.1636 29.5
      vertex 6.36412 86.3483 4
      vertex 6.00172 86.1636 4
    endloop
  endfacet
  facet normal -0.707107 0.707107 0
    outer loop
      vertex 6.65172 86.6359 4
      vertex 6.36412 86.3483 29.5
      vertex 6.65172 86.6359 29.5
    endloop
  endfacet
  facet normal -0.707107 0.707107 0
    outer loop
      vertex 6.36412 86.3483 29.5
      vertex 6.65172 86.6359 4
      vertex 6.36412 86.3483 4
    endloop
  endfacet
  facet normal 0.891009 0.453987 0
    outer loop
      vertex 4.54828 86.6359 29.5
      vertex 4.36363 86.9983 4
      vertex 4.36363 86.9983 29.5
    endloop
  endfacet
  facet normal 0.891009 0.453987 0
    outer loop
      vertex 4.36363 86.9983 4
      vertex 4.54828 86.6359 29.5
      vertex 4.54828 86.6359 4
    endloop
  endfacet
  facet normal 0.987686 0.156451 0
    outer loop
      vertex 4.36363 86.9983 29.5
      vertex 4.3 87.4 4
      vertex 4.3 87.4 29.5
    endloop
  endfacet
  facet normal 0.987686 0.156451 0
    outer loop
      vertex 4.3 87.4 4
      vertex 4.36363 86.9983 29.5
      vertex 4.36363 86.9983 4
    endloop
  endfacet
  facet normal 0.156372 0.987698 -0
    outer loop
      vertex 5.6 86.1 4
      vertex 5.19828 86.1636 29.5
      vertex 5.6 86.1 29.5
    endloop
  endfacet
  facet normal 0.156372 0.987698 0
    outer loop
      vertex 5.19828 86.1636 29.5
      vertex 5.6 86.1 4
      vertex 5.19828 86.1636 4
    endloop
  endfacet
  facet normal 0.707107 0.707107 -0
    outer loop
      vertex 4.83588 86.3483 4
      vertex 4.54828 86.6359 29.5
      vertex 4.83588 86.3483 29.5
    endloop
  endfacet
  facet normal 0.707107 0.707107 0
    outer loop
      vertex 4.54828 86.6359 29.5
      vertex 4.83588 86.3483 4
      vertex 4.54828 86.6359 4
    endloop
  endfacet
  facet normal 0.454084 0.890959 -0
    outer loop
      vertex 5.19828 86.1636 4
      vertex 4.83588 86.3483 29.5
      vertex 5.19828 86.1636 29.5
    endloop
  endfacet
  facet normal 0.454084 0.890959 0
    outer loop
      vertex 4.83588 86.3483 29.5
      vertex 5.19828 86.1636 4
      vertex 4.83588 86.3483 4
    endloop
  endfacet
  facet normal 0.382589 0.923919 -0
    outer loop
      vertex 108.8 9.0641 4
      vertex 107.835 9.4637 29.5
      vertex 108.8 9.0641 29.5
    endloop
  endfacet
  facet normal 0.382589 0.923919 0
    outer loop
      vertex 107.835 9.4637 29.5
      vertex 108.8 9.0641 4
      vertex 107.835 9.4637 4
    endloop
  endfacet
  facet normal 0.130564 0.99144 -0
    outer loop
      vertex 107.835 9.4637 4
      vertex 106.8 9.6 29.5
      vertex 107.835 9.4637 29.5
    endloop
  endfacet
  facet normal 0.130564 0.99144 0
    outer loop
      vertex 106.8 9.6 29.5
      vertex 107.835 9.4637 4
      vertex 106.8 9.6 4
    endloop
  endfacet
  facet normal -0.382589 0.923919 0
    outer loop
      vertex 105.765 9.4637 4
      vertex 104.8 9.0641 29.5
      vertex 105.765 9.4637 29.5
    endloop
  endfacet
  facet normal -0.382589 0.923919 0
    outer loop
      vertex 104.8 9.0641 29.5
      vertex 105.765 9.4637 4
      vertex 104.8 9.0641 4
    endloop
  endfacet
  facet normal -0.608956 0.793204 0
    outer loop
      vertex 104.8 9.0641 4
      vertex 103.972 8.42843 29.5
      vertex 104.8 9.0641 29.5
    endloop
  endfacet
  facet normal -0.608956 0.793204 0
    outer loop
      vertex 103.972 8.42843 29.5
      vertex 104.8 9.0641 4
      vertex 103.972 8.42843 4
    endloop
  endfacet
  facet normal 0.609781 -0.79257 0
    outer loop
      vertex 109.405 2.6 4
      vertex 109.628 2.77157 29.5
      vertex 109.405 2.6 29.5
    endloop
  endfacet
  facet normal 0.609781 -0.79257 0
    outer loop
      vertex 109.628 2.77157 29.5
      vertex 109.405 2.6 4
      vertex 109.628 2.77157 4
    endloop
  endfacet
  facet normal -0.923744 -0.38301 0
    outer loop
      vertex 103.336 3.6 4
      vertex 102.936 4.56472 29.5
      vertex 102.936 4.56472 4
    endloop
  endfacet
  facet normal -0.923744 -0.38301 0
    outer loop
      vertex 102.936 4.56472 29.5
      vertex 103.336 3.6 4
      vertex 103.336 3.6 29.5
    endloop
  endfacet
  facet normal -0.609781 -0.79257 0
    outer loop
      vertex 103.972 2.77157 4
      vertex 104.195 2.6 29.5
      vertex 103.972 2.77157 29.5
    endloop
  endfacet
  facet normal -0.609781 -0.79257 -0
    outer loop
      vertex 104.195 2.6 29.5
      vertex 103.972 2.77157 4
      vertex 104.195 2.6 4
    endloop
  endfacet
  facet normal 0.792624 0.609711 0
    outer loop
      vertex 109.8 8.20483 29.5
      vertex 109.628 8.42843 4
      vertex 109.628 8.42843 29.5
    endloop
  endfacet
  facet normal 0.792624 0.609711 0
    outer loop
      vertex 109.628 8.42843 4
      vertex 109.8 8.20483 29.5
      vertex 109.8 8.20483 4
    endloop
  endfacet
  facet normal 0.608956 0.793204 -0
    outer loop
      vertex 109.628 8.42843 4
      vertex 108.8 9.0641 29.5
      vertex 109.628 8.42843 29.5
    endloop
  endfacet
  facet normal 0.608956 0.793204 0
    outer loop
      vertex 108.8 9.0641 29.5
      vertex 109.628 8.42843 4
      vertex 108.8 9.0641 4
    endloop
  endfacet
  facet normal -0.991482 0.130246 0
    outer loop
      vertex 102.8 5.6 4
      vertex 102.936 6.63528 29.5
      vertex 102.936 6.63528 4
    endloop
  endfacet
  facet normal -0.991482 0.130246 0
    outer loop
      vertex 102.936 6.63528 29.5
      vertex 102.8 5.6 4
      vertex 102.8 5.6 29.5
    endloop
  endfacet
  facet normal -0.793204 0.608956 0
    outer loop
      vertex 103.336 7.6 4
      vertex 103.972 8.42843 29.5
      vertex 103.972 8.42843 4
    endloop
  endfacet
  facet normal -0.793204 0.608956 0
    outer loop
      vertex 103.972 8.42843 29.5
      vertex 103.336 7.6 4
      vertex 103.336 7.6 29.5
    endloop
  endfacet
  facet normal -0.130564 0.99144 0
    outer loop
      vertex 106.8 9.6 4
      vertex 105.765 9.4637 29.5
      vertex 106.8 9.6 29.5
    endloop
  endfacet
  facet normal -0.130564 0.99144 0
    outer loop
      vertex 105.765 9.4637 29.5
      vertex 106.8 9.6 4
      vertex 105.765 9.4637 4
    endloop
  endfacet
  facet normal 0.792624 -0.609711 0
    outer loop
      vertex 109.628 2.77157 29.5
      vertex 109.8 2.99517 4
      vertex 109.8 2.99517 29.5
    endloop
  endfacet
  facet normal 0.792624 -0.609711 0
    outer loop
      vertex 109.8 2.99517 4
      vertex 109.628 2.77157 29.5
      vertex 109.628 2.77157 4
    endloop
  endfacet
  facet normal -0.793204 -0.608956 0
    outer loop
      vertex 103.972 2.77157 4
      vertex 103.336 3.6 29.5
      vertex 103.336 3.6 4
    endloop
  endfacet
  facet normal -0.793204 -0.608956 0
    outer loop
      vertex 103.336 3.6 29.5
      vertex 103.972 2.77157 4
      vertex 103.972 2.77157 29.5
    endloop
  endfacet
  facet normal -0.991482 -0.130246 0
    outer loop
      vertex 102.936 4.56472 4
      vertex 102.8 5.6 29.5
      vertex 102.8 5.6 4
    endloop
  endfacet
  facet normal -0.991482 -0.130246 0
    outer loop
      vertex 102.8 5.6 29.5
      vertex 102.936 4.56472 4
      vertex 102.936 4.56472 29.5
    endloop
  endfacet
  facet normal 0 0 1
    outer loop
      vertex 109.8 8.20483 29.5
      vertex 108.036 6.00172 29.5
      vertex 108.1 5.6 29.5
    endloop
  endfacet
  facet normal 0 0 1
    outer loop
      vertex 109.628 8.42843 29.5
      vertex 107.852 6.36412 29.5
      vertex 108.036 6.00172 29.5
    endloop
  endfacet
  facet normal 0 0 1
    outer loop
      vertex 107.202 6.83637 29.5
      vertex 108.8 9.0641 29.5
      vertex 107.835 9.4637 29.5
    endloop
  endfacet
  facet normal 0 0 1
    outer loop
      vertex 109.628 8.42843 29.5
      vertex 107.564 6.65172 29.5
      vertex 107.852 6.36412 29.5
    endloop
  endfacet
  facet normal 0 0 1
    outer loop
      vertex 108.8 9.0641 29.5
      vertex 107.202 6.83637 29.5
      vertex 107.564 6.65172 29.5
    endloop
  endfacet
  facet normal 0 0 1
    outer loop
      vertex 106.8 6.9 29.5
      vertex 107.835 9.4637 29.5
      vertex 106.8 9.6 29.5
    endloop
  endfacet
  facet normal 0 0 1
    outer loop
      vertex 107.835 9.4637 29.5
      vertex 106.8 6.9 29.5
      vertex 107.202 6.83637 29.5
    endloop
  endfacet
  facet normal -0 0 1
    outer loop
      vertex 105.765 9.4637 29.5
      vertex 106.8 6.9 29.5
      vertex 106.8 9.6 29.5
    endloop
  endfacet
  facet normal 0 0 1
    outer loop
      vertex 106.8 6.9 29.5
      vertex 105.765 9.4637 29.5
      vertex 106.398 6.83637 29.5
    endloop
  endfacet
  facet normal -0 0 1
    outer loop
      vertex 104.8 9.0641 29.5
      vertex 106.398 6.83637 29.5
      vertex 105.765 9.4637 29.5
    endloop
  endfacet
  facet normal 0 0 1
    outer loop
      vertex 106.398 6.83637 29.5
      vertex 104.8 9.0641 29.5
      vertex 106.036 6.65172 29.5
    endloop
  endfacet
  facet normal -0 0 1
    outer loop
      vertex 103.972 8.42843 29.5
      vertex 106.036 6.65172 29.5
      vertex 104.8 9.0641 29.5
    endloop
  endfacet
  facet normal 0 0 1
    outer loop
      vertex 106.036 6.65172 29.5
      vertex 103.972 8.42843 29.5
      vertex 105.748 6.36412 29.5
    endloop
  endfacet
  facet normal -0 0 1
    outer loop
      vertex 103.336 7.6 29.5
      vertex 105.748 6.36412 29.5
      vertex 103.972 8.42843 29.5
    endloop
  endfacet
  facet normal 0 0 1
    outer loop
      vertex 108.036 6.00172 29.5
      vertex 109.8 8.20483 29.5
      vertex 109.628 8.42843 29.5
    endloop
  endfacet
  facet normal 0 0 1
    outer loop
      vertex 109.8 8.20483 29.5
      vertex 108.1 5.6 29.5
      vertex 109.8 2.99517 29.5
    endloop
  endfacet
  facet normal -0 0 1
    outer loop
      vertex 108.036 5.19828 29.5
      vertex 109.8 2.99517 29.5
      vertex 108.1 5.6 29.5
    endloop
  endfacet
  facet normal 0 0 1
    outer loop
      vertex 107.564 6.65172 29.5
      vertex 109.628 8.42843 29.5
      vertex 108.8 9.0641 29.5
    endloop
  endfacet
  facet normal -0 0 1
    outer loop
      vertex 107.852 4.83588 29.5
      vertex 109.8 2.99517 29.5
      vertex 108.036 5.19828 29.5
    endloop
  endfacet
  facet normal 0 -0 1
    outer loop
      vertex 109.405 2.6 29.5
      vertex 109.8 2.99517 29.5
      vertex 107.852 4.83588 29.5
    endloop
  endfacet
  facet normal 0 0 1
    outer loop
      vertex 109.8 2.99517 29.5
      vertex 109.405 2.6 29.5
      vertex 109.628 2.77157 29.5
    endloop
  endfacet
  facet normal -0 0 1
    outer loop
      vertex 107.564 4.54828 29.5
      vertex 109.405 2.6 29.5
      vertex 107.852 4.83588 29.5
    endloop
  endfacet
  facet normal -0 0 1
    outer loop
      vertex 107.202 4.36363 29.5
      vertex 109.405 2.6 29.5
      vertex 107.564 4.54828 29.5
    endloop
  endfacet
  facet normal -0 0 1
    outer loop
      vertex 106.8 4.3 29.5
      vertex 109.405 2.6 29.5
      vertex 107.202 4.36363 29.5
    endloop
  endfacet
  facet normal 0 0 1
    outer loop
      vertex 104.195 2.6 29.5
      vertex 106.8 4.3 29.5
      vertex 106.398 4.36363 29.5
    endloop
  endfacet
  facet normal 0 0 1
    outer loop
      vertex 104.195 2.6 29.5
      vertex 106.398 4.36363 29.5
      vertex 106.036 4.54828 29.5
    endloop
  endfacet
  facet normal 0 0 1
    outer loop
      vertex 105.748 6.36412 29.5
      vertex 103.336 7.6 29.5
      vertex 105.564 6.00172 29.5
    endloop
  endfacet
  facet normal 0 0 1
    outer loop
      vertex 106.8 4.3 29.5
      vertex 104.195 2.6 29.5
      vertex 109.405 2.6 29.5
    endloop
  endfacet
  facet normal 0 0 1
    outer loop
      vertex 105.748 4.83588 29.5
      vertex 104.195 2.6 29.5
      vertex 106.036 4.54828 29.5
    endloop
  endfacet
  facet normal 0 0 1
    outer loop
      vertex 103.336 3.6 29.5
      vertex 105.748 4.83588 29.5
      vertex 105.564 5.19828 29.5
    endloop
  endfacet
  facet normal -0 0 1
    outer loop
      vertex 102.936 6.63528 29.5
      vertex 105.564 6.00172 29.5
      vertex 103.336 7.6 29.5
    endloop
  endfacet
  facet normal 0 0 1
    outer loop
      vertex 105.564 6.00172 29.5
      vertex 102.936 6.63528 29.5
      vertex 105.5 5.6 29.5
    endloop
  endfacet
  facet normal 0 0 1
    outer loop
      vertex 102.8 5.6 29.5
      vertex 105.5 5.6 29.5
      vertex 102.936 6.63528 29.5
    endloop
  endfacet
  facet normal 0 -0 1
    outer loop
      vertex 102.936 4.56472 29.5
      vertex 105.5 5.6 29.5
      vertex 102.8 5.6 29.5
    endloop
  endfacet
  facet normal 0 0 1
    outer loop
      vertex 105.748 4.83588 29.5
      vertex 103.972 2.77157 29.5
      vertex 104.195 2.6 29.5
    endloop
  endfacet
  facet normal 0 -0 1
    outer loop
      vertex 103.336 3.6 29.5
      vertex 105.564 5.19828 29.5
      vertex 102.936 4.56472 29.5
    endloop
  endfacet
  facet normal 0 0 1
    outer loop
      vertex 105.748 4.83588 29.5
      vertex 103.336 3.6 29.5
      vertex 103.972 2.77157 29.5
    endloop
  endfacet
  facet normal 0 0 1
    outer loop
      vertex 105.5 5.6 29.5
      vertex 102.936 4.56472 29.5
      vertex 105.564 5.19828 29.5
    endloop
  endfacet
  facet normal -0.923744 0.38301 0
    outer loop
      vertex 102.936 6.63528 4
      vertex 103.336 7.6 29.5
      vertex 103.336 7.6 4
    endloop
  endfacet
  facet normal -0.923744 0.38301 0
    outer loop
      vertex 103.336 7.6 29.5
      vertex 102.936 6.63528 4
      vertex 102.936 6.63528 29.5
    endloop
  endfacet
  facet normal -0.987546 -0.157331 0
    outer loop
      vertex 108.1 5.6 4
      vertex 108.036 6.00172 29.5
      vertex 108.036 6.00172 4
    endloop
  endfacet
  facet normal -0.987546 -0.157331 0
    outer loop
      vertex 108.036 6.00172 29.5
      vertex 108.1 5.6 4
      vertex 108.1 5.6 29.5
    endloop
  endfacet
  facet normal 0.987546 -0.157331 0
    outer loop
      vertex 105.5 5.6 29.5
      vertex 105.564 6.00172 4
      vertex 105.564 6.00172 29.5
    endloop
  endfacet
  facet normal 0.987546 -0.157331 0
    outer loop
      vertex 105.564 6.00172 4
      vertex 105.5 5.6 29.5
      vertex 105.5 5.6 4
    endloop
  endfacet
  facet normal 0.156337 -0.987704 0
    outer loop
      vertex 106.398 6.83637 4
      vertex 106.8 6.9 29.5
      vertex 106.398 6.83637 29.5
    endloop
  endfacet
  facet normal 0.156337 -0.987704 0
    outer loop
      vertex 106.8 6.9 29.5
      vertex 106.398 6.83637 4
      vertex 106.8 6.9 4
    endloop
  endfacet
  facet normal -0.156337 0.987704 0
    outer loop
      vertex 107.202 4.36363 4
      vertex 106.8 4.3 29.5
      vertex 107.202 4.36363 29.5
    endloop
  endfacet
  facet normal -0.156337 0.987704 0
    outer loop
      vertex 106.8 4.3 29.5
      vertex 107.202 4.36363 4
      vertex 106.8 4.3 4
    endloop
  endfacet
  facet normal -0.891655 0.452716 0
    outer loop
      vertex 107.852 4.83588 4
      vertex 108.036 5.19828 29.5
      vertex 108.036 5.19828 4
    endloop
  endfacet
  facet normal -0.891655 0.452716 0
    outer loop
      vertex 108.036 5.19828 29.5
      vertex 107.852 4.83588 4
      vertex 107.852 4.83588 29.5
    endloop
  endfacet
  facet normal -0.454385 -0.890806 0
    outer loop
      vertex 107.202 6.83637 4
      vertex 107.564 6.65172 29.5
      vertex 107.202 6.83637 29.5
    endloop
  endfacet
  facet normal -0.454385 -0.890806 -0
    outer loop
      vertex 107.564 6.65172 29.5
      vertex 107.202 6.83637 4
      vertex 107.564 6.65172 4
    endloop
  endfacet
  facet normal -0.891655 -0.452716 0
    outer loop
      vertex 108.036 6.00172 4
      vertex 107.852 6.36412 29.5
      vertex 107.852 6.36412 4
    endloop
  endfacet
  facet normal -0.891655 -0.452716 0
    outer loop
      vertex 107.852 6.36412 29.5
      vertex 108.036 6.00172 4
      vertex 108.036 6.00172 29.5
    endloop
  endfacet
  facet normal -0.156337 -0.987704 0
    outer loop
      vertex 106.8 6.9 4
      vertex 107.202 6.83637 29.5
      vertex 106.8 6.9 29.5
    endloop
  endfacet
  facet normal -0.156337 -0.987704 -0
    outer loop
      vertex 107.202 6.83637 29.5
      vertex 106.8 6.9 4
      vertex 107.202 6.83637 4
    endloop
  endfacet
  facet normal 0.706615 -0.707598 0
    outer loop
      vertex 105.748 6.36412 4
      vertex 106.036 6.65172 29.5
      vertex 105.748 6.36412 29.5
    endloop
  endfacet
  facet normal 0.706615 -0.707598 0
    outer loop
      vertex 106.036 6.65172 29.5
      vertex 105.748 6.36412 4
      vertex 106.036 6.65172 4
    endloop
  endfacet
  facet normal 0.891655 -0.452716 0
    outer loop
      vertex 105.564 6.00172 29.5
      vertex 105.748 6.36412 4
      vertex 105.748 6.36412 29.5
    endloop
  endfacet
  facet normal 0.891655 -0.452716 0
    outer loop
      vertex 105.748 6.36412 4
      vertex 105.564 6.00172 29.5
      vertex 105.564 6.00172 4
    endloop
  endfacet
  facet normal 0.454385 -0.890806 0
    outer loop
      vertex 106.036 6.65172 4
      vertex 106.398 6.83637 29.5
      vertex 106.036 6.65172 29.5
    endloop
  endfacet
  facet normal 0.454385 -0.890806 0
    outer loop
      vertex 106.398 6.83637 29.5
      vertex 106.036 6.65172 4
      vertex 106.398 6.83637 4
    endloop
  endfacet
  facet normal -0.987546 0.157331 0
    outer loop
      vertex 108.036 5.19828 4
      vertex 108.1 5.6 29.5
      vertex 108.1 5.6 4
    endloop
  endfacet
  facet normal -0.987546 0.157331 0
    outer loop
      vertex 108.1 5.6 29.5
      vertex 108.036 5.19828 4
      vertex 108.036 5.19828 29.5
    endloop
  endfacet
  facet normal -0.706615 -0.707598 0
    outer loop
      vertex 107.564 6.65172 4
      vertex 107.852 6.36412 29.5
      vertex 107.564 6.65172 29.5
    endloop
  endfacet
  facet normal -0.706615 -0.707598 -0
    outer loop
      vertex 107.852 6.36412 29.5
      vertex 107.564 6.65172 4
      vertex 107.852 6.36412 4
    endloop
  endfacet
  facet normal -0.454385 0.890806 0
    outer loop
      vertex 107.564 4.54828 4
      vertex 107.202 4.36363 29.5
      vertex 107.564 4.54828 29.5
    endloop
  endfacet
  facet normal -0.454385 0.890806 0
    outer loop
      vertex 107.202 4.36363 29.5
      vertex 107.564 4.54828 4
      vertex 107.202 4.36363 4
    endloop
  endfacet
  facet normal -0.706615 0.707598 0
    outer loop
      vertex 107.852 4.83588 4
      vertex 107.564 4.54828 29.5
      vertex 107.852 4.83588 29.5
    endloop
  endfacet
  facet normal -0.706615 0.707598 0
    outer loop
      vertex 107.564 4.54828 29.5
      vertex 107.852 4.83588 4
      vertex 107.564 4.54828 4
    endloop
  endfacet
  facet normal 0.891655 0.452716 0
    outer loop
      vertex 105.748 4.83588 29.5
      vertex 105.564 5.19828 4
      vertex 105.564 5.19828 29.5
    endloop
  endfacet
  facet normal 0.891655 0.452716 0
    outer loop
      vertex 105.564 5.19828 4
      vertex 105.748 4.83588 29.5
      vertex 105.748 4.83588 4
    endloop
  endfacet
  facet normal 0.987546 0.157331 0
    outer loop
      vertex 105.564 5.19828 29.5
      vertex 105.5 5.6 4
      vertex 105.5 5.6 29.5
    endloop
  endfacet
  facet normal 0.987546 0.157331 0
    outer loop
      vertex 105.5 5.6 4
      vertex 105.564 5.19828 29.5
      vertex 105.564 5.19828 4
    endloop
  endfacet
  facet normal 0.156337 0.987704 -0
    outer loop
      vertex 106.8 4.3 4
      vertex 106.398 4.36363 29.5
      vertex 106.8 4.3 29.5
    endloop
  endfacet
  facet normal 0.156337 0.987704 0
    outer loop
      vertex 106.398 4.36363 29.5
      vertex 106.8 4.3 4
      vertex 106.398 4.36363 4
    endloop
  endfacet
  facet normal 0.706615 0.707598 -0
    outer loop
      vertex 106.036 4.54828 4
      vertex 105.748 4.83588 29.5
      vertex 106.036 4.54828 29.5
    endloop
  endfacet
  facet normal 0.706615 0.707598 0
    outer loop
      vertex 105.748 4.83588 29.5
      vertex 106.036 4.54828 4
      vertex 105.748 4.83588 4
    endloop
  endfacet
  facet normal 0.454385 0.890806 -0
    outer loop
      vertex 106.398 4.36363 4
      vertex 106.036 4.54828 29.5
      vertex 106.398 4.36363 29.5
    endloop
  endfacet
  facet normal 0.454385 0.890806 0
    outer loop
      vertex 106.036 4.54828 29.5
      vertex 106.398 4.36363 4
      vertex 106.036 4.54828 4
    endloop
  endfacet
  facet normal -0.382589 -0.923919 0
    outer loop
      vertex 104.8 83.9359 4
      vertex 105.765 83.5363 29.5
      vertex 104.8 83.9359 29.5
    endloop
  endfacet
  facet normal -0.382589 -0.923919 -0
    outer loop
      vertex 105.765 83.5363 29.5
      vertex 104.8 83.9359 4
      vertex 105.765 83.5363 4
    endloop
  endfacet
  facet normal -0.609848 0.792518 0
    outer loop
      vertex 104.195 90.4 4
      vertex 103.972 90.2284 29.5
      vertex 104.195 90.4 29.5
    endloop
  endfacet
  facet normal -0.609848 0.792518 0
    outer loop
      vertex 103.972 90.2284 29.5
      vertex 104.195 90.4 4
      vertex 103.972 90.2284 4
    endloop
  endfacet
  facet normal 0.608974 -0.79319 0
    outer loop
      vertex 108.8 83.9359 4
      vertex 109.628 84.5716 29.5
      vertex 108.8 83.9359 29.5
    endloop
  endfacet
  facet normal 0.608974 -0.79319 0
    outer loop
      vertex 109.628 84.5716 29.5
      vertex 108.8 83.9359 4
      vertex 109.628 84.5716 4
    endloop
  endfacet
  facet normal -0.923741 -0.383017 0
    outer loop
      vertex 103.336 85.4 4
      vertex 102.936 86.3647 29.5
      vertex 102.936 86.3647 4
    endloop
  endfacet
  facet normal -0.923741 -0.383017 0
    outer loop
      vertex 102.936 86.3647 29.5
      vertex 103.336 85.4 4
      vertex 103.336 85.4 29.5
    endloop
  endfacet
  facet normal -0.608974 -0.79319 0
    outer loop
      vertex 103.972 84.5716 4
      vertex 104.8 83.9359 29.5
      vertex 103.972 84.5716 29.5
    endloop
  endfacet
  facet normal -0.608974 -0.79319 -0
    outer loop
      vertex 104.8 83.9359 29.5
      vertex 103.972 84.5716 4
      vertex 104.8 83.9359 4
    endloop
  endfacet
  facet normal 0.792624 0.609711 0
    outer loop
      vertex 109.8 90.0048 29.5
      vertex 109.628 90.2284 4
      vertex 109.628 90.2284 29.5
    endloop
  endfacet
  facet normal 0.792624 0.609711 0
    outer loop
      vertex 109.628 90.2284 4
      vertex 109.8 90.0048 29.5
      vertex 109.8 90.0048 4
    endloop
  endfacet
  facet normal 0.609848 0.792518 -0
    outer loop
      vertex 109.628 90.2284 4
      vertex 109.405 90.4 29.5
      vertex 109.628 90.2284 29.5
    endloop
  endfacet
  facet normal 0.609848 0.792518 0
    outer loop
      vertex 109.405 90.4 29.5
      vertex 109.628 90.2284 4
      vertex 109.405 90.4 4
    endloop
  endfacet
  facet normal -0.991482 0.130244 0
    outer loop
      vertex 102.8 87.4 4
      vertex 102.936 88.4353 29.5
      vertex 102.936 88.4353 4
    endloop
  endfacet
  facet normal -0.991482 0.130244 0
    outer loop
      vertex 102.936 88.4353 29.5
      vertex 102.8 87.4 4
      vertex 102.8 87.4 29.5
    endloop
  endfacet
  facet normal -0.793193 0.60897 0
    outer loop
      vertex 103.336 89.4 4
      vertex 103.972 90.2284 29.5
      vertex 103.972 90.2284 4
    endloop
  endfacet
  facet normal -0.793193 0.60897 0
    outer loop
      vertex 103.972 90.2284 29.5
      vertex 103.336 89.4 4
      vertex 103.336 89.4 29.5
    endloop
  endfacet
  facet normal 0.130564 -0.99144 0
    outer loop
      vertex 106.8 83.4 4
      vertex 107.835 83.5363 29.5
      vertex 106.8 83.4 29.5
    endloop
  endfacet
  facet normal 0.130564 -0.99144 0
    outer loop
      vertex 107.835 83.5363 29.5
      vertex 106.8 83.4 4
      vertex 107.835 83.5363 4
    endloop
  endfacet
  facet normal 0.792624 -0.609711 0
    outer loop
      vertex 109.628 84.5716 29.5
      vertex 109.8 84.7952 4
      vertex 109.8 84.7952 29.5
    endloop
  endfacet
  facet normal 0.792624 -0.609711 0
    outer loop
      vertex 109.8 84.7952 4
      vertex 109.628 84.5716 29.5
      vertex 109.628 84.5716 4
    endloop
  endfacet
  facet normal 0.382589 -0.923919 0
    outer loop
      vertex 107.835 83.5363 4
      vertex 108.8 83.9359 29.5
      vertex 107.835 83.5363 29.5
    endloop
  endfacet
  facet normal 0.382589 -0.923919 0
    outer loop
      vertex 108.8 83.9359 29.5
      vertex 107.835 83.5363 4
      vertex 108.8 83.9359 4
    endloop
  endfacet
  facet normal -0.130564 -0.99144 0
    outer loop
      vertex 105.765 83.5363 4
      vertex 106.8 83.4 29.5
      vertex 105.765 83.5363 29.5
    endloop
  endfacet
  facet normal -0.130564 -0.99144 -0
    outer loop
      vertex 106.8 83.4 29.5
      vertex 105.765 83.5363 4
      vertex 106.8 83.4 4
    endloop
  endfacet
  facet normal -0.793193 -0.60897 0
    outer loop
      vertex 103.972 84.5716 4
      vertex 103.336 85.4 29.5
      vertex 103.336 85.4 4
    endloop
  endfacet
  facet normal -0.793193 -0.60897 0
    outer loop
      vertex 103.336 85.4 29.5
      vertex 103.972 84.5716 4
      vertex 103.972 84.5716 29.5
    endloop
  endfacet
  facet normal -0.991482 -0.130244 0
    outer loop
      vertex 102.936 86.3647 4
      vertex 102.8 87.4 29.5
      vertex 102.8 87.4 4
    endloop
  endfacet
  facet normal -0.991482 -0.130244 0
    outer loop
      vertex 102.8 87.4 29.5
      vertex 102.936 86.3647 4
      vertex 102.936 86.3647 29.5
    endloop
  endfacet
  facet normal 0 0 1
    outer loop
      vertex 109.405 90.4 29.5
      vertex 109.8 90.0048 29.5
      vertex 109.628 90.2284 29.5
    endloop
  endfacet
  facet normal 0 0 1
    outer loop
      vertex 109.8 90.0048 29.5
      vertex 108.1 87.4 29.5
      vertex 109.8 84.7952 29.5
    endloop
  endfacet
  facet normal 0 0 1
    outer loop
      vertex 109.8 90.0048 29.5
      vertex 109.405 90.4 29.5
      vertex 107.852 88.1641 29.5
    endloop
  endfacet
  facet normal -0 0 1
    outer loop
      vertex 108.036 86.9983 29.5
      vertex 109.8 84.7952 29.5
      vertex 108.1 87.4 29.5
    endloop
  endfacet
  facet normal -0 0 1
    outer loop
      vertex 107.852 86.6359 29.5
      vertex 109.8 84.7952 29.5
      vertex 108.036 86.9983 29.5
    endloop
  endfacet
  facet normal 0 0 1
    outer loop
      vertex 109.8 90.0048 29.5
      vertex 108.036 87.8017 29.5
      vertex 108.1 87.4 29.5
    endloop
  endfacet
  facet normal 0 0 1
    outer loop
      vertex 109.8 90.0048 29.5
      vertex 107.852 88.1641 29.5
      vertex 108.036 87.8017 29.5
    endloop
  endfacet
  facet normal 0 0 1
    outer loop
      vertex 109.405 90.4 29.5
      vertex 107.564 88.4517 29.5
      vertex 107.852 88.1641 29.5
    endloop
  endfacet
  facet normal 0 0 1
    outer loop
      vertex 109.405 90.4 29.5
      vertex 107.202 88.6364 29.5
      vertex 107.564 88.4517 29.5
    endloop
  endfacet
  facet normal 0 0 1
    outer loop
      vertex 109.405 90.4 29.5
      vertex 106.8 88.7 29.5
      vertex 107.202 88.6364 29.5
    endloop
  endfacet
  facet normal -0 0 1
    outer loop
      vertex 104.195 90.4 29.5
      vertex 106.8 88.7 29.5
      vertex 109.405 90.4 29.5
    endloop
  endfacet
  facet normal 0 0 1
    outer loop
      vertex 106.8 88.7 29.5
      vertex 104.195 90.4 29.5
      vertex 106.398 88.6364 29.5
    endloop
  endfacet
  facet normal 0 0 1
    outer loop
      vertex 102.936 88.4353 29.5
      vertex 105.5 87.4 29.5
      vertex 105.564 87.8017 29.5
    endloop
  endfacet
  facet normal 0 0 1
    outer loop
      vertex 106.398 88.6364 29.5
      vertex 104.195 90.4 29.5
      vertex 106.036 88.4517 29.5
    endloop
  endfacet
  facet normal 0 0 1
    outer loop
      vertex 104.195 90.4 29.5
      vertex 105.748 88.1641 29.5
      vertex 106.036 88.4517 29.5
    endloop
  endfacet
  facet normal -0 0 1
    outer loop
      vertex 103.972 90.2284 29.5
      vertex 105.748 88.1641 29.5
      vertex 104.195 90.4 29.5
    endloop
  endfacet
  facet normal -0 0 1
    outer loop
      vertex 103.336 89.4 29.5
      vertex 105.748 88.1641 29.5
      vertex 103.972 90.2284 29.5
    endloop
  endfacet
  facet normal 0 0 1
    outer loop
      vertex 105.748 88.1641 29.5
      vertex 103.336 89.4 29.5
      vertex 105.564 87.8017 29.5
    endloop
  endfacet
  facet normal 0 0 1
    outer loop
      vertex 105.5 87.4 29.5
      vertex 103.972 84.5716 29.5
      vertex 104.8 83.9359 29.5
    endloop
  endfacet
  facet normal 0 0 1
    outer loop
      vertex 105.564 87.8017 29.5
      vertex 103.336 89.4 29.5
      vertex 102.936 88.4353 29.5
    endloop
  endfacet
  facet normal 0 0 1
    outer loop
      vertex 105.5 87.4 29.5
      vertex 103.336 85.4 29.5
      vertex 103.972 84.5716 29.5
    endloop
  endfacet
  facet normal 0 0 1
    outer loop
      vertex 105.5 87.4 29.5
      vertex 102.936 88.4353 29.5
      vertex 102.8 87.4 29.5
    endloop
  endfacet
  facet normal 0 0 1
    outer loop
      vertex 105.5 87.4 29.5
      vertex 102.936 86.3647 29.5
      vertex 103.336 85.4 29.5
    endloop
  endfacet
  facet normal 0 0 1
    outer loop
      vertex 105.5 87.4 29.5
      vertex 102.8 87.4 29.5
      vertex 102.936 86.3647 29.5
    endloop
  endfacet
  facet normal -0 0 1
    outer loop
      vertex 107.564 86.3483 29.5
      vertex 109.8 84.7952 29.5
      vertex 107.852 86.6359 29.5
    endloop
  endfacet
  facet normal 0 0 1
    outer loop
      vertex 109.8 84.7952 29.5
      vertex 107.564 86.3483 29.5
      vertex 109.628 84.5716 29.5
    endloop
  endfacet
  facet normal 0 0 1
    outer loop
      vertex 109.628 84.5716 29.5
      vertex 107.564 86.3483 29.5
      vertex 108.8 83.9359 29.5
    endloop
  endfacet
  facet normal -0 0 1
    outer loop
      vertex 107.202 86.1636 29.5
      vertex 108.8 83.9359 29.5
      vertex 107.564 86.3483 29.5
    endloop
  endfacet
  facet normal 0 0 1
    outer loop
      vertex 108.8 83.9359 29.5
      vertex 107.202 86.1636 29.5
      vertex 107.835 83.5363 29.5
    endloop
  endfacet
  facet normal -0 0 1
    outer loop
      vertex 106.8 86.1 29.5
      vertex 107.835 83.5363 29.5
      vertex 107.202 86.1636 29.5
    endloop
  endfacet
  facet normal 0 0 1
    outer loop
      vertex 106.8 86.1 29.5
      vertex 106.8 83.4 29.5
      vertex 107.835 83.5363 29.5
    endloop
  endfacet
  facet normal 0 0 1
    outer loop
      vertex 105.765 83.5363 29.5
      vertex 106.8 86.1 29.5
      vertex 106.398 86.1636 29.5
    endloop
  endfacet
  facet normal 0 0 1
    outer loop
      vertex 104.8 83.9359 29.5
      vertex 106.398 86.1636 29.5
      vertex 106.036 86.3483 29.5
    endloop
  endfacet
  facet normal 0 0 1
    outer loop
      vertex 106.8 86.1 29.5
      vertex 105.765 83.5363 29.5
      vertex 106.8 83.4 29.5
    endloop
  endfacet
  facet normal 0 0 1
    outer loop
      vertex 104.8 83.9359 29.5
      vertex 106.036 86.3483 29.5
      vertex 105.748 86.6359 29.5
    endloop
  endfacet
  facet normal 0 0 1
    outer loop
      vertex 104.8 83.9359 29.5
      vertex 105.748 86.6359 29.5
      vertex 105.564 86.9983 29.5
    endloop
  endfacet
  facet normal 0 0 1
    outer loop
      vertex 104.8 83.9359 29.5
      vertex 105.564 86.9983 29.5
      vertex 105.5 87.4 29.5
    endloop
  endfacet
  facet normal 0 0 1
    outer loop
      vertex 106.398 86.1636 29.5
      vertex 104.8 83.9359 29.5
      vertex 105.765 83.5363 29.5
    endloop
  endfacet
  facet normal -0.923741 0.383017 0
    outer loop
      vertex 102.936 88.4353 4
      vertex 103.336 89.4 29.5
      vertex 103.336 89.4 4
    endloop
  endfacet
  facet normal -0.923741 0.383017 0
    outer loop
      vertex 103.336 89.4 29.5
      vertex 102.936 88.4353 4
      vertex 102.936 88.4353 29.5
    endloop
  endfacet
  facet normal -0.987545 -0.157338 0
    outer loop
      vertex 108.1 87.4 4
      vertex 108.036 87.8017 29.5
      vertex 108.036 87.8017 4
    endloop
  endfacet
  facet normal -0.987545 -0.157338 0
    outer loop
      vertex 108.036 87.8017 29.5
      vertex 108.1 87.4 4
      vertex 108.1 87.4 29.5
    endloop
  endfacet
  facet normal 0.987545 -0.157338 0
    outer loop
      vertex 105.5 87.4 29.5
      vertex 105.564 87.8017 4
      vertex 105.564 87.8017 29.5
    endloop
  endfacet
  facet normal 0.987545 -0.157338 0
    outer loop
      vertex 105.564 87.8017 4
      vertex 105.5 87.4 29.5
      vertex 105.5 87.4 4
    endloop
  endfacet
  facet normal 0.156265 -0.987715 0
    outer loop
      vertex 106.398 88.6364 4
      vertex 106.8 88.7 29.5
      vertex 106.398 88.6364 29.5
    endloop
  endfacet
  facet normal 0.156265 -0.987715 0
    outer loop
      vertex 106.8 88.7 29.5
      vertex 106.398 88.6364 4
      vertex 106.8 88.7 4
    endloop
  endfacet
  facet normal -0.156265 0.987715 0
    outer loop
      vertex 107.202 86.1636 4
      vertex 106.8 86.1 29.5
      vertex 107.202 86.1636 29.5
    endloop
  endfacet
  facet normal -0.156265 0.987715 0
    outer loop
      vertex 106.8 86.1 29.5
      vertex 107.202 86.1636 4
      vertex 106.8 86.1 4
    endloop
  endfacet
  facet normal -0.891655 0.452716 0
    outer loop
      vertex 107.852 86.6359 4
      vertex 108.036 86.9983 29.5
      vertex 108.036 86.9983 4
    endloop
  endfacet
  facet normal -0.891655 0.452716 0
    outer loop
      vertex 108.036 86.9983 29.5
      vertex 107.852 86.6359 4
      vertex 107.852 86.6359 29.5
    endloop
  endfacet
  facet normal -0.454482 -0.890756 0
    outer loop
      vertex 107.202 88.6364 4
      vertex 107.564 88.4517 29.5
      vertex 107.202 88.6364 29.5
    endloop
  endfacet
  facet normal -0.454482 -0.890756 -0
    outer loop
      vertex 107.564 88.4517 29.5
      vertex 107.202 88.6364 4
      vertex 107.564 88.4517 4
    endloop
  endfacet
  facet normal -0.891655 -0.452716 0
    outer loop
      vertex 108.036 87.8017 4
      vertex 107.852 88.1641 29.5
      vertex 107.852 88.1641 4
    endloop
  endfacet
  facet normal -0.891655 -0.452716 0
    outer loop
      vertex 107.852 88.1641 29.5
      vertex 108.036 87.8017 4
      vertex 108.036 87.8017 29.5
    endloop
  endfacet
  facet normal -0.156265 -0.987715 0
    outer loop
      vertex 106.8 88.7 4
      vertex 107.202 88.6364 29.5
      vertex 106.8 88.7 29.5
    endloop
  endfacet
  facet normal -0.156265 -0.987715 -0
    outer loop
      vertex 107.202 88.6364 29.5
      vertex 106.8 88.7 4
      vertex 107.202 88.6364 4
    endloop
  endfacet
  facet normal 0.706615 -0.707598 0
    outer loop
      vertex 105.748 88.1641 4
      vertex 106.036 88.4517 29.5
      vertex 105.748 88.1641 29.5
    endloop
  endfacet
  facet normal 0.706615 -0.707598 0
    outer loop
      vertex 106.036 88.4517 29.5
      vertex 105.748 88.1641 4
      vertex 106.036 88.4517 4
    endloop
  endfacet
  facet normal 0.891655 -0.452716 0
    outer loop
      vertex 105.564 87.8017 29.5
      vertex 105.748 88.1641 4
      vertex 105.748 88.1641 29.5
    endloop
  endfacet
  facet normal 0.891655 -0.452716 0
    outer loop
      vertex 105.748 88.1641 4
      vertex 105.564 87.8017 29.5
      vertex 105.564 87.8017 4
    endloop
  endfacet
  facet normal 0.454482 -0.890756 0
    outer loop
      vertex 106.036 88.4517 4
      vertex 106.398 88.6364 29.5
      vertex 106.036 88.4517 29.5
    endloop
  endfacet
  facet normal 0.454482 -0.890756 0
    outer loop
      vertex 106.398 88.6364 29.5
      vertex 106.036 88.4517 4
      vertex 106.398 88.6364 4
    endloop
  endfacet
  facet normal -0.987545 0.157338 0
    outer loop
      vertex 108.036 86.9983 4
      vertex 108.1 87.4 29.5
      vertex 108.1 87.4 4
    endloop
  endfacet
  facet normal -0.987545 0.157338 0
    outer loop
      vertex 108.1 87.4 29.5
      vertex 108.036 86.9983 4
      vertex 108.036 86.9983 29.5
    endloop
  endfacet
  facet normal -0.706615 -0.707598 0
    outer loop
      vertex 107.564 88.4517 4
      vertex 107.852 88.1641 29.5
      vertex 107.564 88.4517 29.5
    endloop
  endfacet
  facet normal -0.706615 -0.707598 -0
    outer loop
      vertex 107.852 88.1641 29.5
      vertex 107.564 88.4517 4
      vertex 107.852 88.1641 4
    endloop
  endfacet
  facet normal -0.454482 0.890756 0
    outer loop
      vertex 107.564 86.3483 4
      vertex 107.202 86.1636 29.5
      vertex 107.564 86.3483 29.5
    endloop
  endfacet
  facet normal -0.454482 0.890756 0
    outer loop
      vertex 107.202 86.1636 29.5
      vertex 107.564 86.3483 4
      vertex 107.202 86.1636 4
    endloop
  endfacet
  facet normal -0.706615 0.707598 0
    outer loop
      vertex 107.852 86.6359 4
      vertex 107.564 86.3483 29.5
      vertex 107.852 86.6359 29.5
    endloop
  endfacet
  facet normal -0.706615 0.707598 0
    outer loop
      vertex 107.564 86.3483 29.5
      vertex 107.852 86.6359 4
      vertex 107.564 86.3483 4
    endloop
  endfacet
  facet normal 0.891655 0.452716 0
    outer loop
      vertex 105.748 86.6359 29.5
      vertex 105.564 86.9983 4
      vertex 105.564 86.9983 29.5
    endloop
  endfacet
  facet normal 0.891655 0.452716 0
    outer loop
      vertex 105.564 86.9983 4
      vertex 105.748 86.6359 29.5
      vertex 105.748 86.6359 4
    endloop
  endfacet
  facet normal 0.987545 0.157338 0
    outer loop
      vertex 105.564 86.9983 29.5
      vertex 105.5 87.4 4
      vertex 105.5 87.4 29.5
    endloop
  endfacet
  facet normal 0.987545 0.157338 0
    outer loop
      vertex 105.5 87.4 4
      vertex 105.564 86.9983 29.5
      vertex 105.564 86.9983 4
    endloop
  endfacet
  facet normal 0.156265 0.987715 -0
    outer loop
      vertex 106.8 86.1 4
      vertex 106.398 86.1636 29.5
      vertex 106.8 86.1 29.5
    endloop
  endfacet
  facet normal 0.156265 0.987715 0
    outer loop
      vertex 106.398 86.1636 29.5
      vertex 106.8 86.1 4
      vertex 106.398 86.1636 4
    endloop
  endfacet
  facet normal 0.706615 0.707598 -0
    outer loop
      vertex 106.036 86.3483 4
      vertex 105.748 86.6359 29.5
      vertex 106.036 86.3483 29.5
    endloop
  endfacet
  facet normal 0.706615 0.707598 0
    outer loop
      vertex 105.748 86.6359 29.5
      vertex 106.036 86.3483 4
      vertex 105.748 86.6359 4
    endloop
  endfacet
  facet normal 0.454482 0.890756 -0
    outer loop
      vertex 106.398 86.1636 4
      vertex 106.036 86.3483 29.5
      vertex 106.398 86.1636 29.5
    endloop
  endfacet
  facet normal 0.454482 0.890756 0
    outer loop
      vertex 106.036 86.3483 29.5
      vertex 106.398 86.1636 4
      vertex 106.036 86.3483 4
    endloop
  endfacet
endsolid OpenSCAD_Model
