solid OpenSCAD_Model
  facet normal -1 0 0
    outer loop
      vertex -18 123.8 0
      vertex -18 163.8 3
      vertex -18 163.8 0
    endloop
  endfacet
  facet normal -1 -0 0
    outer loop
      vertex -18 163.8 3
      vertex -18 123.8 0
      vertex -18 123.8 3
    endloop
  endfacet
  facet normal -0 0 1
    outer loop
      vertex -6.66173 139.45 3
      vertex -6.5 137.8 3
      vertex -6.392 140.101 3
    endloop
  endfacet
  facet normal -0 0 1
    outer loop
      vertex -7.09081 138.891 3
      vertex -6.5 137.8 3
      vertex -6.66173 139.45 3
    endloop
  endfacet
  facet normal -0 0 1
    outer loop
      vertex -7.65 138.462 3
      vertex -6.5 137.8 3
      vertex -7.09081 138.891 3
    endloop
  endfacet
  facet normal -0 0 1
    outer loop
      vertex -8.30119 138.192 3
      vertex -6.5 137.8 3
      vertex -7.65 138.462 3
    endloop
  endfacet
  facet normal -0 0 1
    outer loop
      vertex -9 138.1 3
      vertex -6.5 137.8 3
      vertex -8.30119 138.192 3
    endloop
  endfacet
  facet normal 0 0 1
    outer loop
      vertex -9 138.1 3
      vertex -11.5 137.8 3
      vertex -6.5 137.8 3
    endloop
  endfacet
  facet normal 0 0 1
    outer loop
      vertex -9.69881 138.192 3
      vertex -11.5 137.8 3
      vertex -9 138.1 3
    endloop
  endfacet
  facet normal 0 0 1
    outer loop
      vertex -10.35 138.462 3
      vertex -11.5 137.8 3
      vertex -9.69881 138.192 3
    endloop
  endfacet
  facet normal 0 0 1
    outer loop
      vertex -10.9092 138.891 3
      vertex -11.5 137.8 3
      vertex -10.35 138.462 3
    endloop
  endfacet
  facet normal 0 0 1
    outer loop
      vertex -11.3383 139.45 3
      vertex -11.5 137.8 3
      vertex -10.9092 138.891 3
    endloop
  endfacet
  facet normal 0 0 1
    outer loop
      vertex -18 123.8 3
      vertex -11.5 137.8 3
      vertex -11.608 140.101 3
    endloop
  endfacet
  facet normal 0 0 1
    outer loop
      vertex -11.608 140.101 3
      vertex -11.5 137.8 3
      vertex -11.3383 139.45 3
    endloop
  endfacet
  facet normal 0 0 1
    outer loop
      vertex -6.5 155.8 3
      vertex 0 160.8 3
      vertex 0 163.8 3
    endloop
  endfacet
  facet normal 0 0 1
    outer loop
      vertex 0 160.8 3
      vertex -6.3 140.8 3
      vertex 0 123.8 3
    endloop
  endfacet
  facet normal 0 0 1
    outer loop
      vertex 0 160.8 3
      vertex -6.5 143.8 3
      vertex -6.3 140.8 3
    endloop
  endfacet
  facet normal 0 0 1
    outer loop
      vertex 0 160.8 3
      vertex -6.5 155.8 3
      vertex -6.5 143.8 3
    endloop
  endfacet
  facet normal 0 0 1
    outer loop
      vertex 0 163.8 3
      vertex -11.5 155.8 3
      vertex -6.5 155.8 3
    endloop
  endfacet
  facet normal 0 0 1
    outer loop
      vertex -18 163.8 3
      vertex -11.5 143.8 3
      vertex -11.5 155.8 3
    endloop
  endfacet
  facet normal 0 -0 1
    outer loop
      vertex -11.7 140.8 3
      vertex -11.5 143.8 3
      vertex -18 163.8 3
    endloop
  endfacet
  facet normal 0 0 1
    outer loop
      vertex -11.5 143.8 3
      vertex -11.7 140.8 3
      vertex -11.608 141.499 3
    endloop
  endfacet
  facet normal -0 0 1
    outer loop
      vertex -18 163.8 3
      vertex -11.5 155.8 3
      vertex 0 163.8 3
    endloop
  endfacet
  facet normal -0 0 1
    outer loop
      vertex -6.392 140.101 3
      vertex 0 123.8 3
      vertex -6.3 140.8 3
    endloop
  endfacet
  facet normal -0 0 1
    outer loop
      vertex -6.5 137.8 3
      vertex 0 123.8 3
      vertex -6.392 140.101 3
    endloop
  endfacet
  facet normal -0 0 1
    outer loop
      vertex -6.5 125.8 3
      vertex 0 123.8 3
      vertex -6.5 137.8 3
    endloop
  endfacet
  facet normal -0 0 1
    outer loop
      vertex -11.5 125.8 3
      vertex 0 123.8 3
      vertex -6.5 125.8 3
    endloop
  endfacet
  facet normal 0 0 1
    outer loop
      vertex -18 123.8 3
      vertex -11.608 140.101 3
      vertex -11.7 140.8 3
    endloop
  endfacet
  facet normal 0 0 1
    outer loop
      vertex -18 123.8 3
      vertex -11.7 140.8 3
      vertex -18 163.8 3
    endloop
  endfacet
  facet normal 0 0 1
    outer loop
      vertex -11.5 125.8 3
      vertex -18 123.8 3
      vertex 0 123.8 3
    endloop
  endfacet
  facet normal 0 0 1
    outer loop
      vertex -11.5 137.8 3
      vertex -18 123.8 3
      vertex -11.5 125.8 3
    endloop
  endfacet
  facet normal 0 0 1
    outer loop
      vertex -6.3 140.8 3
      vertex -6.5 143.8 3
      vertex -6.392 141.499 3
    endloop
  endfacet
  facet normal 0 0 1
    outer loop
      vertex -6.5 143.8 3
      vertex -6.66173 142.15 3
      vertex -6.392 141.499 3
    endloop
  endfacet
  facet normal 0 0 1
    outer loop
      vertex -6.5 143.8 3
      vertex -7.09081 142.709 3
      vertex -6.66173 142.15 3
    endloop
  endfacet
  facet normal 0 0 1
    outer loop
      vertex -6.5 143.8 3
      vertex -7.65 143.138 3
      vertex -7.09081 142.709 3
    endloop
  endfacet
  facet normal 0 0 1
    outer loop
      vertex -6.5 143.8 3
      vertex -8.30119 143.408 3
      vertex -7.65 143.138 3
    endloop
  endfacet
  facet normal 0 0 1
    outer loop
      vertex -6.5 143.8 3
      vertex -9 143.5 3
      vertex -8.30119 143.408 3
    endloop
  endfacet
  facet normal -0 0 1
    outer loop
      vertex -11.5 143.8 3
      vertex -9 143.5 3
      vertex -6.5 143.8 3
    endloop
  endfacet
  facet normal 0 0 1
    outer loop
      vertex -11.5 143.8 3
      vertex -9.69881 143.408 3
      vertex -9 143.5 3
    endloop
  endfacet
  facet normal 0 0 1
    outer loop
      vertex -11.5 143.8 3
      vertex -10.35 143.138 3
      vertex -9.69881 143.408 3
    endloop
  endfacet
  facet normal 0 0 1
    outer loop
      vertex -11.5 143.8 3
      vertex -10.9092 142.709 3
      vertex -10.35 143.138 3
    endloop
  endfacet
  facet normal 0 0 1
    outer loop
      vertex -11.5 143.8 3
      vertex -11.3383 142.15 3
      vertex -10.9092 142.709 3
    endloop
  endfacet
  facet normal 0 0 1
    outer loop
      vertex -11.3383 142.15 3
      vertex -11.5 143.8 3
      vertex -11.608 141.499 3
    endloop
  endfacet
  facet normal -1 0 0
    outer loop
      vertex 0 123.8 0
      vertex 0 34.7515 0
      vertex 0 123.8 3
    endloop
  endfacet
  facet normal -1 0 0
    outer loop
      vertex 0 123.8 3
      vertex 0 160.8 54.8
      vertex 0 160.8 3
    endloop
  endfacet
  facet normal -1 0 0
    outer loop
      vertex 0 34.7515 54.8
      vertex 0 123.8 3
      vertex 0 34.7515 0
    endloop
  endfacet
  facet normal -1 0 0
    outer loop
      vertex 0 123.8 3
      vertex 0 34.7515 54.8
      vertex 0 160.8 54.8
    endloop
  endfacet
  facet normal 1 -0 0
    outer loop
      vertex 0 160.8 3
      vertex 0 163.8 0
      vertex 0 163.8 3
    endloop
  endfacet
  facet normal 1 0 0
    outer loop
      vertex 0 163.8 0
      vertex 0 160.8 3
      vertex 0 160.8 0
    endloop
  endfacet
  facet normal 0 0 -1
    outer loop
      vertex -6.66173 142.15 0
      vertex -6.5 143.8 0
      vertex -6.392 141.499 0
    endloop
  endfacet
  facet normal 0 0 -1
    outer loop
      vertex -7.09081 142.709 0
      vertex -6.5 143.8 0
      vertex -6.66173 142.15 0
    endloop
  endfacet
  facet normal 0 0 -1
    outer loop
      vertex -7.65 143.138 0
      vertex -6.5 143.8 0
      vertex -7.09081 142.709 0
    endloop
  endfacet
  facet normal 0 0 -1
    outer loop
      vertex -8.30119 143.408 0
      vertex -6.5 143.8 0
      vertex -7.65 143.138 0
    endloop
  endfacet
  facet normal 0 0 -1
    outer loop
      vertex -9 143.5 0
      vertex -6.5 143.8 0
      vertex -8.30119 143.408 0
    endloop
  endfacet
  facet normal 0 0 -1
    outer loop
      vertex -9 143.5 0
      vertex -11.5 143.8 0
      vertex -6.5 143.8 0
    endloop
  endfacet
  facet normal 0 0 -1
    outer loop
      vertex -9.69881 143.408 0
      vertex -11.5 143.8 0
      vertex -9 143.5 0
    endloop
  endfacet
  facet normal 0 0 -1
    outer loop
      vertex -10.35 143.138 0
      vertex -11.5 143.8 0
      vertex -9.69881 143.408 0
    endloop
  endfacet
  facet normal 0 0 -1
    outer loop
      vertex -10.9092 142.709 0
      vertex -11.5 143.8 0
      vertex -10.35 143.138 0
    endloop
  endfacet
  facet normal 0 0 -1
    outer loop
      vertex -11.3383 142.15 0
      vertex -11.5 143.8 0
      vertex -10.9092 142.709 0
    endloop
  endfacet
  facet normal 0 0 -1
    outer loop
      vertex -11.7 140.8 0
      vertex -11.5 143.8 0
      vertex -11.608 141.499 0
    endloop
  endfacet
  facet normal 0 0 -1
    outer loop
      vertex -11.608 141.499 0
      vertex -11.5 143.8 0
      vertex -11.3383 142.15 0
    endloop
  endfacet
  facet normal 0 0 -1
    outer loop
      vertex 137.521 32.2941 0
      vertex 138.8 34.7515 0
      vertex 138.637 33.7748 0
    endloop
  endfacet
  facet normal 0 0 -1
    outer loop
      vertex 138.8 34.7515 0
      vertex 0 123.8 0
      vertex 138.8 160.8 0
    endloop
  endfacet
  facet normal 0 0 -1
    outer loop
      vertex 92.1748 0.542542 0
      vertex 138.8 34.7515 0
      vertex 137.521 32.2941 0
    endloop
  endfacet
  facet normal 0 0 -1
    outer loop
      vertex 138.8 160.8 0
      vertex 135.8 163.8 0
      vertex 138.227 162.563 0
    endloop
  endfacet
  facet normal -0 0 -1
    outer loop
      vertex 138.8 34.7515 0
      vertex 92.1748 0.542542 0
      vertex 0 123.8 0
    endloop
  endfacet
  facet normal 0 0 -1
    outer loop
      vertex 46.6252 0.542542 0
      vertex 92.1748 0.542542 0
      vertex 90.4541 0 0
    endloop
  endfacet
  facet normal 0 0 -1
    outer loop
      vertex 46.6252 0.542542 0
      vertex 90.4541 0 0
      vertex 48.3459 0 0
    endloop
  endfacet
  facet normal 0 0 -1
    outer loop
      vertex 92.1748 0.542542 0
      vertex 46.6252 0.542542 0
      vertex 0 123.8 0
    endloop
  endfacet
  facet normal -0 0 -1
    outer loop
      vertex 138.8 160.8 0
      vertex 0 123.8 0
      vertex 135.8 163.8 0
    endloop
  endfacet
  facet normal 0 0 -1
    outer loop
      vertex 0 34.7515 0
      vertex 46.6252 0.542542 0
      vertex 1.27927 32.2941 0
    endloop
  endfacet
  facet normal -0 0 -1
    outer loop
      vertex 135.8 163.8 0
      vertex 0 123.8 0
      vertex 3 163.8 0
    endloop
  endfacet
  facet normal 0 0 -1
    outer loop
      vertex 0 34.7515 0
      vertex 1.27927 32.2941 0
      vertex 0.572952 32.9882 0
    endloop
  endfacet
  facet normal 0 0 -1
    outer loop
      vertex 46.6252 0.542542 0
      vertex 0 34.7515 0
      vertex 0 123.8 0
    endloop
  endfacet
  facet normal 0 0 -1
    outer loop
      vertex -6.3 140.8 0
      vertex 3 163.8 0
      vertex 0 123.8 0
    endloop
  endfacet
  facet normal 0 0 -1
    outer loop
      vertex 3 163.8 0
      vertex 0 160.8 0
      vertex 1.23665 163.227 0
    endloop
  endfacet
  facet normal 0 0 -1
    outer loop
      vertex 3 163.8 0
      vertex -6.3 140.8 0
      vertex 0 160.8 0
    endloop
  endfacet
  facet normal 0 0 -1
    outer loop
      vertex -6.5 143.8 0
      vertex 0 160.8 0
      vertex -6.3 140.8 0
    endloop
  endfacet
  facet normal 0 0 -1
    outer loop
      vertex 0 123.8 0
      vertex -6.392 140.101 0
      vertex -6.3 140.8 0
    endloop
  endfacet
  facet normal 0 0 -1
    outer loop
      vertex -6.5 137.8 0
      vertex 0 123.8 0
      vertex -6.5 125.8 0
    endloop
  endfacet
  facet normal 0 0 -1
    outer loop
      vertex 0 123.8 0
      vertex -11.5 125.8 0
      vertex -6.5 125.8 0
    endloop
  endfacet
  facet normal 0 0 -1
    outer loop
      vertex -18 123.8 0
      vertex -11.5 137.8 0
      vertex -11.5 125.8 0
    endloop
  endfacet
  facet normal -0 0 -1
    outer loop
      vertex -11.5 137.8 0
      vertex -18 123.8 0
      vertex -11.608 140.101 0
    endloop
  endfacet
  facet normal -0 0 -1
    outer loop
      vertex -11.608 140.101 0
      vertex -18 123.8 0
      vertex -11.7 140.8 0
    endloop
  endfacet
  facet normal 0 0 -1
    outer loop
      vertex -18 123.8 0
      vertex -11.5 125.8 0
      vertex 0 123.8 0
    endloop
  endfacet
  facet normal 0 0 -1
    outer loop
      vertex -6.5 143.8 0
      vertex -6.3 140.8 0
      vertex -6.392 141.499 0
    endloop
  endfacet
  facet normal 0 0 -1
    outer loop
      vertex -6.5 155.8 0
      vertex 0 160.8 0
      vertex -6.5 143.8 0
    endloop
  endfacet
  facet normal -0 0 -1
    outer loop
      vertex 0 160.8 0
      vertex -6.5 155.8 0
      vertex 0 163.8 0
    endloop
  endfacet
  facet normal 0 0 -1
    outer loop
      vertex -11.5 155.8 0
      vertex 0 163.8 0
      vertex -6.5 155.8 0
    endloop
  endfacet
  facet normal -0 0 -1
    outer loop
      vertex -11.5 143.8 0
      vertex -11.7 140.8 0
      vertex -18 163.8 0
    endloop
  endfacet
  facet normal 0 0 -1
    outer loop
      vertex -18 163.8 0
      vertex -11.7 140.8 0
      vertex -18 123.8 0
    endloop
  endfacet
  facet normal 0 0 -1
    outer loop
      vertex -11.5 155.8 0
      vertex -18 163.8 0
      vertex 0 163.8 0
    endloop
  endfacet
  facet normal 0 0 -1
    outer loop
      vertex -11.5 143.8 0
      vertex -18 163.8 0
      vertex -11.5 155.8 0
    endloop
  endfacet
  facet normal 0 0 -1
    outer loop
      vertex 0 123.8 0
      vertex -6.5 137.8 0
      vertex -6.392 140.101 0
    endloop
  endfacet
  facet normal 0 0 -1
    outer loop
      vertex -6.5 137.8 0
      vertex -6.66173 139.45 0
      vertex -6.392 140.101 0
    endloop
  endfacet
  facet normal 0 0 -1
    outer loop
      vertex -6.5 137.8 0
      vertex -7.09081 138.891 0
      vertex -6.66173 139.45 0
    endloop
  endfacet
  facet normal 0 0 -1
    outer loop
      vertex -6.5 137.8 0
      vertex -7.65 138.462 0
      vertex -7.09081 138.891 0
    endloop
  endfacet
  facet normal 0 0 -1
    outer loop
      vertex -6.5 137.8 0
      vertex -8.30119 138.192 0
      vertex -7.65 138.462 0
    endloop
  endfacet
  facet normal 0 0 -1
    outer loop
      vertex -6.5 137.8 0
      vertex -9 138.1 0
      vertex -8.30119 138.192 0
    endloop
  endfacet
  facet normal 0 0 -1
    outer loop
      vertex -11.5 137.8 0
      vertex -9 138.1 0
      vertex -6.5 137.8 0
    endloop
  endfacet
  facet normal 0 0 -1
    outer loop
      vertex -11.5 137.8 0
      vertex -9.69881 138.192 0
      vertex -9 138.1 0
    endloop
  endfacet
  facet normal 0 0 -1
    outer loop
      vertex -11.5 137.8 0
      vertex -10.35 138.462 0
      vertex -9.69881 138.192 0
    endloop
  endfacet
  facet normal 0 0 -1
    outer loop
      vertex -11.5 137.8 0
      vertex -10.9092 138.891 0
      vertex -10.35 138.462 0
    endloop
  endfacet
  facet normal 0 0 -1
    outer loop
      vertex -11.5 137.8 0
      vertex -11.3383 139.45 0
      vertex -10.9092 138.891 0
    endloop
  endfacet
  facet normal -0 0 -1
    outer loop
      vertex -11.3383 139.45 0
      vertex -11.5 137.8 0
      vertex -11.608 140.101 0
    endloop
  endfacet
  facet normal 0 -1 0
    outer loop
      vertex -18 123.8 0
      vertex 0 123.8 3
      vertex -18 123.8 3
    endloop
  endfacet
  facet normal 0 -1 -0
    outer loop
      vertex 0 123.8 3
      vertex -18 123.8 0
      vertex 0 123.8 0
    endloop
  endfacet
  facet normal 0 1 -0
    outer loop
      vertex 0 163.8 0
      vertex -18 163.8 3
      vertex 0 163.8 3
    endloop
  endfacet
  facet normal 0 1 0
    outer loop
      vertex -18 163.8 3
      vertex 0 163.8 0
      vertex -18 163.8 0
    endloop
  endfacet
  facet normal -1 0 0
    outer loop
      vertex 138.8 123.8 0
      vertex 138.8 163.8 3
      vertex 138.8 163.8 0
    endloop
  endfacet
  facet normal -1 -0 0
    outer loop
      vertex 138.8 163.8 3
      vertex 138.8 123.8 0
      vertex 138.8 123.8 3
    endloop
  endfacet
  facet normal -0 0 1
    outer loop
      vertex 150.138 139.45 3
      vertex 150.3 137.8 3
      vertex 150.408 140.101 3
    endloop
  endfacet
  facet normal -0 0 1
    outer loop
      vertex 149.709 138.891 3
      vertex 150.3 137.8 3
      vertex 150.138 139.45 3
    endloop
  endfacet
  facet normal -0 0 1
    outer loop
      vertex 149.15 138.462 3
      vertex 150.3 137.8 3
      vertex 149.709 138.891 3
    endloop
  endfacet
  facet normal -0 0 1
    outer loop
      vertex 148.499 138.192 3
      vertex 150.3 137.8 3
      vertex 149.15 138.462 3
    endloop
  endfacet
  facet normal -0 0 1
    outer loop
      vertex 147.8 138.1 3
      vertex 150.3 137.8 3
      vertex 148.499 138.192 3
    endloop
  endfacet
  facet normal 0 0 1
    outer loop
      vertex 147.8 138.1 3
      vertex 145.3 137.8 3
      vertex 150.3 137.8 3
    endloop
  endfacet
  facet normal 0 0 1
    outer loop
      vertex 147.101 138.192 3
      vertex 145.3 137.8 3
      vertex 147.8 138.1 3
    endloop
  endfacet
  facet normal 0 0 1
    outer loop
      vertex 146.45 138.462 3
      vertex 145.3 137.8 3
      vertex 147.101 138.192 3
    endloop
  endfacet
  facet normal 0 0 1
    outer loop
      vertex 145.891 138.891 3
      vertex 145.3 137.8 3
      vertex 146.45 138.462 3
    endloop
  endfacet
  facet normal 0 0 1
    outer loop
      vertex 145.462 139.45 3
      vertex 145.3 137.8 3
      vertex 145.891 138.891 3
    endloop
  endfacet
  facet normal 0 0 1
    outer loop
      vertex 138.8 123.8 3
      vertex 145.3 137.8 3
      vertex 145.192 140.101 3
    endloop
  endfacet
  facet normal 0 0 1
    outer loop
      vertex 145.192 140.101 3
      vertex 145.3 137.8 3
      vertex 145.462 139.45 3
    endloop
  endfacet
  facet normal 0 0 1
    outer loop
      vertex 156.8 163.8 3
      vertex 150.5 140.8 3
      vertex 156.8 123.8 3
    endloop
  endfacet
  facet normal -0 0 1
    outer loop
      vertex 150.3 143.8 3
      vertex 150.5 140.8 3
      vertex 156.8 163.8 3
    endloop
  endfacet
  facet normal 0 0 1
    outer loop
      vertex 150.3 143.8 3
      vertex 156.8 163.8 3
      vertex 150.3 155.8 3
    endloop
  endfacet
  facet normal 0 0 1
    outer loop
      vertex 156.8 163.8 3
      vertex 145.3 155.8 3
      vertex 150.3 155.8 3
    endloop
  endfacet
  facet normal 0 0 1
    outer loop
      vertex 138.8 163.8 3
      vertex 145.3 143.8 3
      vertex 145.3 155.8 3
    endloop
  endfacet
  facet normal 0 -0 1
    outer loop
      vertex 145.1 140.8 3
      vertex 145.3 143.8 3
      vertex 138.8 163.8 3
    endloop
  endfacet
  facet normal 0 0 1
    outer loop
      vertex 145.3 143.8 3
      vertex 145.1 140.8 3
      vertex 145.192 141.499 3
    endloop
  endfacet
  facet normal -0 0 1
    outer loop
      vertex 138.8 163.8 3
      vertex 145.3 155.8 3
      vertex 156.8 163.8 3
    endloop
  endfacet
  facet normal -0 0 1
    outer loop
      vertex 150.408 140.101 3
      vertex 156.8 123.8 3
      vertex 150.5 140.8 3
    endloop
  endfacet
  facet normal -0 0 1
    outer loop
      vertex 150.3 137.8 3
      vertex 156.8 123.8 3
      vertex 150.408 140.101 3
    endloop
  endfacet
  facet normal -0 0 1
    outer loop
      vertex 150.3 125.8 3
      vertex 156.8 123.8 3
      vertex 150.3 137.8 3
    endloop
  endfacet
  facet normal -0 0 1
    outer loop
      vertex 145.3 125.8 3
      vertex 156.8 123.8 3
      vertex 150.3 125.8 3
    endloop
  endfacet
  facet normal 0 0 1
    outer loop
      vertex 138.8 123.8 3
      vertex 145.192 140.101 3
      vertex 145.1 140.8 3
    endloop
  endfacet
  facet normal 0 0 1
    outer loop
      vertex 138.8 123.8 3
      vertex 145.1 140.8 3
      vertex 138.8 163.8 3
    endloop
  endfacet
  facet normal 0 0 1
    outer loop
      vertex 145.3 125.8 3
      vertex 138.8 123.8 3
      vertex 156.8 123.8 3
    endloop
  endfacet
  facet normal 0 0 1
    outer loop
      vertex 145.3 137.8 3
      vertex 138.8 123.8 3
      vertex 145.3 125.8 3
    endloop
  endfacet
  facet normal 0 0 1
    outer loop
      vertex 150.5 140.8 3
      vertex 150.3 143.8 3
      vertex 150.408 141.499 3
    endloop
  endfacet
  facet normal 0 0 1
    outer loop
      vertex 150.3 143.8 3
      vertex 150.138 142.15 3
      vertex 150.408 141.499 3
    endloop
  endfacet
  facet normal 0 0 1
    outer loop
      vertex 150.3 143.8 3
      vertex 149.709 142.709 3
      vertex 150.138 142.15 3
    endloop
  endfacet
  facet normal 0 0 1
    outer loop
      vertex 150.3 143.8 3
      vertex 149.15 143.138 3
      vertex 149.709 142.709 3
    endloop
  endfacet
  facet normal 0 0 1
    outer loop
      vertex 150.3 143.8 3
      vertex 148.499 143.408 3
      vertex 149.15 143.138 3
    endloop
  endfacet
  facet normal 0 0 1
    outer loop
      vertex 150.3 143.8 3
      vertex 147.8 143.5 3
      vertex 148.499 143.408 3
    endloop
  endfacet
  facet normal -0 0 1
    outer loop
      vertex 145.3 143.8 3
      vertex 147.8 143.5 3
      vertex 150.3 143.8 3
    endloop
  endfacet
  facet normal 0 0 1
    outer loop
      vertex 145.3 143.8 3
      vertex 147.101 143.408 3
      vertex 147.8 143.5 3
    endloop
  endfacet
  facet normal 0 0 1
    outer loop
      vertex 145.3 143.8 3
      vertex 146.45 143.138 3
      vertex 147.101 143.408 3
    endloop
  endfacet
  facet normal 0 0 1
    outer loop
      vertex 145.3 143.8 3
      vertex 145.891 142.709 3
      vertex 146.45 143.138 3
    endloop
  endfacet
  facet normal 0 0 1
    outer loop
      vertex 145.3 143.8 3
      vertex 145.462 142.15 3
      vertex 145.891 142.709 3
    endloop
  endfacet
  facet normal 0 0 1
    outer loop
      vertex 145.462 142.15 3
      vertex 145.3 143.8 3
      vertex 145.192 141.499 3
    endloop
  endfacet
  facet normal 1 -0 0
    outer loop
      vertex 156.8 123.8 3
      vertex 156.8 163.8 0
      vertex 156.8 163.8 3
    endloop
  endfacet
  facet normal 1 0 0
    outer loop
      vertex 156.8 163.8 0
      vertex 156.8 123.8 3
      vertex 156.8 123.8 0
    endloop
  endfacet
  facet normal 0 1 -0
    outer loop
      vertex 156.8 163.8 0
      vertex 138.8 163.8 3
      vertex 156.8 163.8 3
    endloop
  endfacet
  facet normal 0 1 0
    outer loop
      vertex 138.8 163.8 3
      vertex 156.8 163.8 0
      vertex 138.8 163.8 0
    endloop
  endfacet
  facet normal 0 0 -1
    outer loop
      vertex 150.138 142.15 0
      vertex 150.3 143.8 0
      vertex 150.408 141.499 0
    endloop
  endfacet
  facet normal 0 0 -1
    outer loop
      vertex 149.709 142.709 0
      vertex 150.3 143.8 0
      vertex 150.138 142.15 0
    endloop
  endfacet
  facet normal 0 0 -1
    outer loop
      vertex 149.15 143.138 0
      vertex 150.3 143.8 0
      vertex 149.709 142.709 0
    endloop
  endfacet
  facet normal 0 0 -1
    outer loop
      vertex 148.499 143.408 0
      vertex 150.3 143.8 0
      vertex 149.15 143.138 0
    endloop
  endfacet
  facet normal 0 0 -1
    outer loop
      vertex 147.8 143.5 0
      vertex 150.3 143.8 0
      vertex 148.499 143.408 0
    endloop
  endfacet
  facet normal 0 0 -1
    outer loop
      vertex 147.8 143.5 0
      vertex 145.3 143.8 0
      vertex 150.3 143.8 0
    endloop
  endfacet
  facet normal 0 0 -1
    outer loop
      vertex 147.101 143.408 0
      vertex 145.3 143.8 0
      vertex 147.8 143.5 0
    endloop
  endfacet
  facet normal 0 0 -1
    outer loop
      vertex 146.45 143.138 0
      vertex 145.3 143.8 0
      vertex 147.101 143.408 0
    endloop
  endfacet
  facet normal 0 0 -1
    outer loop
      vertex 145.891 142.709 0
      vertex 145.3 143.8 0
      vertex 146.45 143.138 0
    endloop
  endfacet
  facet normal 0 0 -1
    outer loop
      vertex 145.462 142.15 0
      vertex 145.3 143.8 0
      vertex 145.891 142.709 0
    endloop
  endfacet
  facet normal 0 0 -1
    outer loop
      vertex 145.1 140.8 0
      vertex 145.3 143.8 0
      vertex 145.192 141.499 0
    endloop
  endfacet
  facet normal 0 0 -1
    outer loop
      vertex 145.192 141.499 0
      vertex 145.3 143.8 0
      vertex 145.462 142.15 0
    endloop
  endfacet
  facet normal 0 0 -1
    outer loop
      vertex 156.8 123.8 0
      vertex 150.5 140.8 0
      vertex 156.8 163.8 0
    endloop
  endfacet
  facet normal 0 0 -1
    outer loop
      vertex 156.8 123.8 0
      vertex 150.408 140.101 0
      vertex 150.5 140.8 0
    endloop
  endfacet
  facet normal 0 0 -1
    outer loop
      vertex 150.3 137.8 0
      vertex 156.8 123.8 0
      vertex 150.3 125.8 0
    endloop
  endfacet
  facet normal 0 0 -1
    outer loop
      vertex 156.8 123.8 0
      vertex 145.3 125.8 0
      vertex 150.3 125.8 0
    endloop
  endfacet
  facet normal 0 0 -1
    outer loop
      vertex 138.8 123.8 0
      vertex 145.3 137.8 0
      vertex 145.3 125.8 0
    endloop
  endfacet
  facet normal -0 0 -1
    outer loop
      vertex 145.3 137.8 0
      vertex 138.8 123.8 0
      vertex 145.192 140.101 0
    endloop
  endfacet
  facet normal -0 0 -1
    outer loop
      vertex 145.192 140.101 0
      vertex 138.8 123.8 0
      vertex 145.1 140.8 0
    endloop
  endfacet
  facet normal 0 0 -1
    outer loop
      vertex 138.8 123.8 0
      vertex 145.3 125.8 0
      vertex 156.8 123.8 0
    endloop
  endfacet
  facet normal 0 0 -1
    outer loop
      vertex 150.3 143.8 0
      vertex 150.5 140.8 0
      vertex 150.408 141.499 0
    endloop
  endfacet
  facet normal 0 0 -1
    outer loop
      vertex 150.5 140.8 0
      vertex 150.3 143.8 0
      vertex 156.8 163.8 0
    endloop
  endfacet
  facet normal 0 0 -1
    outer loop
      vertex 150.3 155.8 0
      vertex 156.8 163.8 0
      vertex 150.3 143.8 0
    endloop
  endfacet
  facet normal 0 0 -1
    outer loop
      vertex 145.3 155.8 0
      vertex 156.8 163.8 0
      vertex 150.3 155.8 0
    endloop
  endfacet
  facet normal -0 0 -1
    outer loop
      vertex 145.3 143.8 0
      vertex 145.1 140.8 0
      vertex 138.8 163.8 0
    endloop
  endfacet
  facet normal 0 0 -1
    outer loop
      vertex 138.8 163.8 0
      vertex 145.1 140.8 0
      vertex 138.8 123.8 0
    endloop
  endfacet
  facet normal 0 0 -1
    outer loop
      vertex 145.3 155.8 0
      vertex 138.8 163.8 0
      vertex 156.8 163.8 0
    endloop
  endfacet
  facet normal 0 0 -1
    outer loop
      vertex 145.3 143.8 0
      vertex 138.8 163.8 0
      vertex 145.3 155.8 0
    endloop
  endfacet
  facet normal 0 0 -1
    outer loop
      vertex 156.8 123.8 0
      vertex 150.3 137.8 0
      vertex 150.408 140.101 0
    endloop
  endfacet
  facet normal 0 0 -1
    outer loop
      vertex 150.3 137.8 0
      vertex 150.138 139.45 0
      vertex 150.408 140.101 0
    endloop
  endfacet
  facet normal 0 0 -1
    outer loop
      vertex 150.3 137.8 0
      vertex 149.709 138.891 0
      vertex 150.138 139.45 0
    endloop
  endfacet
  facet normal 0 0 -1
    outer loop
      vertex 150.3 137.8 0
      vertex 149.15 138.462 0
      vertex 149.709 138.891 0
    endloop
  endfacet
  facet normal 0 0 -1
    outer loop
      vertex 150.3 137.8 0
      vertex 148.499 138.192 0
      vertex 149.15 138.462 0
    endloop
  endfacet
  facet normal 0 0 -1
    outer loop
      vertex 150.3 137.8 0
      vertex 147.8 138.1 0
      vertex 148.499 138.192 0
    endloop
  endfacet
  facet normal 0 0 -1
    outer loop
      vertex 145.3 137.8 0
      vertex 147.8 138.1 0
      vertex 150.3 137.8 0
    endloop
  endfacet
  facet normal 0 0 -1
    outer loop
      vertex 145.3 137.8 0
      vertex 147.101 138.192 0
      vertex 147.8 138.1 0
    endloop
  endfacet
  facet normal 0 0 -1
    outer loop
      vertex 145.3 137.8 0
      vertex 146.45 138.462 0
      vertex 147.101 138.192 0
    endloop
  endfacet
  facet normal 0 0 -1
    outer loop
      vertex 145.3 137.8 0
      vertex 145.891 138.891 0
      vertex 146.45 138.462 0
    endloop
  endfacet
  facet normal 0 0 -1
    outer loop
      vertex 145.3 137.8 0
      vertex 145.462 139.45 0
      vertex 145.891 138.891 0
    endloop
  endfacet
  facet normal -0 0 -1
    outer loop
      vertex 145.462 139.45 0
      vertex 145.3 137.8 0
      vertex 145.192 140.101 0
    endloop
  endfacet
  facet normal 0 -1 0
    outer loop
      vertex 138.8 123.8 0
      vertex 156.8 123.8 3
      vertex 138.8 123.8 3
    endloop
  endfacet
  facet normal 0 -1 -0
    outer loop
      vertex 156.8 123.8 3
      vertex 138.8 123.8 0
      vertex 156.8 123.8 0
    endloop
  endfacet
  facet normal 0.79858 -0.601888 0
    outer loop
      vertex 137.521 32.2941 54.8
      vertex 138.637 33.7748 0
      vertex 138.637 33.7748 54.8
    endloop
  endfacet
  facet normal 0.79858 -0.601888 0
    outer loop
      vertex 138.637 33.7748 0
      vertex 137.521 32.2941 54.8
      vertex 137.521 32.2941 0
    endloop
  endfacet
  facet normal 0.986358 -0.164612 0
    outer loop
      vertex 138.637 33.7748 54.8
      vertex 138.8 34.7515 0
      vertex 138.8 34.7515 54.8
    endloop
  endfacet
  facet normal 0.986358 -0.164612 0
    outer loop
      vertex 138.8 34.7515 0
      vertex 138.637 33.7748 54.8
      vertex 138.637 33.7748 0
    endloop
  endfacet
  facet normal 0.454102 0.89095 -0
    outer loop
      vertex 138.227 162.563 0
      vertex 135.8 163.8 54.8
      vertex 138.227 162.563 54.8
    endloop
  endfacet
  facet normal 0.454102 0.89095 0
    outer loop
      vertex 135.8 163.8 54.8
      vertex 138.227 162.563 0
      vertex 135.8 163.8 0
    endloop
  endfacet
  facet normal -0.573576 -0.819152 -3.1957e-07
    outer loop
      vertex 32.4789 10.4479 20.5693
      vertex 46.6252 0.542542 54.8
      vertex 1.27927 32.2941 54.8
    endloop
  endfacet
  facet normal -0.57351 -0.819199 -3.72953e-05
    outer loop
      vertex 46.6252 0.542542 54.8
      vertex 33.3449 9.84145 20.7444
      vertex 33.7891 9.53047 20.7799
    endloop
  endfacet
  facet normal -0.573642 -0.819106 3.95758e-05
    outer loop
      vertex 46.6252 0.542542 54.8
      vertex 33.1283 9.99314 20.727
      vertex 33.3449 9.84145 20.7444
    endloop
  endfacet
  facet normal -0.573536 -0.81918 -2.30398e-05
    outer loop
      vertex 46.6252 0.542542 54.8
      vertex 32.9154 10.1422 20.6753
      vertex 33.1283 9.99314 20.727
    endloop
  endfacet
  facet normal -0.57366 -0.819094 5.08891e-05
    outer loop
      vertex 46.6252 0.542542 54.8
      vertex 32.4789 10.4479 20.5693
      vertex 32.9154 10.1422 20.6753
    endloop
  endfacet
  facet normal -0.573541 -0.819177 4.79119e-05
    outer loop
      vertex 1.27927 32.2941 54.8
      vertex 32.0574 10.743 20.3947
      vertex 32.4789 10.4479 20.5693
    endloop
  endfacet
  facet normal -0.573454 -0.819238 0.000163345
    outer loop
      vertex 1.27927 32.2941 54.8
      vertex 31.8518 10.8869 20.3095
      vertex 32.0574 10.743 20.3947
    endloop
  endfacet
  facet normal -0.573705 -0.819062 -0.000167914
    outer loop
      vertex 1.27927 32.2941 54.8
      vertex 31.6571 11.0233 20.1923
      vertex 31.8518 10.8869 20.3095
    endloop
  endfacet
  facet normal -0.573556 -0.819166 2.71478e-05
    outer loop
      vertex 1.27927 32.2941 54.8
      vertex 31.2579 11.3028 19.9519
      vertex 31.6571 11.0233 20.1923
    endloop
  endfacet
  facet normal -0.573597 -0.819138 -2.54624e-05
    outer loop
      vertex 1.27927 32.2941 54.8
      vertex 30.8879 11.5619 19.6501
      vertex 31.2579 11.3028 19.9519
    endloop
  endfacet
  facet normal -0.573599 -0.819136 -2.82126e-05
    outer loop
      vertex 1.27927 32.2941 54.8
      vertex 30.7074 11.6883 19.5028
      vertex 30.8879 11.5619 19.6501
    endloop
  endfacet
  facet normal -0.573498 -0.819207 9.70477e-05
    outer loop
      vertex 1.27927 32.2941 54.8
      vertex 30.5441 11.8026 19.3281
      vertex 30.7074 11.6883 19.5028
    endloop
  endfacet
  facet normal -0.573586 -0.819145 -1.07647e-05
    outer loop
      vertex 1.27927 32.2941 54.8
      vertex 30.2095 12.0369 18.9698
      vertex 30.5441 11.8026 19.3281
    endloop
  endfacet
  facet normal -0.573577 -0.819151 -2.80266e-07
    outer loop
      vertex 1.27927 32.2941 54.8
      vertex 30.0664 12.1371 18.7706
      vertex 30.2095 12.0369 18.9698
    endloop
  endfacet
  facet normal -0.573567 -0.819159 1.18939e-05
    outer loop
      vertex 1.27927 32.2941 54.8
      vertex 29.7729 12.3426 18.3621
      vertex 30.0664 12.1371 18.7706
    endloop
  endfacet
  facet normal -0.573612 -0.819127 -4.08268e-05
    outer loop
      vertex 1.27927 32.2941 54.8
      vertex 29.5256 12.5158 17.9103
      vertex 29.7729 12.3426 18.3621
    endloop
  endfacet
  facet normal -0.573491 -0.819212 9.76762e-05
    outer loop
      vertex 1.27927 32.2941 54.8
      vertex 29.405 12.6002 17.6899
      vertex 29.5256 12.5158 17.9103
    endloop
  endfacet
  facet normal -0.573736 -0.81904 -0.000179602
    outer loop
      vertex 1.27927 32.2941 54.8
      vertex 29.309 12.6675 17.4522
      vertex 29.405 12.6002 17.6899
    endloop
  endfacet
  facet normal -0.573507 -0.819201 7.72214e-05
    outer loop
      vertex 1.27927 32.2941 54.8
      vertex 29.1121 12.8053 16.9649
      vertex 29.309 12.6675 17.4522
    endloop
  endfacet
  facet normal -0.573577 -0.819151 0
    outer loop
      vertex 1.27927 32.2941 0
      vertex 29.1121 12.8053 16.9649
      vertex 1.27927 32.2941 54.8
    endloop
  endfacet
  facet normal -0.573522 -0.81919 -0.000134385
    outer loop
      vertex 29.1121 12.8053 16.9649
      vertex 1.27927 32.2941 0
      vertex 28.9691 12.9055 16.4504
    endloop
  endfacet
  facet normal -0.573692 -0.819071 0.000291036
    outer loop
      vertex 28.9691 12.9055 16.4504
      vertex 1.27927 32.2941 0
      vertex 28.8993 12.9543 16.1995
    endloop
  endfacet
  facet normal -0.573562 -0.819162 -3.87701e-05
    outer loop
      vertex 28.8993 12.9543 16.1995
      vertex 1.27927 32.2941 0
      vertex 28.8569 12.984 15.9395
    endloop
  endfacet
  facet normal -0.573563 -0.819162 -3.71181e-05
    outer loop
      vertex 28.8569 12.984 15.9395
      vertex 1.27927 32.2941 0
      vertex 28.7701 13.0448 15.4066
    endloop
  endfacet
  facet normal -0.573563 -0.819162 -3.73073e-05
    outer loop
      vertex 28.7701 13.0448 15.4066
      vertex 1.27927 32.2941 0
      vertex 28.741 13.0652 14.8645
    endloop
  endfacet
  facet normal -0.573626 -0.819117 0.000136964
    outer loop
      vertex 28.741 13.0652 14.8645
      vertex 1.27927 32.2941 0
      vertex 28.7268 13.0751 14.6
    endloop
  endfacet
  facet normal -0.573531 -0.819184 -0.000129369
    outer loop
      vertex 28.7268 13.0751 14.6
      vertex 1.27927 32.2941 0
      vertex 28.741 13.0652 14.3355
    endloop
  endfacet
  facet normal -0.573589 -0.819144 3.52351e-05
    outer loop
      vertex 28.741 13.0652 14.3355
      vertex 1.27927 32.2941 0
      vertex 28.7701 13.0448 13.7934
    endloop
  endfacet
  facet normal -0.573587 -0.819145 3.11809e-05
    outer loop
      vertex 28.7701 13.0448 13.7934
      vertex 1.27927 32.2941 0
      vertex 28.8569 12.984 13.2605
    endloop
  endfacet
  facet normal -0.573588 -0.819144 3.25617e-05
    outer loop
      vertex 28.8569 12.984 13.2605
      vertex 1.27927 32.2941 0
      vertex 28.8993 12.9543 13.0005
    endloop
  endfacet
  facet normal -0.573509 -0.819199 -0.000215383
    outer loop
      vertex 28.8993 12.9543 13.0005
      vertex 1.27927 32.2941 0
      vertex 28.9691 12.9055 12.7496
    endloop
  endfacet
  facet normal -0.573607 -0.819131 9.94586e-05
    outer loop
      vertex 28.9691 12.9055 12.7496
      vertex 1.27927 32.2941 0
      vertex 29.1121 12.8053 12.2351
    endloop
  endfacet
  facet normal -0.573547 -0.819172 -0.000101588
    outer loop
      vertex 29.1121 12.8053 12.2351
      vertex 1.27927 32.2941 0
      vertex 29.309 12.6675 11.7478
    endloop
  endfacet
  facet normal -0.573642 -0.819106 0.000236279
    outer loop
      vertex 29.309 12.6675 11.7478
      vertex 1.27927 32.2941 0
      vertex 29.405 12.6002 11.5101
    endloop
  endfacet
  facet normal -0.573552 -0.819169 -9.15151e-05
    outer loop
      vertex 29.405 12.6002 11.5101
      vertex 1.27927 32.2941 0
      vertex 29.6523 12.4271 11.0583
    endloop
  endfacet
  facet normal -0.573577 -0.819151 2.35312e-07
    outer loop
      vertex 1.27927 32.2941 0
      vertex 29.916 12.2424 10.6387
      vertex 29.7729 12.3426 10.8379
    endloop
  endfacet
  facet normal -0.573587 -0.819144 4.96488e-05
    outer loop
      vertex 1.27927 32.2941 0
      vertex 30.8879 11.5619 9.54992
      vertex 30.7074 11.6883 9.69717
    endloop
  endfacet
  facet normal -0.573557 -0.819166 -0.000106483
    outer loop
      vertex 1.27927 32.2941 0
      vertex 32.2733 10.5918 8.71588
      vertex 31.8518 10.8869 8.89053
    endloop
  endfacet
  facet normal -0.573649 -0.819101 -0.00017659
    outer loop
      vertex 33.1283 9.99314 8.47298
      vertex 46.6252 0.542542 0
      vertex 33.3449 9.84145 8.45565
    endloop
  endfacet
  facet normal -0.573617 -0.819124 -9.98454e-05
    outer loop
      vertex 32.6918 10.2988 8.57898
      vertex 46.6252 0.542542 0
      vertex 33.1283 9.99314 8.47298
    endloop
  endfacet
  facet normal -0.573687 -0.819075 -0.000268548
    outer loop
      vertex 32.4789 10.4479 8.63069
      vertex 46.6252 0.542542 0
      vertex 32.6918 10.2988 8.57898
    endloop
  endfacet
  facet normal -0.573576 -0.819152 1.26747e-06
    outer loop
      vertex 46.6252 0.542542 0
      vertex 32.4789 10.4479 8.63069
      vertex 1.27927 32.2941 0
    endloop
  endfacet
  facet normal -0.573509 -0.819199 -0.000360766
    outer loop
      vertex 32.2733 10.5918 8.71588
      vertex 1.27927 32.2941 0
      vertex 32.4789 10.4479 8.63069
    endloop
  endfacet
  facet normal -0.573641 -0.819106 0.000325388
    outer loop
      vertex 31.6571 11.0233 9.00775
      vertex 1.27927 32.2941 0
      vertex 31.8518 10.8869 8.89053
    endloop
  endfacet
  facet normal -0.573566 -0.819159 -5.26165e-05
    outer loop
      vertex 31.2579 11.3028 9.24806
      vertex 1.27927 32.2941 0
      vertex 31.6571 11.0233 9.00775
    endloop
  endfacet
  facet normal -0.573586 -0.819145 4.47982e-05
    outer loop
      vertex 30.8879 11.5619 9.54992
      vertex 1.27927 32.2941 0
      vertex 31.2579 11.3028 9.24806
    endloop
  endfacet
  facet normal -0.573542 -0.819176 -0.000157346
    outer loop
      vertex 30.5441 11.8026 9.87191
      vertex 1.27927 32.2941 0
      vertex 30.7074 11.6883 9.69717
    endloop
  endfacet
  facet normal -0.573581 -0.819149 1.74523e-05
    outer loop
      vertex 30.2095 12.0369 10.2302
      vertex 1.27927 32.2941 0
      vertex 30.5441 11.8026 9.87191
    endloop
  endfacet
  facet normal -0.573573 -0.819155 -1.80149e-05
    outer loop
      vertex 29.916 12.2424 10.6387
      vertex 1.27927 32.2941 0
      vertex 30.2095 12.0369 10.2302
    endloop
  endfacet
  facet normal -0.57362 -0.819121 0.000168513
    outer loop
      vertex 29.6523 12.4271 11.0583
      vertex 1.27927 32.2941 0
      vertex 29.7729 12.3426 10.8379
    endloop
  endfacet
  facet normal -0.573598 -0.819137 1.21867e-05
    outer loop
      vertex 34.2332 9.21949 20.7444
      vertex 46.6252 0.542542 54.8
      vertex 33.7891 9.53047 20.7799
    endloop
  endfacet
  facet normal -0.573638 -0.819109 3.4044e-05
    outer loop
      vertex 34.4498 9.0678 20.727
      vertex 46.6252 0.542542 54.8
      vertex 34.2332 9.21949 20.7444
    endloop
  endfacet
  facet normal -0.573448 -0.819242 -6.74721e-05
    outer loop
      vertex 34.6628 8.91871 20.6753
      vertex 46.6252 0.542542 54.8
      vertex 34.4498 9.0678 20.727
    endloop
  endfacet
  facet normal -0.573599 -0.819136 1.16485e-05
    outer loop
      vertex 35.0993 8.61305 20.5693
      vertex 46.6252 0.542542 54.8
      vertex 34.6628 8.91871 20.6753
    endloop
  endfacet
  facet normal -0.573625 -0.819118 2.4731e-05
    outer loop
      vertex 35.5207 8.31794 20.3947
      vertex 46.6252 0.542542 54.8
      vertex 35.0993 8.61305 20.5693
    endloop
  endfacet
  facet normal -0.573523 -0.81919 -2.4525e-05
    outer loop
      vertex 35.7263 8.174 20.3095
      vertex 46.6252 0.542542 54.8
      vertex 35.5207 8.31794 20.3947
    endloop
  endfacet
  facet normal -0.573599 -0.819136 1.13917e-05
    outer loop
      vertex 35.921 8.03766 20.1923
      vertex 46.6252 0.542542 54.8
      vertex 35.7263 8.174 20.3095
    endloop
  endfacet
  facet normal -0.573561 -0.819163 -6.00619e-06
    outer loop
      vertex 36.3202 7.75815 19.9519
      vertex 46.6252 0.542542 54.8
      vertex 35.921 8.03766 20.1923
    endloop
  endfacet
  facet normal -0.573544 -0.819175 -1.35573e-05
    outer loop
      vertex 36.6903 7.49903 19.6501
      vertex 46.6252 0.542542 54.8
      vertex 36.3202 7.75815 19.9519
    endloop
  endfacet
  facet normal -0.573607 -0.81913 1.31426e-05
    outer loop
      vertex 36.8708 7.37263 19.5028
      vertex 46.6252 0.542542 54.8
      vertex 36.6903 7.49903 19.6501
    endloop
  endfacet
  facet normal -0.573602 -0.819134 1.10267e-05
    outer loop
      vertex 37.2054 7.13832 19.1446
      vertex 46.6252 0.542542 54.8
      vertex 36.8708 7.37263 19.5028
    endloop
  endfacet
  facet normal -0.573618 -0.819123 1.73328e-05
    outer loop
      vertex 37.3686 7.02403 18.9698
      vertex 46.6252 0.542542 54.8
      vertex 37.2054 7.13832 19.1446
    endloop
  endfacet
  facet normal -0.573435 -0.819251 -5.31653e-05
    outer loop
      vertex 37.5118 6.92381 18.7706
      vertex 46.6252 0.542542 54.8
      vertex 37.3686 7.02403 18.9698
    endloop
  endfacet
  facet normal -0.573644 -0.819104 2.57031e-05
    outer loop
      vertex 37.8052 6.71832 18.3621
      vertex 46.6252 0.542542 54.8
      vertex 37.5118 6.92381 18.7706
    endloop
  endfacet
  facet normal -0.57337 -0.819297 -7.33008e-05
    outer loop
      vertex 37.9259 6.63387 18.1417
      vertex 46.6252 0.542542 54.8
      vertex 37.8052 6.71832 18.3621
    endloop
  endfacet
  facet normal -0.573652 -0.819099 2.65117e-05
    outer loop
      vertex 38.1731 6.46073 17.6899
      vertex 46.6252 0.542542 54.8
      vertex 37.9259 6.63387 18.1417
    endloop
  endfacet
  facet normal -0.573649 -0.819101 2.54561e-05
    outer loop
      vertex 38.2691 6.39349 17.4522
      vertex 46.6252 0.542542 54.8
      vertex 38.1731 6.46073 17.6899
    endloop
  endfacet
  facet normal -0.57352 -0.819192 -1.76975e-05
    outer loop
      vertex 38.466 6.25565 16.9649
      vertex 46.6252 0.542542 54.8
      vertex 38.2691 6.39349 17.4522
    endloop
  endfacet
  facet normal -0.573511 -0.819198 -2.03426e-05
    outer loop
      vertex 38.6091 6.15548 16.4504
      vertex 46.6252 0.542542 54.8
      vertex 38.466 6.25565 16.9649
    endloop
  endfacet
  facet normal -0.573871 -0.818945 9.17913e-05
    outer loop
      vertex 38.6788 6.10661 16.1995
      vertex 46.6252 0.542542 54.8
      vertex 38.6091 6.15548 16.4504
    endloop
  endfacet
  facet normal -0.573821 -0.818981 -0.00018154
    outer loop
      vertex 46.6252 0.542542 0
      vertex 38.6788 6.10661 16.1995
      vertex 38.7212 6.07696 15.9395
    endloop
  endfacet
  facet normal -0.573506 -0.819201 5.08922e-05
    outer loop
      vertex 46.6252 0.542542 0
      vertex 38.7212 6.07696 15.9395
      vertex 38.808 6.01616 15.4066
    endloop
  endfacet
  facet normal -0.573564 -0.819161 6.97206e-06
    outer loop
      vertex 46.6252 0.542542 0
      vertex 38.808 6.01616 15.4066
      vertex 38.8371 5.99578 14.8645
    endloop
  endfacet
  facet normal -0.573541 -0.819177 2.46414e-05
    outer loop
      vertex 46.6252 0.542542 0
      vertex 38.8371 5.99578 14.8645
      vertex 38.8513 5.98583 14.6
    endloop
  endfacet
  facet normal -0.573598 -0.819137 -2.01265e-05
    outer loop
      vertex 46.6252 0.542542 0
      vertex 38.8513 5.98583 14.6
      vertex 38.8371 5.99578 14.3355
    endloop
  endfacet
  facet normal -0.57358 -0.81915 -5.69494e-06
    outer loop
      vertex 46.6252 0.542542 0
      vertex 38.8371 5.99578 14.3355
      vertex 38.808 6.01616 13.7934
    endloop
  endfacet
  facet normal -0.573605 -0.819132 -2.68384e-05
    outer loop
      vertex 46.6252 0.542542 0
      vertex 38.808 6.01616 13.7934
      vertex 38.7212 6.07696 13.2605
    endloop
  endfacet
  facet normal -0.573467 -0.819229 9.56935e-05
    outer loop
      vertex 46.6252 0.542542 0
      vertex 38.7212 6.07696 13.2605
      vertex 38.6788 6.10661 13.0005
    endloop
  endfacet
  facet normal -0.573549 -0.819171 3.26708e-05
    outer loop
      vertex 46.6252 0.542542 0
      vertex 37.6621 6.81855 10.6387
      vertex 37.3686 7.02403 10.2302
    endloop
  endfacet
  facet normal -0.573592 -0.819141 -2.50421e-05
    outer loop
      vertex 46.6252 0.542542 0
      vertex 37.2054 7.13832 10.0554
      vertex 36.8708 7.37263 9.69717
    endloop
  endfacet
  facet normal -0.573555 -0.819167 3.32163e-05
    outer loop
      vertex 46.6252 0.542542 0
      vertex 36.6903 7.49903 9.54992
      vertex 36.3202 7.75815 9.24806
    endloop
  endfacet
  facet normal -0.573503 -0.819204 0.000166444
    outer loop
      vertex 33.3449 9.84145 8.45565
      vertex 46.6252 0.542542 0
      vertex 33.7891 9.53047 8.42011
    endloop
  endfacet
  facet normal -0.573596 -0.819138 -4.52082e-05
    outer loop
      vertex 33.7891 9.53047 8.42011
      vertex 46.6252 0.542542 0
      vertex 34.2332 9.21949 8.45565
    endloop
  endfacet
  facet normal -0.573633 -0.819112 -0.000126312
    outer loop
      vertex 34.2332 9.21949 8.45565
      vertex 46.6252 0.542542 0
      vertex 34.4498 9.0678 8.47298
    endloop
  endfacet
  facet normal -0.573529 -0.819186 9.76606e-05
    outer loop
      vertex 34.4498 9.0678 8.47298
      vertex 46.6252 0.542542 0
      vertex 34.8864 8.76214 8.57898
    endloop
  endfacet
  facet normal -0.573572 -0.819155 0
    outer loop
      vertex 38.6788 6.10661 16.1995
      vertex 46.6252 0.542542 0
      vertex 46.6252 0.542542 54.8
    endloop
  endfacet
  facet normal -0.573735 -0.819041 -0.000148288
    outer loop
      vertex 38.6091 6.15548 12.7496
      vertex 46.6252 0.542542 0
      vertex 38.6788 6.10661 13.0005
    endloop
  endfacet
  facet normal -0.573542 -0.819176 3.28691e-05
    outer loop
      vertex 38.466 6.25565 12.2351
      vertex 46.6252 0.542542 0
      vertex 38.6091 6.15548 12.7496
    endloop
  endfacet
  facet normal -0.573543 -0.819176 3.16681e-05
    outer loop
      vertex 38.2691 6.39349 11.7478
      vertex 46.6252 0.542542 0
      vertex 38.466 6.25565 12.2351
    endloop
  endfacet
  facet normal -0.573616 -0.819125 -4.55475e-05
    outer loop
      vertex 38.1731 6.46073 11.5101
      vertex 46.6252 0.542542 0
      vertex 38.2691 6.39349 11.7478
    endloop
  endfacet
  facet normal -0.573621 -0.819121 -5.16896e-05
    outer loop
      vertex 37.9259 6.63387 11.0583
      vertex 46.6252 0.542542 0
      vertex 38.1731 6.46073 11.5101
    endloop
  endfacet
  facet normal -0.573455 -0.819237 0.000142937
    outer loop
      vertex 37.8052 6.71832 10.8379
      vertex 46.6252 0.542542 0
      vertex 37.9259 6.63387 11.0583
    endloop
  endfacet
  facet normal -0.573629 -0.819115 -6.80402e-05
    outer loop
      vertex 37.6621 6.81855 10.6387
      vertex 46.6252 0.542542 0
      vertex 37.8052 6.71832 10.8379
    endloop
  endfacet
  facet normal -0.573602 -0.819134 -3.93599e-05
    outer loop
      vertex 37.2054 7.13832 10.0554
      vertex 46.6252 0.542542 0
      vertex 37.3686 7.02403 10.2302
    endloop
  endfacet
  facet normal -0.573597 -0.819138 -3.22023e-05
    outer loop
      vertex 36.6903 7.49903 9.54992
      vertex 46.6252 0.542542 0
      vertex 36.8708 7.37263 9.69717
    endloop
  endfacet
  facet normal -0.573565 -0.81916 1.59581e-05
    outer loop
      vertex 35.921 8.03766 9.00775
      vertex 46.6252 0.542542 0
      vertex 36.3202 7.75815 9.24806
    endloop
  endfacet
  facet normal -0.573591 -0.819142 -3.02638e-05
    outer loop
      vertex 35.7263 8.174 8.89053
      vertex 46.6252 0.542542 0
      vertex 35.921 8.03766 9.00775
    endloop
  endfacet
  facet normal -0.573613 -0.819127 -6.92968e-05
    outer loop
      vertex 35.3049 8.46911 8.71588
      vertex 46.6252 0.542542 0
      vertex 35.7263 8.174 8.89053
    endloop
  endfacet
  facet normal -0.573537 -0.81918 7.67951e-05
    outer loop
      vertex 35.0993 8.61305 8.63069
      vertex 46.6252 0.542542 0
      vertex 35.3049 8.46911 8.71588
    endloop
  endfacet
  facet normal -0.573607 -0.819131 -6.23662e-05
    outer loop
      vertex 34.8864 8.76214 8.57898
      vertex 46.6252 0.542542 0
      vertex 35.0993 8.61305 8.63069
    endloop
  endfacet
  facet normal 1 0 0
    outer loop
      vertex 138.8 160.8 54.8
      vertex 138.8 142.4 19
      vertex 138.8 160.8 0
    endloop
  endfacet
  facet normal 1 0 0
    outer loop
      vertex 138.8 160.8 54.8
      vertex 138.8 61.4 19
      vertex 138.8 142.4 19
    endloop
  endfacet
  facet normal 1 0 0
    outer loop
      vertex 138.8 34.7515 0
      vertex 138.8 61.4 19
      vertex 138.8 34.7515 54.8
    endloop
  endfacet
  facet normal 1 -0 0
    outer loop
      vertex 138.8 34.7515 54.8
      vertex 138.8 61.4 19
      vertex 138.8 160.8 54.8
    endloop
  endfacet
  facet normal 1 -0 0
    outer loop
      vertex 138.8 142.4 7
      vertex 138.8 160.8 0
      vertex 138.8 142.4 19
    endloop
  endfacet
  facet normal 1 -0 0
    outer loop
      vertex 138.8 61.4 7
      vertex 138.8 160.8 0
      vertex 138.8 142.4 7
    endloop
  endfacet
  facet normal 1 0 0
    outer loop
      vertex 138.8 61.4 7
      vertex 138.8 34.7515 0
      vertex 138.8 160.8 0
    endloop
  endfacet
  facet normal 1 0 0
    outer loop
      vertex 138.8 61.4 19
      vertex 138.8 34.7515 0
      vertex 138.8 61.4 7
    endloop
  endfacet
  facet normal 0.95103 0.309098 0
    outer loop
      vertex 138.8 160.8 54.8
      vertex 138.227 162.563 0
      vertex 138.227 162.563 54.8
    endloop
  endfacet
  facet normal 0.95103 0.309098 0
    outer loop
      vertex 138.227 162.563 0
      vertex 138.8 160.8 54.8
      vertex 138.8 160.8 0
    endloop
  endfacet
  facet normal -0.951053 -0.309027 0
    outer loop
      vertex 0.572952 32.9882 0
      vertex 0 34.7515 54.8
      vertex 0 34.7515 0
    endloop
  endfacet
  facet normal -0.951053 -0.309027 0
    outer loop
      vertex 0 34.7515 54.8
      vertex 0.572952 32.9882 0
      vertex 0.572952 32.9882 54.8
    endloop
  endfacet
  facet normal -0 0 1
    outer loop
      vertex 136.4 159.4 54.8
      vertex 138.8 34.7515 54.8
      vertex 138.8 160.8 54.8
    endloop
  endfacet
  facet normal -0 0 1
    outer loop
      vertex 135.647 160.964 54.8
      vertex 138.8 160.8 54.8
      vertex 138.227 162.563 54.8
    endloop
  endfacet
  facet normal -0 0 1
    outer loop
      vertex 136.4 34.9505 54.8
      vertex 138.8 34.7515 54.8
      vertex 136.4 159.4 54.8
    endloop
  endfacet
  facet normal 0 0 1
    outer loop
      vertex 138.8 34.7515 54.8
      vertex 136.4 34.9505 54.8
      vertex 138.637 33.7748 54.8
    endloop
  endfacet
  facet normal 0 0 1
    outer loop
      vertex 135.647 160.964 54.8
      vertex 138.227 162.563 54.8
      vertex 135.8 163.8 54.8
    endloop
  endfacet
  facet normal 0 0 1
    outer loop
      vertex 138.8 160.8 54.8
      vertex 135.647 160.964 54.8
      vertex 136.4 159.4 54.8
    endloop
  endfacet
  facet normal 0 0 1
    outer loop
      vertex 135.8 163.8 54.8
      vertex 134.4 161.4 54.8
      vertex 135.647 160.964 54.8
    endloop
  endfacet
  facet normal 0 0 1
    outer loop
      vertex 135.8 163.8 54.8
      vertex 4.4 161.4 54.8
      vertex 134.4 161.4 54.8
    endloop
  endfacet
  facet normal -0 0 1
    outer loop
      vertex 3 163.8 54.8
      vertex 4.4 161.4 54.8
      vertex 135.8 163.8 54.8
    endloop
  endfacet
  facet normal 0 0 1
    outer loop
      vertex 3 163.8 54.8
      vertex 2.83634 160.647 54.8
      vertex 4.4 161.4 54.8
    endloop
  endfacet
  facet normal -0 0 1
    outer loop
      vertex 1.23665 163.227 54.8
      vertex 2.83634 160.647 54.8
      vertex 3 163.8 54.8
    endloop
  endfacet
  facet normal 0 0 1
    outer loop
      vertex 0 34.7515 54.8
      vertex 2.4 34.9505 54.8
      vertex 2.4 159.4 54.8
    endloop
  endfacet
  facet normal -0 0 1
    outer loop
      vertex 0 160.8 54.8
      vertex 2.83634 160.647 54.8
      vertex 1.23665 163.227 54.8
    endloop
  endfacet
  facet normal 0 0 1
    outer loop
      vertex 2.83634 160.647 54.8
      vertex 0 160.8 54.8
      vertex 2.4 159.4 54.8
    endloop
  endfacet
  facet normal 0 -0 1
    outer loop
      vertex 0.572952 32.9882 54.8
      vertex 2.4 34.9505 54.8
      vertex 0 34.7515 54.8
    endloop
  endfacet
  facet normal 0 0 1
    outer loop
      vertex 2.4 159.4 54.8
      vertex 0 160.8 54.8
      vertex 0 34.7515 54.8
    endloop
  endfacet
  facet normal 0 0 1
    outer loop
      vertex 2.4 34.9505 54.8
      vertex 0.572952 32.9882 54.8
      vertex 1.27927 32.2941 54.8
    endloop
  endfacet
  facet normal 0 0 1
    outer loop
      vertex 138.637 33.7748 54.8
      vertex 136.4 34.9505 54.8
      vertex 137.521 32.2941 54.8
    endloop
  endfacet
  facet normal -0 0 1
    outer loop
      vertex 135.547 33.3122 54.8
      vertex 137.521 32.2941 54.8
      vertex 136.4 34.9505 54.8
    endloop
  endfacet
  facet normal 0 0 1
    outer loop
      vertex 91.9166 2.76169 54.8
      vertex 137.521 32.2941 54.8
      vertex 135.547 33.3122 54.8
    endloop
  endfacet
  facet normal 0 0 1
    outer loop
      vertex 137.521 32.2941 54.8
      vertex 91.9166 2.76169 54.8
      vertex 92.1748 0.542542 54.8
    endloop
  endfacet
  facet normal -0 0 1
    outer loop
      vertex 90.7694 2.4 54.8
      vertex 92.1748 0.542542 54.8
      vertex 91.9166 2.76169 54.8
    endloop
  endfacet
  facet normal 0 0 1
    outer loop
      vertex 90.7694 2.4 54.8
      vertex 90.4541 0 54.8
      vertex 92.1748 0.542542 54.8
    endloop
  endfacet
  facet normal 0 0 1
    outer loop
      vertex 90.7694 2.4 54.8
      vertex 48.3459 0 54.8
      vertex 90.4541 0 54.8
    endloop
  endfacet
  facet normal -0 0 1
    outer loop
      vertex 48.0306 2.4 54.8
      vertex 48.3459 0 54.8
      vertex 90.7694 2.4 54.8
    endloop
  endfacet
  facet normal 0 0 1
    outer loop
      vertex 46.6252 0.542542 54.8
      vertex 48.0306 2.4 54.8
      vertex 46.8834 2.76169 54.8
    endloop
  endfacet
  facet normal 0 0 1
    outer loop
      vertex 48.0306 2.4 54.8
      vertex 46.6252 0.542542 54.8
      vertex 48.3459 0 54.8
    endloop
  endfacet
  facet normal -0 0 1
    outer loop
      vertex 1.27927 32.2941 54.8
      vertex 46.8834 2.76169 54.8
      vertex 3.25284 33.3122 54.8
    endloop
  endfacet
  facet normal 0 0 1
    outer loop
      vertex 46.8834 2.76169 54.8
      vertex 1.27927 32.2941 54.8
      vertex 46.6252 0.542542 54.8
    endloop
  endfacet
  facet normal 0 0 1
    outer loop
      vertex 1.27927 32.2941 54.8
      vertex 3.25284 33.3122 54.8
      vertex 2.4 34.9505 54.8
    endloop
  endfacet
  facet normal -0.700911 -0.713249 0
    outer loop
      vertex 0.572952 32.9882 0
      vertex 1.27927 32.2941 54.8
      vertex 0.572952 32.9882 54.8
    endloop
  endfacet
  facet normal -0.700911 -0.713249 -0
    outer loop
      vertex 1.27927 32.2941 54.8
      vertex 0.572952 32.9882 0
      vertex 1.27927 32.2941 0
    endloop
  endfacet
  facet normal -0.309043 0.951048 0
    outer loop
      vertex 3 163.8 0
      vertex 1.23665 163.227 54.8
      vertex 3 163.8 54.8
    endloop
  endfacet
  facet normal -0.309043 0.951048 0
    outer loop
      vertex 1.23665 163.227 54.8
      vertex 3 163.8 0
      vertex 1.23665 163.227 0
    endloop
  endfacet
  facet normal 0 1 -0
    outer loop
      vertex 83.3059 163.8 18.3807
      vertex 65.4 163.8 25
      vertex 97.4941 163.8 18.3807
    endloop
  endfacet
  facet normal 0 1 0
    outer loop
      vertex 65.4 163.8 25
      vertex 83.3059 163.8 18.3807
      vertex 82.4 163.8 18.5
    endloop
  endfacet
  facet normal 0 1 -0
    outer loop
      vertex 96.65 163.8 18.0311
      vertex 83.3059 163.8 18.3807
      vertex 97.4941 163.8 18.3807
    endloop
  endfacet
  facet normal 0 1 0
    outer loop
      vertex 96.65 163.8 18.0311
      vertex 84.15 163.8 18.0311
      vertex 83.3059 163.8 18.3807
    endloop
  endfacet
  facet normal 0 1 -0
    outer loop
      vertex 95.9251 163.8 17.4749
      vertex 84.15 163.8 18.0311
      vertex 96.65 163.8 18.0311
    endloop
  endfacet
  facet normal 0 1 0
    outer loop
      vertex 95.9251 163.8 17.4749
      vertex 84.8749 163.8 17.4749
      vertex 84.15 163.8 18.0311
    endloop
  endfacet
  facet normal 0 1 -0
    outer loop
      vertex 95.3689 163.8 16.75
      vertex 84.8749 163.8 17.4749
      vertex 95.9251 163.8 17.4749
    endloop
  endfacet
  facet normal 0 1 0
    outer loop
      vertex 95.3689 163.8 16.75
      vertex 85.4311 163.8 16.75
      vertex 84.8749 163.8 17.4749
    endloop
  endfacet
  facet normal 0 1 -0
    outer loop
      vertex 95.0193 163.8 15.9059
      vertex 85.4311 163.8 16.75
      vertex 95.3689 163.8 16.75
    endloop
  endfacet
  facet normal 0 1 0
    outer loop
      vertex 95.0193 163.8 15.9059
      vertex 85.7807 163.8 15.9059
      vertex 85.4311 163.8 16.75
    endloop
  endfacet
  facet normal 0 1 -0
    outer loop
      vertex 94.9 163.8 15
      vertex 85.7807 163.8 15.9059
      vertex 95.0193 163.8 15.9059
    endloop
  endfacet
  facet normal 0 1 0
    outer loop
      vertex 94.9 163.8 15
      vertex 85.9 163.8 15
      vertex 85.7807 163.8 15.9059
    endloop
  endfacet
  facet normal 0 1 0
    outer loop
      vertex 95.0193 163.8 14.0941
      vertex 85.9 163.8 15
      vertex 94.9 163.8 15
    endloop
  endfacet
  facet normal 0 1 0
    outer loop
      vertex 95.0193 163.8 14.0941
      vertex 85.7807 163.8 14.0941
      vertex 85.9 163.8 15
    endloop
  endfacet
  facet normal 0 1 0
    outer loop
      vertex 95.3689 163.8 13.25
      vertex 85.7807 163.8 14.0941
      vertex 95.0193 163.8 14.0941
    endloop
  endfacet
  facet normal 0 1 0
    outer loop
      vertex 95.3689 163.8 13.25
      vertex 85.4311 163.8 13.25
      vertex 85.7807 163.8 14.0941
    endloop
  endfacet
  facet normal 0 1 0
    outer loop
      vertex 95.9251 163.8 12.5251
      vertex 85.4311 163.8 13.25
      vertex 95.3689 163.8 13.25
    endloop
  endfacet
  facet normal 0 1 0
    outer loop
      vertex 95.9251 163.8 12.5251
      vertex 84.8749 163.8 12.5251
      vertex 85.4311 163.8 13.25
    endloop
  endfacet
  facet normal 0 1 0
    outer loop
      vertex 96.65 163.8 11.9689
      vertex 84.8749 163.8 12.5251
      vertex 95.9251 163.8 12.5251
    endloop
  endfacet
  facet normal 0 1 0
    outer loop
      vertex 96.65 163.8 11.9689
      vertex 84.15 163.8 11.9689
      vertex 84.8749 163.8 12.5251
    endloop
  endfacet
  facet normal 0 1 0
    outer loop
      vertex 97.4941 163.8 11.6193
      vertex 84.15 163.8 11.9689
      vertex 96.65 163.8 11.9689
    endloop
  endfacet
  facet normal 0 1 0
    outer loop
      vertex 97.4941 163.8 11.6193
      vertex 83.3059 163.8 11.6193
      vertex 84.15 163.8 11.9689
    endloop
  endfacet
  facet normal 0 1 0
    outer loop
      vertex 98.4 163.8 11.5
      vertex 83.3059 163.8 11.6193
      vertex 97.4941 163.8 11.6193
    endloop
  endfacet
  facet normal 0 1 0
    outer loop
      vertex 83.3059 163.8 11.6193
      vertex 98.4 163.8 11.5
      vertex 82.4 163.8 11.5
    endloop
  endfacet
  facet normal 0 1 0
    outer loop
      vertex 99.3059 163.8 18.3807
      vertex 135.8 163.8 54.8
      vertex 113.494 163.8 18.3807
    endloop
  endfacet
  facet normal 0 1 0
    outer loop
      vertex 135.8 163.8 54.8
      vertex 99.3059 163.8 18.3807
      vertex 98.4 163.8 18.5
    endloop
  endfacet
  facet normal 0 1 -0
    outer loop
      vertex 112.65 163.8 18.0311
      vertex 99.3059 163.8 18.3807
      vertex 113.494 163.8 18.3807
    endloop
  endfacet
  facet normal 0 1 0
    outer loop
      vertex 112.65 163.8 18.0311
      vertex 100.15 163.8 18.0311
      vertex 99.3059 163.8 18.3807
    endloop
  endfacet
  facet normal 0 1 -0
    outer loop
      vertex 111.925 163.8 17.4749
      vertex 100.15 163.8 18.0311
      vertex 112.65 163.8 18.0311
    endloop
  endfacet
  facet normal 0 1 0
    outer loop
      vertex 111.925 163.8 17.4749
      vertex 100.875 163.8 17.4749
      vertex 100.15 163.8 18.0311
    endloop
  endfacet
  facet normal 0 1 -0
    outer loop
      vertex 111.369 163.8 16.75
      vertex 100.875 163.8 17.4749
      vertex 111.925 163.8 17.4749
    endloop
  endfacet
  facet normal 0 1 0
    outer loop
      vertex 111.369 163.8 16.75
      vertex 101.431 163.8 16.75
      vertex 100.875 163.8 17.4749
    endloop
  endfacet
  facet normal 0 1 -0
    outer loop
      vertex 111.019 163.8 15.9059
      vertex 101.431 163.8 16.75
      vertex 111.369 163.8 16.75
    endloop
  endfacet
  facet normal 0 1 0
    outer loop
      vertex 111.019 163.8 15.9059
      vertex 101.781 163.8 15.9059
      vertex 101.431 163.8 16.75
    endloop
  endfacet
  facet normal 0 1 -0
    outer loop
      vertex 110.9 163.8 15
      vertex 101.781 163.8 15.9059
      vertex 111.019 163.8 15.9059
    endloop
  endfacet
  facet normal 0 1 0
    outer loop
      vertex 110.9 163.8 15
      vertex 101.9 163.8 15
      vertex 101.781 163.8 15.9059
    endloop
  endfacet
  facet normal 0 1 0
    outer loop
      vertex 111.019 163.8 14.0941
      vertex 101.9 163.8 15
      vertex 110.9 163.8 15
    endloop
  endfacet
  facet normal 0 1 0
    outer loop
      vertex 111.019 163.8 14.0941
      vertex 101.781 163.8 14.0941
      vertex 101.9 163.8 15
    endloop
  endfacet
  facet normal 0 1 0
    outer loop
      vertex 111.369 163.8 13.25
      vertex 101.781 163.8 14.0941
      vertex 111.019 163.8 14.0941
    endloop
  endfacet
  facet normal 0 1 0
    outer loop
      vertex 111.369 163.8 13.25
      vertex 101.431 163.8 13.25
      vertex 101.781 163.8 14.0941
    endloop
  endfacet
  facet normal 0 1 0
    outer loop
      vertex 111.925 163.8 12.5251
      vertex 101.431 163.8 13.25
      vertex 111.369 163.8 13.25
    endloop
  endfacet
  facet normal 0 1 0
    outer loop
      vertex 111.925 163.8 12.5251
      vertex 100.875 163.8 12.5251
      vertex 101.431 163.8 13.25
    endloop
  endfacet
  facet normal 0 1 0
    outer loop
      vertex 112.65 163.8 11.9689
      vertex 100.875 163.8 12.5251
      vertex 111.925 163.8 12.5251
    endloop
  endfacet
  facet normal 0 1 0
    outer loop
      vertex 112.65 163.8 11.9689
      vertex 100.15 163.8 11.9689
      vertex 100.875 163.8 12.5251
    endloop
  endfacet
  facet normal 0 1 0
    outer loop
      vertex 113.494 163.8 11.6193
      vertex 100.15 163.8 11.9689
      vertex 112.65 163.8 11.9689
    endloop
  endfacet
  facet normal 0 1 0
    outer loop
      vertex 113.494 163.8 11.6193
      vertex 99.3059 163.8 11.6193
      vertex 100.15 163.8 11.9689
    endloop
  endfacet
  facet normal 0 1 0
    outer loop
      vertex 135.8 163.8 0
      vertex 113.494 163.8 11.6193
      vertex 114.4 163.8 11.5
    endloop
  endfacet
  facet normal 0 1 0
    outer loop
      vertex 113.494 163.8 11.6193
      vertex 135.8 163.8 0
      vertex 99.3059 163.8 11.6193
    endloop
  endfacet
  facet normal 0 1 0
    outer loop
      vertex 135.8 163.8 54.8
      vertex 65.4 163.8 25
      vertex 3 163.8 54.8
    endloop
  endfacet
  facet normal 0 1 0
    outer loop
      vertex 113.494 163.8 18.3807
      vertex 135.8 163.8 54.8
      vertex 114.4 163.8 18.5
    endloop
  endfacet
  facet normal 0 1 0
    outer loop
      vertex 135.8 163.8 54.8
      vertex 115.306 163.8 18.3807
      vertex 114.4 163.8 18.5
    endloop
  endfacet
  facet normal 0 1 0
    outer loop
      vertex 135.8 163.8 54.8
      vertex 116.15 163.8 18.0311
      vertex 115.306 163.8 18.3807
    endloop
  endfacet
  facet normal 0 1 0
    outer loop
      vertex 135.8 163.8 54.8
      vertex 116.875 163.8 17.4749
      vertex 116.15 163.8 18.0311
    endloop
  endfacet
  facet normal 0 1 0
    outer loop
      vertex 135.8 163.8 54.8
      vertex 117.431 163.8 16.75
      vertex 116.875 163.8 17.4749
    endloop
  endfacet
  facet normal 0 1 0
    outer loop
      vertex 135.8 163.8 54.8
      vertex 117.781 163.8 15.9059
      vertex 117.431 163.8 16.75
    endloop
  endfacet
  facet normal 0 1 -0
    outer loop
      vertex 135.8 163.8 0
      vertex 117.781 163.8 15.9059
      vertex 135.8 163.8 54.8
    endloop
  endfacet
  facet normal 0 1 0
    outer loop
      vertex 117.781 163.8 15.9059
      vertex 135.8 163.8 0
      vertex 117.9 163.8 15
    endloop
  endfacet
  facet normal 0 1 0
    outer loop
      vertex 117.9 163.8 15
      vertex 135.8 163.8 0
      vertex 117.781 163.8 14.0941
    endloop
  endfacet
  facet normal 0 1 0
    outer loop
      vertex 99.3059 163.8 11.6193
      vertex 135.8 163.8 0
      vertex 98.4 163.8 11.5
    endloop
  endfacet
  facet normal -0 1 0
    outer loop
      vertex 65.4 163.8 7
      vertex 98.4 163.8 11.5
      vertex 135.8 163.8 0
    endloop
  endfacet
  facet normal 0 1 0
    outer loop
      vertex 3 163.8 0
      vertex 65.4 163.8 7
      vertex 135.8 163.8 0
    endloop
  endfacet
  facet normal 0 1 0
    outer loop
      vertex 98.4 163.8 11.5
      vertex 65.4 163.8 7
      vertex 82.4 163.8 11.5
    endloop
  endfacet
  facet normal 0 1 0
    outer loop
      vertex 115.306 163.8 11.6193
      vertex 135.8 163.8 0
      vertex 114.4 163.8 11.5
    endloop
  endfacet
  facet normal 0 1 0
    outer loop
      vertex 116.15 163.8 11.9689
      vertex 135.8 163.8 0
      vertex 115.306 163.8 11.6193
    endloop
  endfacet
  facet normal 0 1 0
    outer loop
      vertex 116.875 163.8 12.5251
      vertex 135.8 163.8 0
      vertex 116.15 163.8 11.9689
    endloop
  endfacet
  facet normal 0 1 0
    outer loop
      vertex 117.431 163.8 13.25
      vertex 135.8 163.8 0
      vertex 116.875 163.8 12.5251
    endloop
  endfacet
  facet normal 0 1 0
    outer loop
      vertex 117.781 163.8 14.0941
      vertex 135.8 163.8 0
      vertex 117.431 163.8 13.25
    endloop
  endfacet
  facet normal 0 1 -0
    outer loop
      vertex 7.4 163.8 25
      vertex 3 163.8 54.8
      vertex 65.4 163.8 25
    endloop
  endfacet
  facet normal 0 1 0
    outer loop
      vertex 3 163.8 0
      vertex 7.4 163.8 25
      vertex 7.4 163.8 7
    endloop
  endfacet
  facet normal 0 1 0
    outer loop
      vertex 7.4 163.8 25
      vertex 3 163.8 0
      vertex 3 163.8 54.8
    endloop
  endfacet
  facet normal 0 1 0
    outer loop
      vertex 65.4 163.8 7
      vertex 3 163.8 0
      vertex 7.4 163.8 7
    endloop
  endfacet
  facet normal 0 1 0
    outer loop
      vertex 97.4941 163.8 18.3807
      vertex 135.8 163.8 54.8
      vertex 98.4 163.8 18.5
    endloop
  endfacet
  facet normal 0 1 0
    outer loop
      vertex 135.8 163.8 54.8
      vertex 97.4941 163.8 18.3807
      vertex 65.4 163.8 25
    endloop
  endfacet
  facet normal 0 1 -0
    outer loop
      vertex 81.4941 163.8 18.3807
      vertex 65.4 163.8 25
      vertex 82.4 163.8 18.5
    endloop
  endfacet
  facet normal 0 1 -0
    outer loop
      vertex 80.65 163.8 18.0311
      vertex 65.4 163.8 25
      vertex 81.4941 163.8 18.3807
    endloop
  endfacet
  facet normal 0 1 -0
    outer loop
      vertex 79.9251 163.8 17.4749
      vertex 65.4 163.8 25
      vertex 80.65 163.8 18.0311
    endloop
  endfacet
  facet normal 0 1 -0
    outer loop
      vertex 79.3689 163.8 16.75
      vertex 65.4 163.8 25
      vertex 79.9251 163.8 17.4749
    endloop
  endfacet
  facet normal 0 1 -0
    outer loop
      vertex 79.0193 163.8 15.9059
      vertex 65.4 163.8 25
      vertex 79.3689 163.8 16.75
    endloop
  endfacet
  facet normal 0 1 -0
    outer loop
      vertex 78.9 163.8 15
      vertex 65.4 163.8 25
      vertex 79.0193 163.8 15.9059
    endloop
  endfacet
  facet normal 0 1 0
    outer loop
      vertex 65.4 163.8 7
      vertex 78.9 163.8 15
      vertex 79.0193 163.8 14.0941
    endloop
  endfacet
  facet normal 0 1 0
    outer loop
      vertex 65.4 163.8 7
      vertex 79.0193 163.8 14.0941
      vertex 79.3689 163.8 13.25
    endloop
  endfacet
  facet normal 0 1 0
    outer loop
      vertex 65.4 163.8 7
      vertex 79.3689 163.8 13.25
      vertex 79.9251 163.8 12.5251
    endloop
  endfacet
  facet normal 0 1 0
    outer loop
      vertex 78.9 163.8 15
      vertex 65.4 163.8 7
      vertex 65.4 163.8 25
    endloop
  endfacet
  facet normal 0 1 0
    outer loop
      vertex 80.65 163.8 11.9689
      vertex 65.4 163.8 7
      vertex 79.9251 163.8 12.5251
    endloop
  endfacet
  facet normal 0 1 0
    outer loop
      vertex 81.4941 163.8 11.6193
      vertex 65.4 163.8 7
      vertex 80.65 163.8 11.9689
    endloop
  endfacet
  facet normal 0 1 0
    outer loop
      vertex 65.4 163.8 7
      vertex 81.4941 163.8 11.6193
      vertex 82.4 163.8 11.5
    endloop
  endfacet
  facet normal 0.30071 -0.953716 0
    outer loop
      vertex 90.4541 0 0
      vertex 92.1748 0.542542 54.8
      vertex 90.4541 0 54.8
    endloop
  endfacet
  facet normal 0.30071 -0.953716 0
    outer loop
      vertex 92.1748 0.542542 54.8
      vertex 90.4541 0 0
      vertex 92.1748 0.542542 0
    endloop
  endfacet
  facet normal 0.573689 -0.819073 6.46965e-05
    outer loop
      vertex 105.455 9.84146 20.7443
      vertex 92.1748 0.542542 54.8
      vertex 105.011 9.53048 20.7799
    endloop
  endfacet
  facet normal 0.573682 -0.819078 6.08973e-05
    outer loop
      vertex 92.1748 0.542542 54.8
      vertex 104.567 9.2195 20.7443
      vertex 105.011 9.53048 20.7799
    endloop
  endfacet
  facet normal 0.572948 -0.819592 -0.000337028
    outer loop
      vertex 92.1748 0.542542 54.8
      vertex 104.35 9.06781 20.727
      vertex 104.567 9.2195 20.7443
    endloop
  endfacet
  facet normal 0.573448 -0.819242 -7.07907e-05
    outer loop
      vertex 92.1748 0.542542 54.8
      vertex 104.137 8.91872 20.6753
      vertex 104.35 9.06781 20.727
    endloop
  endfacet
  facet normal 0.574006 -0.818851 0.000220731
    outer loop
      vertex 92.1748 0.542542 54.8
      vertex 103.701 8.61306 20.5693
      vertex 104.137 8.91872 20.6753
    endloop
  endfacet
  facet normal 0.573143 -0.819455 -0.000212196
    outer loop
      vertex 92.1748 0.542542 54.8
      vertex 103.279 8.31795 20.3947
      vertex 103.701 8.61306 20.5693
    endloop
  endfacet
  facet normal 0.574539 -0.818477 0.000459515
    outer loop
      vertex 92.1748 0.542542 54.8
      vertex 103.074 8.174 20.3095
      vertex 103.279 8.31795 20.3947
    endloop
  endfacet
  facet normal 0.573076 -0.819502 -0.000230026
    outer loop
      vertex 92.1748 0.542542 54.8
      vertex 102.879 8.03767 20.1923
      vertex 103.074 8.174 20.3095
    endloop
  endfacet
  facet normal 0.573724 -0.819049 6.87402e-05
    outer loop
      vertex 92.1748 0.542542 54.8
      vertex 102.48 7.75816 19.9519
      vertex 102.879 8.03767 20.1923
    endloop
  endfacet
  facet normal 0.573638 -0.819109 3.11091e-05
    outer loop
      vertex 92.1748 0.542542 54.8
      vertex 102.11 7.49903 19.6501
      vertex 102.48 7.75816 19.9519
    endloop
  endfacet
  facet normal 0.572715 -0.819754 -0.000357669
    outer loop
      vertex 92.1748 0.542542 54.8
      vertex 101.929 7.37264 19.5028
      vertex 102.11 7.49903 19.6501
    endloop
  endfacet
  facet normal 0.574137 -0.818759 0.00022789
    outer loop
      vertex 92.1748 0.542542 54.8
      vertex 101.595 7.13833 19.1446
      vertex 101.929 7.37264 19.5028
    endloop
  endfacet
  facet normal 0.572147 -0.820151 -0.000555356
    outer loop
      vertex 92.1748 0.542542 54.8
      vertex 101.431 7.02404 18.9698
      vertex 101.595 7.13833 19.1446
    endloop
  endfacet
  facet normal 0.573864 -0.818951 0.000105162
    outer loop
      vertex 92.1748 0.542542 54.8
      vertex 101.288 6.92381 18.7706
      vertex 101.431 7.02404 18.9698
    endloop
  endfacet
  facet normal 0.574021 -0.818841 0.00016451
    outer loop
      vertex 92.1748 0.542542 54.8
      vertex 100.995 6.71833 18.3621
      vertex 101.288 6.92381 18.7706
    endloop
  endfacet
  facet normal 0.572736 -0.81974 -0.000298873
    outer loop
      vertex 92.1748 0.542542 54.8
      vertex 100.874 6.63387 18.1417
      vertex 100.995 6.71833 18.3621
    endloop
  endfacet
  facet normal 0.573871 -0.818946 0.000102265
    outer loop
      vertex 92.1748 0.542542 54.8
      vertex 100.627 6.46073 17.6899
      vertex 100.874 6.63387 18.1417
    endloop
  endfacet
  facet normal 0.573394 -0.81928 -5.96238e-05
    outer loop
      vertex 92.1748 0.542542 54.8
      vertex 100.43 6.32289 17.2026
      vertex 100.627 6.46073 17.6899
    endloop
  endfacet
  facet normal 0.573614 -0.819126 1.23036e-05
    outer loop
      vertex 92.1748 0.542542 54.8
      vertex 100.334 6.25566 16.9649
      vertex 100.43 6.32289 17.2026
    endloop
  endfacet
  facet normal 0.572891 -0.819632 -0.000219893
    outer loop
      vertex 92.1748 0.542542 54.8
      vertex 100.264 6.2068 16.714
      vertex 100.334 6.25566 16.9649
    endloop
  endfacet
  facet normal 0.57369 -0.819072 3.30045e-05
    outer loop
      vertex 92.1748 0.542542 54.8
      vertex 100.121 6.10662 16.1995
      vertex 100.264 6.2068 16.714
    endloop
  endfacet
  facet normal 0.573583 -0.819148 0
    outer loop
      vertex 92.1748 0.542542 0
      vertex 100.121 6.10662 16.1995
      vertex 92.1748 0.542542 54.8
    endloop
  endfacet
  facet normal 0.573958 -0.818885 -0.000274151
    outer loop
      vertex 100.121 6.10662 16.1995
      vertex 92.1748 0.542542 0
      vertex 100.034 6.04582 15.6666
    endloop
  endfacet
  facet normal 0.572032 -0.82023 0.0011641
    outer loop
      vertex 100.034 6.04582 15.6666
      vertex 92.1748 0.542542 0
      vertex 99.992 6.01616 15.4066
    endloop
  endfacet
  facet normal 0.573564 -0.819161 6.97206e-06
    outer loop
      vertex 99.992 6.01616 15.4066
      vertex 92.1748 0.542542 0
      vertex 99.9629 5.99578 14.8645
    endloop
  endfacet
  facet normal 0.573586 -0.819146 -9.86478e-06
    outer loop
      vertex 99.9629 5.99578 14.8645
      vertex 92.1748 0.542542 0
      vertex 99.9487 5.98584 14.6
    endloop
  endfacet
  facet normal 0.573563 -0.819161 8.05787e-06
    outer loop
      vertex 99.9487 5.98584 14.6
      vertex 92.1748 0.542542 0
      vertex 99.9629 5.99578 14.3355
    endloop
  endfacet
  facet normal 0.57358 -0.81915 -5.69494e-06
    outer loop
      vertex 99.9629 5.99578 14.3355
      vertex 92.1748 0.542542 0
      vertex 99.992 6.01616 13.7934
    endloop
  endfacet
  facet normal 0.574303 -0.818643 -0.000616286
    outer loop
      vertex 99.992 6.01616 13.7934
      vertex 92.1748 0.542542 0
      vertex 100.034 6.04582 13.5334
    endloop
  endfacet
  facet normal 0.573752 -0.819029 -0.000199354
    outer loop
      vertex 92.1748 0.542542 0
      vertex 100.874 6.63387 11.0583
      vertex 100.627 6.46073 11.5101
    endloop
  endfacet
  facet normal 0.572654 -0.819796 0.00126227
    outer loop
      vertex 92.1748 0.542542 0
      vertex 101.595 7.13833 10.0554
      vertex 101.431 7.02404 10.2302
    endloop
  endfacet
  facet normal 0.572999 -0.819556 0.000876824
    outer loop
      vertex 92.1748 0.542542 0
      vertex 102.11 7.49903 9.54993
      vertex 101.929 7.37264 9.69717
    endloop
  endfacet
  facet normal 0.573673 -0.819084 -0.000225923
    outer loop
      vertex 104.567 9.2195 8.45565
      vertex 92.1748 0.542542 0
      vertex 105.011 9.53048 8.42011
    endloop
  endfacet
  facet normal 0.572997 -0.819557 0.00125038
    outer loop
      vertex 104.35 9.06781 8.47298
      vertex 92.1748 0.542542 0
      vertex 104.567 9.2195 8.45565
    endloop
  endfacet
  facet normal 0.573923 -0.818909 -0.000731821
    outer loop
      vertex 103.914 8.76215 8.57899
      vertex 92.1748 0.542542 0
      vertex 104.35 9.06781 8.47298
    endloop
  endfacet
  facet normal 0.573468 -0.819228 0.000194918
    outer loop
      vertex 103.701 8.61306 8.63069
      vertex 92.1748 0.542542 0
      vertex 103.914 8.76215 8.57899
    endloop
  endfacet
  facet normal 0.573069 -0.819507 0.000988875
    outer loop
      vertex 103.495 8.46911 8.71588
      vertex 92.1748 0.542542 0
      vertex 103.701 8.61306 8.63069
    endloop
  endfacet
  facet normal 0.573851 -0.818959 -0.000524911
    outer loop
      vertex 103.074 8.174 8.89053
      vertex 92.1748 0.542542 0
      vertex 103.495 8.46911 8.71588
    endloop
  endfacet
  facet normal 0.573229 -0.819395 0.000611262
    outer loop
      vertex 102.879 8.03767 9.00775
      vertex 92.1748 0.542542 0
      vertex 103.074 8.174 8.89053
    endloop
  endfacet
  facet normal 0.573678 -0.819081 -0.000182623
    outer loop
      vertex 102.48 7.75816 9.24806
      vertex 92.1748 0.542542 0
      vertex 102.879 8.03767 9.00775
    endloop
  endfacet
  facet normal 0.573614 -0.819126 -7.62142e-05
    outer loop
      vertex 102.11 7.49903 9.54993
      vertex 92.1748 0.542542 0
      vertex 102.48 7.75816 9.24806
    endloop
  endfacet
  facet normal 0.573929 -0.818905 -0.000517372
    outer loop
      vertex 101.595 7.13833 10.0554
      vertex 92.1748 0.542542 0
      vertex 101.929 7.37264 9.69717
    endloop
  endfacet
  facet normal 0.573755 -0.819027 -0.000221605
    outer loop
      vertex 101.288 6.92381 10.4294
      vertex 92.1748 0.542542 0
      vertex 101.431 7.02404 10.2302
    endloop
  endfacet
  facet normal 0.573851 -0.81896 -0.000346599
    outer loop
      vertex 100.995 6.71833 10.8379
      vertex 92.1748 0.542542 0
      vertex 101.288 6.92381 10.4294
    endloop
  endfacet
  facet normal 0.573084 -0.819496 0.000583089
    outer loop
      vertex 100.874 6.63387 11.0583
      vertex 92.1748 0.542542 0
      vertex 100.995 6.71833 10.8379
    endloop
  endfacet
  facet normal 0.573472 -0.819225 0.000106701
    outer loop
      vertex 100.43 6.32289 11.9974
      vertex 92.1748 0.542542 0
      vertex 100.627 6.46073 11.5101
    endloop
  endfacet
  facet normal 0.573598 -0.819137 -2.2014e-05
    outer loop
      vertex 100.334 6.25566 12.2351
      vertex 92.1748 0.542542 0
      vertex 100.43 6.32289 11.9974
    endloop
  endfacet
  facet normal 0.573218 -0.819403 0.000355504
    outer loop
      vertex 100.264 6.2068 12.486
      vertex 92.1748 0.542542 0
      vertex 100.334 6.25566 12.2351
    endloop
  endfacet
  facet normal 0.573641 -0.819107 -5.3322e-05
    outer loop
      vertex 100.121 6.10662 13.0005
      vertex 92.1748 0.542542 0
      vertex 100.264 6.2068 12.486
    endloop
  endfacet
  facet normal 0.573424 -0.819259 0.000144416
    outer loop
      vertex 100.034 6.04582 13.5334
      vertex 92.1748 0.542542 0
      vertex 100.121 6.10662 13.0005
    endloop
  endfacet
  facet normal 0.572883 -0.819637 -0.000403443
    outer loop
      vertex 105.672 9.99314 20.727
      vertex 92.1748 0.542542 54.8
      vertex 105.455 9.84146 20.7443
    endloop
  endfacet
  facet normal 0.573337 -0.81932 -0.000135486
    outer loop
      vertex 105.885 10.1422 20.6753
      vertex 92.1748 0.542542 54.8
      vertex 105.672 9.99314 20.727
    endloop
  endfacet
  facet normal 0.57415 -0.81875 0.000351115
    outer loop
      vertex 106.321 10.4479 20.5693
      vertex 92.1748 0.542542 54.8
      vertex 105.885 10.1422 20.6753
    endloop
  endfacet
  facet normal 0.573574 -0.819154 -3.40656e-06
    outer loop
      vertex 92.1748 0.542542 54.8
      vertex 106.321 10.4479 20.5693
      vertex 137.521 32.2941 54.8
    endloop
  endfacet
  facet normal 0.573208 -0.81941 0.000493321
    outer loop
      vertex 106.743 10.743 20.3947
      vertex 137.521 32.2941 54.8
      vertex 106.321 10.4479 20.5693
    endloop
  endfacet
  facet normal 0.574275 -0.818662 -0.000928941
    outer loop
      vertex 106.948 10.8869 20.3095
      vertex 137.521 32.2941 54.8
      vertex 106.743 10.743 20.3947
    endloop
  endfacet
  facet normal 0.573316 -0.819334 0.000337532
    outer loop
      vertex 107.143 11.0233 20.1923
      vertex 137.521 32.2941 54.8
      vertex 106.948 10.8869 20.3095
    endloop
  endfacet
  facet normal 0.573681 -0.819079 -0.000139743
    outer loop
      vertex 107.542 11.3028 19.9519
      vertex 137.521 32.2941 54.8
      vertex 107.143 11.0233 20.1923
    endloop
  endfacet
  facet normal 0.573595 -0.819139 -2.90413e-05
    outer loop
      vertex 107.912 11.5619 19.6501
      vertex 137.521 32.2941 54.8
      vertex 107.542 11.3028 19.9519
    endloop
  endfacet
  facet normal 0.572966 -0.819579 0.000760505
    outer loop
      vertex 108.093 11.6883 19.5028
      vertex 137.521 32.2941 54.8
      vertex 107.912 11.5619 19.6501
    endloop
  endfacet
  facet normal 0.573873 -0.818944 -0.000366455
    outer loop
      vertex 108.256 11.8026 19.3281
      vertex 137.521 32.2941 54.8
      vertex 108.093 11.6883 19.5028
    endloop
  endfacet
  facet normal 0.573952 -0.818889 -0.000463047
    outer loop
      vertex 108.59 12.0369 18.9698
      vertex 137.521 32.2941 54.8
      vertex 108.256 11.8026 19.3281
    endloop
  endfacet
  facet normal 0.572433 -0.81995 0.00136255
    outer loop
      vertex 108.734 12.1371 18.7706
      vertex 137.521 32.2941 54.8
      vertex 108.59 12.0369 18.9698
    endloop
  endfacet
  facet normal 0.573879 -0.81894 -0.000356973
    outer loop
      vertex 109.027 12.3426 18.3621
      vertex 137.521 32.2941 54.8
      vertex 108.734 12.1371 18.7706
    endloop
  endfacet
  facet normal 0.573802 -0.818994 -0.000267346
    outer loop
      vertex 109.274 12.5158 17.9103
      vertex 137.521 32.2941 54.8
      vertex 109.027 12.3426 18.3621
    endloop
  endfacet
  facet normal 0.572954 -0.819587 0.000699839
    outer loop
      vertex 109.395 12.6002 17.6899
      vertex 137.521 32.2941 54.8
      vertex 109.274 12.5158 17.9103
    endloop
  endfacet
  facet normal 0.573734 -0.819042 -0.000181053
    outer loop
      vertex 109.491 12.6675 17.4522
      vertex 137.521 32.2941 54.8
      vertex 109.395 12.6002 17.6899
    endloop
  endfacet
  facet normal 0.573436 -0.81925 0.000152268
    outer loop
      vertex 109.688 12.8053 16.9649
      vertex 137.521 32.2941 54.8
      vertex 109.491 12.6675 17.4522
    endloop
  endfacet
  facet normal 0.573519 -0.819192 -0.000135557
    outer loop
      vertex 137.521 32.2941 0
      vertex 109.688 12.8053 16.9649
      vertex 109.831 12.9055 16.4504
    endloop
  endfacet
  facet normal 0.573907 -0.81892 0.000837868
    outer loop
      vertex 137.521 32.2941 0
      vertex 109.831 12.9055 16.4504
      vertex 109.901 12.9543 16.1995
    endloop
  endfacet
  facet normal 0.573178 -0.81943 -0.00101375
    outer loop
      vertex 137.521 32.2941 0
      vertex 109.901 12.9543 16.1995
      vertex 109.943 12.984 15.9395
    endloop
  endfacet
  facet normal 0.573649 -0.819101 0.000199169
    outer loop
      vertex 137.521 32.2941 0
      vertex 109.943 12.984 15.9395
      vertex 110.03 13.0448 15.4066
    endloop
  endfacet
  facet normal 0.573519 -0.819192 -0.000146582
    outer loop
      vertex 137.521 32.2941 0
      vertex 110.03 13.0448 15.4066
      vertex 110.059 13.0652 14.8645
    endloop
  endfacet
  facet normal 0.57346 -0.819234 -0.000309924
    outer loop
      vertex 137.521 32.2941 0
      vertex 110.059 13.0652 14.8645
      vertex 110.073 13.0751 14.6
    endloop
  endfacet
  facet normal 0.573675 -0.819083 0.000292897
    outer loop
      vertex 137.521 32.2941 0
      vertex 110.073 13.0751 14.6
      vertex 110.059 13.0652 14.3355
    endloop
  endfacet
  facet normal 0.573621 -0.819121 0.000138459
    outer loop
      vertex 137.521 32.2941 0
      vertex 110.059 13.0652 14.3355
      vertex 110.03 13.0448 13.7934
    endloop
  endfacet
  facet normal 0.573518 -0.819193 -0.000167265
    outer loop
      vertex 137.521 32.2941 0
      vertex 110.03 13.0448 13.7934
      vertex 109.943 12.984 13.2605
    endloop
  endfacet
  facet normal 0.573847 -0.818962 0.000852366
    outer loop
      vertex 137.521 32.2941 0
      vertex 109.943 12.984 13.2605
      vertex 109.901 12.9543 13.0005
    endloop
  endfacet
  facet normal 0.573382 -0.819288 -0.000619699
    outer loop
      vertex 137.521 32.2941 0
      vertex 109.901 12.9543 13.0005
      vertex 109.831 12.9055 12.7496
    endloop
  endfacet
  facet normal 0.573605 -0.819132 0.000100326
    outer loop
      vertex 137.521 32.2941 0
      vertex 109.831 12.9055 12.7496
      vertex 109.688 12.8053 12.2351
    endloop
  endfacet
  facet normal 0.573516 -0.819194 -0.00020033
    outer loop
      vertex 137.521 32.2941 0
      vertex 109.688 12.8053 12.2351
      vertex 109.491 12.6675 11.7478
    endloop
  endfacet
  facet normal 0.573639 -0.819108 0.000238188
    outer loop
      vertex 137.521 32.2941 0
      vertex 109.491 12.6675 11.7478
      vertex 109.395 12.6002 11.5101
    endloop
  endfacet
  facet normal 0.573635 -0.819111 0.000222146
    outer loop
      vertex 137.521 32.2941 0
      vertex 109.395 12.6002 11.5101
      vertex 109.148 12.4271 11.0583
    endloop
  endfacet
  facet normal 0.573396 -0.819278 -0.000689453
    outer loop
      vertex 137.521 32.2941 0
      vertex 109.148 12.4271 11.0583
      vertex 109.027 12.3426 10.8379
    endloop
  endfacet
  facet normal 0.573432 -0.819253 -0.000568952
    outer loop
      vertex 137.521 32.2941 0
      vertex 108.884 12.2424 10.6387
      vertex 108.59 12.0369 10.2302
    endloop
  endfacet
  facet normal 0.573583 -0.819147 5.10935e-05
    outer loop
      vertex 137.521 32.2941 0
      vertex 107.912 11.5619 9.54993
      vertex 107.542 11.3028 9.24806
    endloop
  endfacet
  facet normal 0.573701 -0.819065 -0.000288716
    outer loop
      vertex 92.1748 0.542542 0
      vertex 105.455 9.84146 8.45565
      vertex 105.011 9.53048 8.42011
    endloop
  endfacet
  facet normal 0.572807 -0.819688 0.00180028
    outer loop
      vertex 92.1748 0.542542 0
      vertex 105.672 9.99314 8.47298
      vertex 105.455 9.84146 8.45565
    endloop
  endfacet
  facet normal 0.574341 -0.818614 -0.00184207
    outer loop
      vertex 92.1748 0.542542 0
      vertex 106.108 10.2988 8.57898
      vertex 105.672 9.99314 8.47298
    endloop
  endfacet
  facet normal 0.573385 -0.819286 0.000475829
    outer loop
      vertex 92.1748 0.542542 0
      vertex 106.321 10.4479 8.63069
      vertex 106.108 10.2988 8.57898
    endloop
  endfacet
  facet normal 0.573574 -0.819154 1.3511e-05
    outer loop
      vertex 137.521 32.2941 0
      vertex 106.321 10.4479 8.63069
      vertex 92.1748 0.542542 0
    endloop
  endfacet
  facet normal 0.573206 -0.819409 -0.00196495
    outer loop
      vertex 106.321 10.4479 8.63069
      vertex 137.521 32.2941 0
      vertex 106.527 10.5918 8.71588
    endloop
  endfacet
  facet normal 0.573575 -0.819153 0
    outer loop
      vertex 109.688 12.8053 16.9649
      vertex 137.521 32.2941 0
      vertex 137.521 32.2941 54.8
    endloop
  endfacet
  facet normal 0.573631 -0.819114 0.000230607
    outer loop
      vertex 108.884 12.2424 10.6387
      vertex 137.521 32.2941 0
      vertex 109.027 12.3426 10.8379
    endloop
  endfacet
  facet normal 0.573745 -0.819034 0.000750453
    outer loop
      vertex 108.256 11.8026 9.87191
      vertex 137.521 32.2941 0
      vertex 108.59 12.0369 10.2302
    endloop
  endfacet
  facet normal 0.573709 -0.819059 0.000593928
    outer loop
      vertex 108.093 11.6883 9.69717
      vertex 137.521 32.2941 0
      vertex 108.256 11.8026 9.87191
    endloop
  endfacet
  facet normal 0.573282 -0.819357 -0.00133917
    outer loop
      vertex 107.912 11.5619 9.54993
      vertex 137.521 32.2941 0
      vertex 108.093 11.6883 9.69717
    endloop
  endfacet
  facet normal 0.573628 -0.819116 0.000270812
    outer loop
      vertex 107.143 11.0233 9.00775
      vertex 137.521 32.2941 0
      vertex 107.542 11.3028 9.24806
    endloop
  endfacet
  facet normal 0.573444 -0.819244 -0.000654296
    outer loop
      vertex 106.948 10.8869 8.89053
      vertex 137.521 32.2941 0
      vertex 107.143 11.0233 9.00775
    endloop
  endfacet
  facet normal 0.573742 -0.819036 0.000871214
    outer loop
      vertex 106.527 10.5918 8.71588
      vertex 137.521 32.2941 0
      vertex 106.948 10.8869 8.89053
    endloop
  endfacet
  facet normal -0.30071 -0.953716 0
    outer loop
      vertex 46.6252 0.542542 0
      vertex 48.3459 0 54.8
      vertex 46.6252 0.542542 54.8
    endloop
  endfacet
  facet normal -0.30071 -0.953716 -0
    outer loop
      vertex 48.3459 0 54.8
      vertex 46.6252 0.542542 0
      vertex 48.3459 0 0
    endloop
  endfacet
  facet normal 0 -1 0
    outer loop
      vertex 48.3459 0 54.8
      vertex 69.4 0 45.7864
      vertex 90.4541 0 54.8
    endloop
  endfacet
  facet normal 0 -1 0
    outer loop
      vertex 48.3459 0 54.8
      vertex 68.8914 0 45.753
      vertex 69.4 0 45.7864
    endloop
  endfacet
  facet normal 0 -1 0
    outer loop
      vertex 48.3459 0 54.8
      vertex 68.214 0 45.7086
      vertex 68.8914 0 45.753
    endloop
  endfacet
  facet normal 0 -1 0
    outer loop
      vertex 48.3459 0 54.8
      vertex 67.5481 0 45.5762
      vertex 68.214 0 45.7086
    endloop
  endfacet
  facet normal 0 -1 0
    outer loop
      vertex 48.3459 0 54.8
      vertex 67.0483 0 45.4767
      vertex 67.5481 0 45.5762
    endloop
  endfacet
  facet normal 0 -1 0
    outer loop
      vertex 48.3459 0 54.8
      vertex 66.5657 0 45.3129
      vertex 67.0483 0 45.4767
    endloop
  endfacet
  facet normal 0 -1 0
    outer loop
      vertex 48.3459 0 54.8
      vertex 65.9228 0 45.0947
      vertex 66.5657 0 45.3129
    endloop
  endfacet
  facet normal 0 -1 0
    outer loop
      vertex 48.3459 0 54.8
      vertex 65.4657 0 44.8693
      vertex 65.9228 0 45.0947
    endloop
  endfacet
  facet normal 0 -1 0
    outer loop
      vertex 48.3459 0 54.8
      vertex 64.8568 0 44.569
      vertex 65.4657 0 44.8693
    endloop
  endfacet
  facet normal 0 -1 0
    outer loop
      vertex 48.3459 0 54.8
      vertex 64.2924 0 44.1918
      vertex 64.8568 0 44.569
    endloop
  endfacet
  facet normal 0 -1 0
    outer loop
      vertex 48.3459 0 54.8
      vertex 63.8686 0 43.9087
      vertex 64.2924 0 44.1918
    endloop
  endfacet
  facet normal 0 -1 0
    outer loop
      vertex 48.3459 0 54.8
      vertex 63.3582 0 43.4611
      vertex 63.8686 0 43.9087
    endloop
  endfacet
  facet normal 0 -1 0
    outer loop
      vertex 48.3459 0 54.8
      vertex 62.975 0 43.125
      vertex 63.3582 0 43.4611
    endloop
  endfacet
  facet normal 0 -1 0
    outer loop
      vertex 48.3459 0 54.8
      vertex 62.5274 0 42.6146
      vertex 62.975 0 43.125
    endloop
  endfacet
  facet normal 0 -1 0
    outer loop
      vertex 48.3459 0 54.8
      vertex 62.1913 0 42.2314
      vertex 62.5274 0 42.6146
    endloop
  endfacet
  facet normal 0 -1 0
    outer loop
      vertex 48.3459 0 54.8
      vertex 61.8141 0 41.667
      vertex 62.1913 0 42.2314
    endloop
  endfacet
  facet normal 0 -1 0
    outer loop
      vertex 48.3459 0 54.8
      vertex 61.531 0 41.2432
      vertex 61.8141 0 41.667
    endloop
  endfacet
  facet normal 0 -1 0
    outer loop
      vertex 48.3459 0 54.8
      vertex 61.2307 0 40.6343
      vertex 61.531 0 41.2432
    endloop
  endfacet
  facet normal 0 -1 0
    outer loop
      vertex 48.3459 0 54.8
      vertex 61.0053 0 40.1772
      vertex 61.2307 0 40.6343
    endloop
  endfacet
  facet normal 0 -1 0
    outer loop
      vertex 48.3459 0 54.8
      vertex 60.8415 0 39.6946
      vertex 61.0053 0 40.1772
    endloop
  endfacet
  facet normal 0 -1 0
    outer loop
      vertex 48.3459 0 54.8
      vertex 60.6233 0 39.0517
      vertex 60.8415 0 39.6946
    endloop
  endfacet
  facet normal 0 -1 0
    outer loop
      vertex 48.3459 0 54.8
      vertex 60.4908 0 38.3859
      vertex 60.6233 0 39.0517
    endloop
  endfacet
  facet normal 0 -1 0
    outer loop
      vertex 48.3459 0 54.8
      vertex 60.3914 0 37.886
      vertex 60.4908 0 38.3859
    endloop
  endfacet
  facet normal 0 -1 0
    outer loop
      vertex 48.3459 0 54.8
      vertex 60.358 0 37.3774
      vertex 60.3914 0 37.886
    endloop
  endfacet
  facet normal 0 -1 0
    outer loop
      vertex 48.3459 0 54.8
      vertex 60.3136 0 36.7
      vertex 60.358 0 37.3774
    endloop
  endfacet
  facet normal 0 -1 0
    outer loop
      vertex 48.3459 0 54.8
      vertex 60.358 0 36.0226
      vertex 60.3136 0 36.7
    endloop
  endfacet
  facet normal 0 -1 0
    outer loop
      vertex 48.3459 0 54.8
      vertex 60.3914 0 35.514
      vertex 60.358 0 36.0226
    endloop
  endfacet
  facet normal 0 -1 0
    outer loop
      vertex 48.3459 0 54.8
      vertex 60.4908 0 35.0141
      vertex 60.3914 0 35.514
    endloop
  endfacet
  facet normal 0 -1 0
    outer loop
      vertex 48.3459 0 54.8
      vertex 60.6233 0 34.3483
      vertex 60.4908 0 35.0141
    endloop
  endfacet
  facet normal 0 -1 0
    outer loop
      vertex 48.3459 0 0
      vertex 60.6233 0 34.3483
      vertex 48.3459 0 54.8
    endloop
  endfacet
  facet normal 0 -1 -0
    outer loop
      vertex 60.6233 0 34.3483
      vertex 48.3459 0 0
      vertex 60.8415 0 33.7054
    endloop
  endfacet
  facet normal 0 -1 -0
    outer loop
      vertex 60.8415 0 33.7054
      vertex 48.3459 0 0
      vertex 61.0053 0 33.2228
    endloop
  endfacet
  facet normal 0 -1 -0
    outer loop
      vertex 61.0053 0 33.2228
      vertex 48.3459 0 0
      vertex 61.2307 0 32.7657
    endloop
  endfacet
  facet normal 0 -1 0
    outer loop
      vertex 64.6884 0 18.2153
      vertex 63.4854 0 29.8274
      vertex 62.975 0 30.275
    endloop
  endfacet
  facet normal 0 -1 0
    outer loop
      vertex 65.2006 0 18.7994
      vertex 64.2924 0 29.2082
      vertex 63.8686 0 29.4913
    endloop
  endfacet
  facet normal 0 -1 0
    outer loop
      vertex 65.7847 0 19.3116
      vertex 65.4657 0 28.5307
      vertex 64.8568 0 28.831
    endloop
  endfacet
  facet normal 0 -1 0
    outer loop
      vertex 67.8629 0 20.3365
      vertex 67.7141 0 27.7908
      vertex 67.0483 0 27.9233
    endloop
  endfacet
  facet normal 0 -1 0
    outer loop
      vertex 68.6248 0 20.488
      vertex 68.7226 0 27.658
      vertex 68.214 0 27.6914
    endloop
  endfacet
  facet normal 0 -1 0
    outer loop
      vertex 68.7226 0 27.658
      vertex 68.8933 0 20.5056
      vertex 69.4 0 27.6136
    endloop
  endfacet
  facet normal 0 -1 0
    outer loop
      vertex 67.7141 0 27.7908
      vertex 67.8629 0 20.3365
      vertex 68.214 0 27.6914
    endloop
  endfacet
  facet normal 0 -1 0
    outer loop
      vertex 67.1273 0 20.0868
      vertex 67.0483 0 27.9233
      vertex 66.4054 0 28.1415
    endloop
  endfacet
  facet normal 0 -1 0
    outer loop
      vertex 66.6719 0 19.8622
      vertex 66.4054 0 28.1415
      vertex 65.9228 0 28.3053
    endloop
  endfacet
  facet normal -0 -1 0
    outer loop
      vertex 66.4306 0 19.7432
      vertex 65.4657 0 28.5307
      vertex 66.0084 0 19.4611
    endloop
  endfacet
  facet normal 0 -1 0
    outer loop
      vertex 64.2924 0 29.2082
      vertex 65.2006 0 18.7994
      vertex 64.8568 0 28.831
    endloop
  endfacet
  facet normal 0 -1 0
    outer loop
      vertex 63.4854 0 29.8274
      vertex 64.6884 0 18.2153
      vertex 63.8686 0 29.4913
    endloop
  endfacet
  facet normal 0 -1 0
    outer loop
      vertex 64.2568 0 17.5694
      vertex 62.975 0 30.275
      vertex 62.5274 0 30.7854
    endloop
  endfacet
  facet normal 0 -1 0
    outer loop
      vertex 64.2568 0 17.5694
      vertex 62.5274 0 30.7854
      vertex 62.1913 0 31.1686
    endloop
  endfacet
  facet normal 0 -1 -0
    outer loop
      vertex 69.4 0 27.6136
      vertex 68.8933 0 20.5056
      vertex 69.4 0 20.5388
    endloop
  endfacet
  facet normal 0 -1 0
    outer loop
      vertex 63.9132 0 16.8727
      vertex 62.1913 0 31.1686
      vertex 61.9082 0 31.5924
    endloop
  endfacet
  facet normal 0 -1 0
    outer loop
      vertex 63.8267 0 16.6179
      vertex 61.9082 0 31.5924
      vertex 61.531 0 32.1568
    endloop
  endfacet
  facet normal 0 -1 -0
    outer loop
      vertex 68.7226 0 27.658
      vertex 68.6248 0 20.488
      vertex 68.8933 0 20.5056
    endloop
  endfacet
  facet normal 0 -1 0
    outer loop
      vertex 68.214 0 27.6914
      vertex 68.3609 0 20.4355
      vertex 68.6248 0 20.488
    endloop
  endfacet
  facet normal 0 -1 -0
    outer loop
      vertex 68.214 0 27.6914
      vertex 67.8629 0 20.3365
      vertex 68.3609 0 20.4355
    endloop
  endfacet
  facet normal 0 -1 -0
    outer loop
      vertex 61.2307 0 32.7657
      vertex 48.3459 0 0
      vertex 61.531 0 32.1568
    endloop
  endfacet
  facet normal 0 -1 0
    outer loop
      vertex 67.0483 0 27.9233
      vertex 67.3821 0 20.1733
      vertex 67.8629 0 20.3365
    endloop
  endfacet
  facet normal 0 -1 0
    outer loop
      vertex 67.0483 0 27.9233
      vertex 67.1273 0 20.0868
      vertex 67.3821 0 20.1733
    endloop
  endfacet
  facet normal 0 -1 0
    outer loop
      vertex 66.4054 0 28.1415
      vertex 66.6719 0 19.8622
      vertex 67.1273 0 20.0868
    endloop
  endfacet
  facet normal 0 -1 0
    outer loop
      vertex 65.9228 0 28.3053
      vertex 66.4306 0 19.7432
      vertex 66.6719 0 19.8622
    endloop
  endfacet
  facet normal 0 -1 0
    outer loop
      vertex 65.4657 0 28.5307
      vertex 66.4306 0 19.7432
      vertex 65.9228 0 28.3053
    endloop
  endfacet
  facet normal 0 -1 0
    outer loop
      vertex 65.4657 0 28.5307
      vertex 65.7847 0 19.3116
      vertex 66.0084 0 19.4611
    endloop
  endfacet
  facet normal 0 -1 0
    outer loop
      vertex 64.8568 0 28.831
      vertex 65.4029 0 18.9768
      vertex 65.7847 0 19.3116
    endloop
  endfacet
  facet normal 0 -1 0
    outer loop
      vertex 64.8568 0 28.831
      vertex 65.2006 0 18.7994
      vertex 65.4029 0 18.9768
    endloop
  endfacet
  facet normal 0 -1 0
    outer loop
      vertex 63.8686 0 29.4913
      vertex 65.0232 0 18.5971
      vertex 65.2006 0 18.7994
    endloop
  endfacet
  facet normal 0 -1 0
    outer loop
      vertex 63.8686 0 29.4913
      vertex 64.6884 0 18.2153
      vertex 65.0232 0 18.5971
    endloop
  endfacet
  facet normal 0 -1 0
    outer loop
      vertex 62.975 0 30.275
      vertex 64.5389 0 17.9916
      vertex 64.6884 0 18.2153
    endloop
  endfacet
  facet normal 0 -1 0
    outer loop
      vertex 62.975 0 30.275
      vertex 64.2568 0 17.5694
      vertex 64.5389 0 17.9916
    endloop
  endfacet
  facet normal 0 -1 0
    outer loop
      vertex 62.1913 0 31.1686
      vertex 64.1378 0 17.3281
      vertex 64.2568 0 17.5694
    endloop
  endfacet
  facet normal 0 -1 0
    outer loop
      vertex 62.1913 0 31.1686
      vertex 63.9132 0 16.8727
      vertex 64.1378 0 17.3281
    endloop
  endfacet
  facet normal -0 -1 0
    outer loop
      vertex 63.6635 0 16.1371
      vertex 61.531 0 32.1568
      vertex 48.3459 0 0
    endloop
  endfacet
  facet normal 0 -1 0
    outer loop
      vertex 61.9082 0 31.5924
      vertex 63.8267 0 16.6179
      vertex 63.9132 0 16.8727
    endloop
  endfacet
  facet normal 0 -1 0
    outer loop
      vertex 61.531 0 32.1568
      vertex 63.6635 0 16.1371
      vertex 63.8267 0 16.6179
    endloop
  endfacet
  facet normal 0 -1 0
    outer loop
      vertex 63.6635 0 16.1371
      vertex 48.3459 0 0
      vertex 63.5645 0 15.6391
    endloop
  endfacet
  facet normal 0 -1 0
    outer loop
      vertex 63.5645 0 15.6391
      vertex 48.3459 0 0
      vertex 63.512 0 15.3752
    endloop
  endfacet
  facet normal 0 -1 0
    outer loop
      vertex 63.512 0 15.3752
      vertex 48.3459 0 0
      vertex 63.4944 0 15.1067
    endloop
  endfacet
  facet normal 0 -1 0
    outer loop
      vertex 63.4944 0 15.1067
      vertex 48.3459 0 0
      vertex 63.4612 0 14.6
    endloop
  endfacet
  facet normal 0 -1 -0
    outer loop
      vertex 63.4612 0 14.6
      vertex 48.3459 0 0
      vertex 63.4944 0 14.0933
    endloop
  endfacet
  facet normal 0 -1 -0
    outer loop
      vertex 63.4944 0 14.0933
      vertex 48.3459 0 0
      vertex 63.512 0 13.8248
    endloop
  endfacet
  facet normal 0 -1 -0
    outer loop
      vertex 63.512 0 13.8248
      vertex 48.3459 0 0
      vertex 63.5645 0 13.5609
    endloop
  endfacet
  facet normal 0 -1 -0
    outer loop
      vertex 63.5645 0 13.5609
      vertex 48.3459 0 0
      vertex 63.6635 0 13.0629
    endloop
  endfacet
  facet normal 0 -1 -0
    outer loop
      vertex 63.6635 0 13.0629
      vertex 48.3459 0 0
      vertex 63.75 0 12.8081
    endloop
  endfacet
  facet normal 0 -1 0
    outer loop
      vertex 48.3459 0 0
      vertex 64.8658 0 10.7824
      vertex 64.6884 0 10.9847
    endloop
  endfacet
  facet normal 0 -1 0
    outer loop
      vertex 48.3459 0 0
      vertex 68.1268 0 8.81104
      vertex 67.8629 0 8.86354
    endloop
  endfacet
  facet normal 0 -1 0
    outer loop
      vertex 48.3459 0 0
      vertex 68.8933 0 8.69438
      vertex 68.6248 0 8.71198
    endloop
  endfacet
  facet normal 0 -1 -0
    outer loop
      vertex 68.8933 0 8.69438
      vertex 48.3459 0 0
      vertex 69.4 0 8.66118
    endloop
  endfacet
  facet normal 0 -1 -0
    outer loop
      vertex 68.1268 0 8.81104
      vertex 48.3459 0 0
      vertex 68.6248 0 8.71198
    endloop
  endfacet
  facet normal 0 -1 -0
    outer loop
      vertex 67.6081 0 8.95003
      vertex 48.3459 0 0
      vertex 67.8629 0 8.86354
    endloop
  endfacet
  facet normal 0 -1 -0
    outer loop
      vertex 67.1273 0 9.11324
      vertex 48.3459 0 0
      vertex 67.6081 0 8.95003
    endloop
  endfacet
  facet normal 0 -1 -0
    outer loop
      vertex 66.6719 0 9.33781
      vertex 48.3459 0 0
      vertex 67.1273 0 9.11324
    endloop
  endfacet
  facet normal 0 -1 -0
    outer loop
      vertex 66.4306 0 9.45683
      vertex 48.3459 0 0
      vertex 66.6719 0 9.33781
    endloop
  endfacet
  facet normal 0 -1 -0
    outer loop
      vertex 66.0084 0 9.73892
      vertex 48.3459 0 0
      vertex 66.4306 0 9.45683
    endloop
  endfacet
  facet normal 0 -1 -0
    outer loop
      vertex 65.7847 0 9.88841
      vertex 48.3459 0 0
      vertex 66.0084 0 9.73892
    endloop
  endfacet
  facet normal 0 -1 -0
    outer loop
      vertex 65.4029 0 10.2232
      vertex 48.3459 0 0
      vertex 65.7847 0 9.88841
    endloop
  endfacet
  facet normal 0 -1 -0
    outer loop
      vertex 65.2006 0 10.4006
      vertex 48.3459 0 0
      vertex 65.4029 0 10.2232
    endloop
  endfacet
  facet normal 0 -1 -0
    outer loop
      vertex 64.8658 0 10.7824
      vertex 48.3459 0 0
      vertex 65.2006 0 10.4006
    endloop
  endfacet
  facet normal 0 -1 -0
    outer loop
      vertex 64.5389 0 11.2084
      vertex 48.3459 0 0
      vertex 64.6884 0 10.9847
    endloop
  endfacet
  facet normal 0 -1 -0
    outer loop
      vertex 64.2568 0 11.6306
      vertex 48.3459 0 0
      vertex 64.5389 0 11.2084
    endloop
  endfacet
  facet normal 0 -1 -0
    outer loop
      vertex 64.1378 0 11.8719
      vertex 48.3459 0 0
      vertex 64.2568 0 11.6306
    endloop
  endfacet
  facet normal 0 -1 -0
    outer loop
      vertex 63.9132 0 12.3273
      vertex 48.3459 0 0
      vertex 64.1378 0 11.8719
    endloop
  endfacet
  facet normal 0 -1 -0
    outer loop
      vertex 63.75 0 12.8081
      vertex 48.3459 0 0
      vertex 63.9132 0 12.3273
    endloop
  endfacet
  facet normal 0 -1 0
    outer loop
      vertex 69.9086 0 45.753
      vertex 90.4541 0 54.8
      vertex 69.4 0 45.7864
    endloop
  endfacet
  facet normal 0 -1 0
    outer loop
      vertex 70.586 0 45.7086
      vertex 90.4541 0 54.8
      vertex 69.9086 0 45.753
    endloop
  endfacet
  facet normal 0 -1 0
    outer loop
      vertex 71.2518 0 45.5762
      vertex 90.4541 0 54.8
      vertex 70.586 0 45.7086
    endloop
  endfacet
  facet normal 0 -1 0
    outer loop
      vertex 71.7517 0 45.4767
      vertex 90.4541 0 54.8
      vertex 71.2518 0 45.5762
    endloop
  endfacet
  facet normal 0 -1 0
    outer loop
      vertex 72.2343 0 45.3129
      vertex 90.4541 0 54.8
      vertex 71.7517 0 45.4767
    endloop
  endfacet
  facet normal 0 -1 0
    outer loop
      vertex 72.8772 0 45.0947
      vertex 90.4541 0 54.8
      vertex 72.2343 0 45.3129
    endloop
  endfacet
  facet normal 0 -1 0
    outer loop
      vertex 73.3343 0 44.8693
      vertex 90.4541 0 54.8
      vertex 72.8772 0 45.0947
    endloop
  endfacet
  facet normal 0 -1 0
    outer loop
      vertex 73.9432 0 44.569
      vertex 90.4541 0 54.8
      vertex 73.3343 0 44.8693
    endloop
  endfacet
  facet normal 0 -1 0
    outer loop
      vertex 74.5077 0 44.1918
      vertex 90.4541 0 54.8
      vertex 73.9432 0 44.569
    endloop
  endfacet
  facet normal 0 -1 0
    outer loop
      vertex 74.9314 0 43.9087
      vertex 90.4541 0 54.8
      vertex 74.5077 0 44.1918
    endloop
  endfacet
  facet normal 0 -1 0
    outer loop
      vertex 75.4418 0 43.4611
      vertex 90.4541 0 54.8
      vertex 74.9314 0 43.9087
    endloop
  endfacet
  facet normal 0 -1 0
    outer loop
      vertex 75.825 0 43.125
      vertex 90.4541 0 54.8
      vertex 75.4418 0 43.4611
    endloop
  endfacet
  facet normal 0 -1 0
    outer loop
      vertex 76.2726 0 42.6146
      vertex 90.4541 0 54.8
      vertex 75.825 0 43.125
    endloop
  endfacet
  facet normal 0 -1 0
    outer loop
      vertex 76.6087 0 42.2314
      vertex 90.4541 0 54.8
      vertex 76.2726 0 42.6146
    endloop
  endfacet
  facet normal 0 -1 0
    outer loop
      vertex 76.9859 0 41.667
      vertex 90.4541 0 54.8
      vertex 76.6087 0 42.2314
    endloop
  endfacet
  facet normal 0 -1 0
    outer loop
      vertex 77.269 0 41.2432
      vertex 90.4541 0 54.8
      vertex 76.9859 0 41.667
    endloop
  endfacet
  facet normal 0 -1 0
    outer loop
      vertex 77.4944 0 40.7861
      vertex 90.4541 0 54.8
      vertex 77.269 0 41.2432
    endloop
  endfacet
  facet normal 0 -1 0
    outer loop
      vertex 77.7947 0 40.1772
      vertex 90.4541 0 54.8
      vertex 77.4944 0 40.7861
    endloop
  endfacet
  facet normal 0 -1 0
    outer loop
      vertex 78.0129 0 39.5343
      vertex 90.4541 0 54.8
      vertex 77.7947 0 40.1772
    endloop
  endfacet
  facet normal 0 -1 0
    outer loop
      vertex 78.1767 0 39.0517
      vertex 90.4541 0 54.8
      vertex 78.0129 0 39.5343
    endloop
  endfacet
  facet normal 0 -1 0
    outer loop
      vertex 78.3092 0 38.3859
      vertex 90.4541 0 54.8
      vertex 78.1767 0 39.0517
    endloop
  endfacet
  facet normal 0 -1 0
    outer loop
      vertex 78.4086 0 37.886
      vertex 90.4541 0 54.8
      vertex 78.3092 0 38.3859
    endloop
  endfacet
  facet normal 0 -1 0
    outer loop
      vertex 78.442 0 37.3774
      vertex 90.4541 0 54.8
      vertex 78.4086 0 37.886
    endloop
  endfacet
  facet normal 0 -1 0
    outer loop
      vertex 78.4864 0 36.7
      vertex 90.4541 0 54.8
      vertex 78.442 0 37.3774
    endloop
  endfacet
  facet normal 0 -1 0
    outer loop
      vertex 78.442 0 36.0226
      vertex 90.4541 0 54.8
      vertex 78.4864 0 36.7
    endloop
  endfacet
  facet normal 0 -1 0
    outer loop
      vertex 78.4086 0 35.514
      vertex 90.4541 0 54.8
      vertex 78.442 0 36.0226
    endloop
  endfacet
  facet normal 0 -1 0
    outer loop
      vertex 78.3092 0 35.0141
      vertex 90.4541 0 54.8
      vertex 78.4086 0 35.514
    endloop
  endfacet
  facet normal 0 -1 0
    outer loop
      vertex 78.1767 0 34.3483
      vertex 90.4541 0 54.8
      vertex 78.3092 0 35.0141
    endloop
  endfacet
  facet normal 0 -1 0
    outer loop
      vertex 90.4541 0 0
      vertex 78.1767 0 34.3483
      vertex 78.0129 0 33.8657
    endloop
  endfacet
  facet normal 0 -1 0
    outer loop
      vertex 90.4541 0 0
      vertex 78.0129 0 33.8657
      vertex 77.7947 0 33.2228
    endloop
  endfacet
  facet normal 0 -1 0
    outer loop
      vertex 90.4541 0 0
      vertex 77.7947 0 33.2228
      vertex 77.4944 0 32.6139
    endloop
  endfacet
  facet normal 0 -1 0
    outer loop
      vertex 90.4541 0 0
      vertex 77.4944 0 32.6139
      vertex 77.269 0 32.1568
    endloop
  endfacet
  facet normal 0 -1 0
    outer loop
      vertex 71.6727 0 20.0868
      vertex 72.3946 0 28.1415
      vertex 71.7517 0 27.9233
    endloop
  endfacet
  facet normal 0 -1 0
    outer loop
      vertex 69.9067 0 20.5056
      vertex 70.0774 0 27.658
      vertex 69.4 0 27.6136
    endloop
  endfacet
  facet normal 0 -1 0
    outer loop
      vertex 69.9067 0 20.5056
      vertex 69.4 0 27.6136
      vertex 69.4 0 20.5388
    endloop
  endfacet
  facet normal 0 -1 0
    outer loop
      vertex 70.1752 0 20.488
      vertex 70.0774 0 27.658
      vertex 69.9067 0 20.5056
    endloop
  endfacet
  facet normal 0 -1 0
    outer loop
      vertex 70.0774 0 27.658
      vertex 70.1752 0 20.488
      vertex 70.586 0 27.6914
    endloop
  endfacet
  facet normal 0 -1 0
    outer loop
      vertex 70.4391 0 20.4355
      vertex 70.586 0 27.6914
      vertex 70.1752 0 20.488
    endloop
  endfacet
  facet normal 0 -1 0
    outer loop
      vertex 70.9371 0 20.3365
      vertex 70.586 0 27.6914
      vertex 70.4391 0 20.4355
    endloop
  endfacet
  facet normal 0 -1 0
    outer loop
      vertex 70.586 0 27.6914
      vertex 70.9371 0 20.3365
      vertex 71.0859 0 27.7908
    endloop
  endfacet
  facet normal 0 -1 -0
    outer loop
      vertex 71.0859 0 27.7908
      vertex 70.9371 0 20.3365
      vertex 71.7517 0 27.9233
    endloop
  endfacet
  facet normal 0 -1 0
    outer loop
      vertex 71.1919 0 20.25
      vertex 71.7517 0 27.9233
      vertex 70.9371 0 20.3365
    endloop
  endfacet
  facet normal 0 -1 0
    outer loop
      vertex 71.6727 0 20.0868
      vertex 71.7517 0 27.9233
      vertex 71.1919 0 20.25
    endloop
  endfacet
  facet normal 0 -1 0
    outer loop
      vertex 72.1281 0 19.8622
      vertex 72.3946 0 28.1415
      vertex 71.6727 0 20.0868
    endloop
  endfacet
  facet normal 0 -1 -0
    outer loop
      vertex 72.3946 0 28.1415
      vertex 72.1281 0 19.8622
      vertex 72.8772 0 28.3053
    endloop
  endfacet
  facet normal 0 -1 0
    outer loop
      vertex 72.3694 0 19.7432
      vertex 72.8772 0 28.3053
      vertex 72.1281 0 19.8622
    endloop
  endfacet
  facet normal 0 -1 -0
    outer loop
      vertex 72.8772 0 28.3053
      vertex 72.3694 0 19.7432
      vertex 73.3343 0 28.5307
    endloop
  endfacet
  facet normal 0 -1 0
    outer loop
      vertex 72.7916 0 19.4611
      vertex 73.3343 0 28.5307
      vertex 72.3694 0 19.7432
    endloop
  endfacet
  facet normal 0 -1 0
    outer loop
      vertex 73.0153 0 19.3116
      vertex 73.3343 0 28.5307
      vertex 72.7916 0 19.4611
    endloop
  endfacet
  facet normal 0 -1 -0
    outer loop
      vertex 73.3343 0 28.5307
      vertex 73.0153 0 19.3116
      vertex 73.9432 0 28.831
    endloop
  endfacet
  facet normal 0 -1 0
    outer loop
      vertex 73.2176 0 19.1342
      vertex 73.9432 0 28.831
      vertex 73.0153 0 19.3116
    endloop
  endfacet
  facet normal 0 -1 0
    outer loop
      vertex 73.5994 0 18.7994
      vertex 73.9432 0 28.831
      vertex 73.2176 0 19.1342
    endloop
  endfacet
  facet normal 0 -1 -0
    outer loop
      vertex 73.9432 0 28.831
      vertex 73.5994 0 18.7994
      vertex 74.5077 0 29.2082
    endloop
  endfacet
  facet normal 0 -1 -0
    outer loop
      vertex 74.5077 0 29.2082
      vertex 73.5994 0 18.7994
      vertex 74.9314 0 29.4913
    endloop
  endfacet
  facet normal 0 -1 0
    outer loop
      vertex 73.7768 0 18.5971
      vertex 74.9314 0 29.4913
      vertex 73.5994 0 18.7994
    endloop
  endfacet
  facet normal 0 -1 0
    outer loop
      vertex 74.1116 0 18.2153
      vertex 74.9314 0 29.4913
      vertex 73.7768 0 18.5971
    endloop
  endfacet
  facet normal 0 -1 -0
    outer loop
      vertex 74.9314 0 29.4913
      vertex 74.1116 0 18.2153
      vertex 75.3146 0 29.8274
    endloop
  endfacet
  facet normal 0 -1 -0
    outer loop
      vertex 75.3146 0 29.8274
      vertex 74.1116 0 18.2153
      vertex 75.825 0 30.275
    endloop
  endfacet
  facet normal 0 -1 0
    outer loop
      vertex 74.2611 0 17.9916
      vertex 75.825 0 30.275
      vertex 74.1116 0 18.2153
    endloop
  endfacet
  facet normal 0 -1 0
    outer loop
      vertex 74.5432 0 17.5694
      vertex 75.825 0 30.275
      vertex 74.2611 0 17.9916
    endloop
  endfacet
  facet normal 0 -1 -0
    outer loop
      vertex 75.825 0 30.275
      vertex 74.5432 0 17.5694
      vertex 76.2726 0 30.7854
    endloop
  endfacet
  facet normal 0 -1 -0
    outer loop
      vertex 76.2726 0 30.7854
      vertex 74.5432 0 17.5694
      vertex 76.6087 0 31.1686
    endloop
  endfacet
  facet normal 0 -1 0
    outer loop
      vertex 74.6622 0 17.3281
      vertex 76.6087 0 31.1686
      vertex 74.5432 0 17.5694
    endloop
  endfacet
  facet normal 0 -1 0
    outer loop
      vertex 74.8868 0 16.8727
      vertex 76.6087 0 31.1686
      vertex 74.6622 0 17.3281
    endloop
  endfacet
  facet normal 0 -1 -0
    outer loop
      vertex 76.6087 0 31.1686
      vertex 74.8868 0 16.8727
      vertex 76.8918 0 31.5924
    endloop
  endfacet
  facet normal 0 -1 0
    outer loop
      vertex 75.05 0 16.3919
      vertex 76.8918 0 31.5924
      vertex 74.8868 0 16.8727
    endloop
  endfacet
  facet normal 0 -1 -0
    outer loop
      vertex 76.8918 0 31.5924
      vertex 75.05 0 16.3919
      vertex 77.269 0 32.1568
    endloop
  endfacet
  facet normal 0 -1 0
    outer loop
      vertex 75.1365 0 16.1371
      vertex 77.269 0 32.1568
      vertex 75.05 0 16.3919
    endloop
  endfacet
  facet normal 0 -1 -0
    outer loop
      vertex 77.269 0 32.1568
      vertex 75.1365 0 16.1371
      vertex 90.4541 0 0
    endloop
  endfacet
  facet normal 0 -1 0
    outer loop
      vertex 90.4541 0 0
      vertex 75.1365 0 16.1371
      vertex 75.189 0 15.8732
    endloop
  endfacet
  facet normal 0 -1 0
    outer loop
      vertex 90.4541 0 0
      vertex 75.189 0 15.8732
      vertex 75.288 0 15.3752
    endloop
  endfacet
  facet normal 0 -1 0
    outer loop
      vertex 90.4541 0 0
      vertex 75.288 0 15.3752
      vertex 75.3056 0 15.1067
    endloop
  endfacet
  facet normal 0 -1 0
    outer loop
      vertex 90.4541 0 0
      vertex 75.3056 0 15.1067
      vertex 75.3388 0 14.6
    endloop
  endfacet
  facet normal 0 -1 0
    outer loop
      vertex 90.4541 0 0
      vertex 75.3388 0 14.6
      vertex 75.3056 0 14.0933
    endloop
  endfacet
  facet normal 0 -1 0
    outer loop
      vertex 90.4541 0 0
      vertex 75.3056 0 14.0933
      vertex 75.288 0 13.8248
    endloop
  endfacet
  facet normal 0 -1 0
    outer loop
      vertex 90.4541 0 0
      vertex 75.288 0 13.8248
      vertex 75.189 0 13.3268
    endloop
  endfacet
  facet normal 0 -1 0
    outer loop
      vertex 90.4541 0 0
      vertex 75.189 0 13.3268
      vertex 75.1365 0 13.0629
    endloop
  endfacet
  facet normal 0 -1 0
    outer loop
      vertex 90.4541 0 0
      vertex 75.1365 0 13.0629
      vertex 75.05 0 12.8081
    endloop
  endfacet
  facet normal 0 -1 0
    outer loop
      vertex 90.4541 0 0
      vertex 75.05 0 12.8081
      vertex 74.8868 0 12.3273
    endloop
  endfacet
  facet normal 0 -1 0
    outer loop
      vertex 90.4541 0 0
      vertex 74.6622 0 11.8719
      vertex 74.5432 0 11.6306
    endloop
  endfacet
  facet normal 0 -1 0
    outer loop
      vertex 90.4541 0 0
      vertex 73.2176 0 10.0658
      vertex 73.0153 0 9.88841
    endloop
  endfacet
  facet normal 0 -1 0
    outer loop
      vertex 90.4541 0 0
      vertex 72.7916 0 9.73892
      vertex 72.3694 0 9.45683
    endloop
  endfacet
  facet normal 0 -1 0
    outer loop
      vertex 90.4541 0 0
      vertex 72.1281 0 9.33781
      vertex 71.6727 0 9.11324
    endloop
  endfacet
  facet normal 0 -1 0
    outer loop
      vertex 90.4541 0 0
      vertex 71.1919 0 8.95003
      vertex 70.9371 0 8.86354
    endloop
  endfacet
  facet normal 0 -1 0
    outer loop
      vertex 90.4541 0 0
      vertex 70.6732 0 8.81104
      vertex 70.1752 0 8.71198
    endloop
  endfacet
  facet normal 0 -1 0
    outer loop
      vertex 90.4541 0 0
      vertex 69.4 0 8.66118
      vertex 48.3459 0 0
    endloop
  endfacet
  facet normal 0 -1 0
    outer loop
      vertex 69.4 0 8.66118
      vertex 90.4541 0 0
      vertex 69.9067 0 8.69438
    endloop
  endfacet
  facet normal 0 -1 0
    outer loop
      vertex 69.9067 0 8.69438
      vertex 90.4541 0 0
      vertex 70.1752 0 8.71198
    endloop
  endfacet
  facet normal 0 -1 0
    outer loop
      vertex 70.6732 0 8.81104
      vertex 90.4541 0 0
      vertex 70.9371 0 8.86354
    endloop
  endfacet
  facet normal 0 -1 0
    outer loop
      vertex 78.1767 0 34.3483
      vertex 90.4541 0 0
      vertex 90.4541 0 54.8
    endloop
  endfacet
  facet normal 0 -1 0
    outer loop
      vertex 74.6622 0 11.8719
      vertex 90.4541 0 0
      vertex 74.8868 0 12.3273
    endloop
  endfacet
  facet normal 0 -1 0
    outer loop
      vertex 74.2611 0 11.2084
      vertex 90.4541 0 0
      vertex 74.5432 0 11.6306
    endloop
  endfacet
  facet normal 0 -1 0
    outer loop
      vertex 74.1116 0 10.9847
      vertex 90.4541 0 0
      vertex 74.2611 0 11.2084
    endloop
  endfacet
  facet normal 0 -1 0
    outer loop
      vertex 73.9342 0 10.7824
      vertex 90.4541 0 0
      vertex 74.1116 0 10.9847
    endloop
  endfacet
  facet normal 0 -1 0
    outer loop
      vertex 73.5994 0 10.4006
      vertex 90.4541 0 0
      vertex 73.9342 0 10.7824
    endloop
  endfacet
  facet normal 0 -1 0
    outer loop
      vertex 73.2176 0 10.0658
      vertex 90.4541 0 0
      vertex 73.5994 0 10.4006
    endloop
  endfacet
  facet normal 0 -1 0
    outer loop
      vertex 72.7916 0 9.73892
      vertex 90.4541 0 0
      vertex 73.0153 0 9.88841
    endloop
  endfacet
  facet normal 0 -1 0
    outer loop
      vertex 72.1281 0 9.33781
      vertex 90.4541 0 0
      vertex 72.3694 0 9.45683
    endloop
  endfacet
  facet normal 0 -1 0
    outer loop
      vertex 71.1919 0 8.95003
      vertex 90.4541 0 0
      vertex 71.6727 0 9.11324
    endloop
  endfacet
  facet normal -0.891002 0.454 0
    outer loop
      vertex 0 160.8 3
      vertex 1.23665 163.227 0
      vertex 0 160.8 0
    endloop
  endfacet
  facet normal -0.891002 0.454 0
    outer loop
      vertex 1.23665 163.227 0
      vertex 0 160.8 3
      vertex 1.23665 163.227 54.8
    endloop
  endfacet
  facet normal -0.891002 0.454 0
    outer loop
      vertex 1.23665 163.227 54.8
      vertex 0 160.8 3
      vertex 0 160.8 54.8
    endloop
  endfacet
  facet normal -0.940754 0.333173 -0.0630633
    outer loop
      vertex 39.5324 7.90898 14.6
      vertex 38.8371 5.99578 14.8645
      vertex 39.5177 7.91926 14.8736
    endloop
  endfacet
  facet normal -0.940755 0.333176 -0.063039
    outer loop
      vertex 38.8371 5.99578 14.8645
      vertex 39.5324 7.90898 14.6
      vertex 38.8513 5.98583 14.6
    endloop
  endfacet
  facet normal -0.204618 -0.182317 0.961713
    outer loop
      vertex 33.7891 9.53047 8.42011
      vertex 35.295 10.876 8.99559
      vertex 34.9167 11.1409 8.96532
    endloop
  endfacet
  facet normal -0.204625 -0.182309 0.961713
    outer loop
      vertex 35.295 10.876 8.99559
      vertex 33.7891 9.53047 8.42011
      vertex 34.2332 9.21949 8.45565
    endloop
  endfacet
  facet normal -0.204581 -0.182371 -0.961711
    outer loop
      vertex 33.7891 9.53047 20.7799
      vertex 35.295 10.876 20.2044
      vertex 34.2332 9.21949 20.7444
    endloop
  endfacet
  facet normal -0.204665 -0.182277 -0.961711
    outer loop
      vertex 35.295 10.876 20.2044
      vertex 33.7891 9.53047 20.7799
      vertex 34.9167 11.1409 20.2347
    endloop
  endfacet
  facet normal 0.634827 -0.770089 0.0629052
    outer loop
      vertex 28.741 13.0652 14.3355
      vertex 30.301 14.3728 14.6
      vertex 28.7268 13.0751 14.6
    endloop
  endfacet
  facet normal 0.6348 -0.770096 0.0630978
    outer loop
      vertex 30.301 14.3728 14.6
      vertex 28.741 13.0652 14.3355
      vertex 30.3157 14.3625 14.3264
    endloop
  endfacet
  facet normal 0.100798 -0.39616 0.912632
    outer loop
      vertex 33.1504 12.3777 9.39424
      vertex 32.2733 10.5918 8.71588
      vertex 33.5094 12.1263 9.24546
    endloop
  endfacet
  facet normal 0.100794 -0.396159 0.912633
    outer loop
      vertex 32.2733 10.5918 8.71588
      vertex 33.1504 12.3777 9.39424
      vertex 31.8518 10.8869 8.89053
    endloop
  endfacet
  facet normal 0.555079 -0.71427 0.42627
    outer loop
      vertex 29.309 12.6675 11.7478
      vertex 30.6524 14.1268 12.4437
      vertex 29.1121 12.8053 12.2351
    endloop
  endfacet
  facet normal 0.555082 -0.71427 0.426265
    outer loop
      vertex 30.6524 14.1268 12.4437
      vertex 29.309 12.6675 11.7478
      vertex 30.8201 14.0094 12.0286
    endloop
  endfacet
  facet normal -0.101401 -0.254612 -0.961712
    outer loop
      vertex 33.3449 9.84145 20.7444
      vertex 34.3142 11.5627 20.1865
      vertex 34.5384 11.4058 20.2044
    endloop
  endfacet
  facet normal -0.101151 -0.25475 -0.961702
    outer loop
      vertex 34.3142 11.5627 20.1865
      vertex 33.3449 9.84145 20.7444
      vertex 33.1283 9.99314 20.727
    endloop
  endfacet
  facet normal -0.861069 0.277365 -0.42618
    outer loop
      vertex 39.0133 8.27241 17.1714
      vertex 38.1731 6.46073 17.6899
      vertex 38.914 8.34197 17.4173
    endloop
  endfacet
  facet normal -0.861058 0.27735 -0.426212
    outer loop
      vertex 38.1731 6.46073 17.6899
      vertex 39.0133 8.27241 17.1714
      vertex 38.2691 6.39349 17.4522
    endloop
  endfacet
  facet normal -0.940757 0.33317 0.0630395
    outer loop
      vertex 38.808 6.01616 13.7934
      vertex 39.5177 7.91926 14.3264
      vertex 39.4929 7.93663 13.8645
    endloop
  endfacet
  facet normal -0.940757 0.333173 0.0630255
    outer loop
      vertex 39.5177 7.91926 14.3264
      vertex 38.808 6.01616 13.7934
      vertex 38.8371 5.99578 14.3355
    endloop
  endfacet
  facet normal -0.502233 0.0261011 -0.864338
    outer loop
      vertex 35.921 8.03766 20.1923
      vertex 37.2245 9.52494 19.4798
      vertex 36.3202 7.75815 19.9519
    endloop
  endfacet
  facet normal -0.502175 0.0260326 -0.864374
    outer loop
      vertex 37.2245 9.52494 19.4798
      vertex 35.921 8.03766 20.1923
      vertex 36.8845 9.76303 19.6845
    endloop
  endfacet
  facet normal 0.36752 -0.582941 0.724644
    outer loop
      vertex 31.8 13.3232 10.4582
      vertex 30.5441 11.8026 9.87191
      vertex 31.938 13.2266 10.3105
    endloop
  endfacet
  facet normal 0.367598 -0.582978 0.724574
    outer loop
      vertex 31.6529 13.4262 10.6157
      vertex 30.5441 11.8026 9.87191
      vertex 31.8 13.3232 10.4582
    endloop
  endfacet
  facet normal 0.367624 -0.582987 0.724555
    outer loop
      vertex 30.5441 11.8026 9.87191
      vertex 31.6529 13.4262 10.6157
      vertex 30.2095 12.0369 10.2302
    endloop
  endfacet
  facet normal 0.59464 -0.741935 -0.309734
    outer loop
      vertex 30.4583 14.2627 16.0584
      vertex 28.9691 12.9055 16.4504
      vertex 28.8993 12.9543 16.1995
    endloop
  endfacet
  facet normal 0.594554 -0.741907 -0.309966
    outer loop
      vertex 28.9691 12.9055 16.4504
      vertex 30.4583 14.2627 16.0584
      vertex 30.5305 14.2121 16.318
    endloop
  endfacet
  facet normal 0.00104815 -0.326297 -0.945267
    outer loop
      vertex 32.9154 10.1422 20.6753
      vertex 33.7221 11.9774 20.0427
      vertex 34.0939 11.717 20.133
    endloop
  endfacet
  facet normal 0.00103343 -0.326292 -0.945269
    outer loop
      vertex 33.7221 11.9774 20.0427
      vertex 32.9154 10.1422 20.6753
      vertex 32.4789 10.4479 20.5693
    endloop
  endfacet
  facet normal -0.502125 0.0259964 -0.864404
    outer loop
      vertex 35.7263 8.174 20.3095
      vertex 36.8845 9.76303 19.6845
      vertex 35.921 8.03766 20.1923
    endloop
  endfacet
  facet normal -0.502142 0.0260126 -0.864394
    outer loop
      vertex 36.8845 9.76303 19.6845
      vertex 35.7263 8.174 20.3095
      vertex 36.683 9.90409 19.8058
    endloop
  endfacet
  facet normal 0.594607 -0.74195 -0.309761
    outer loop
      vertex 30.5305 14.2121 16.318
      vertex 29.1121 12.8053 16.9649
      vertex 28.9691 12.9055 16.4504
    endloop
  endfacet
  facet normal 0.594605 -0.74195 -0.309767
    outer loop
      vertex 29.1121 12.8053 16.9649
      vertex 30.5305 14.2121 16.318
      vertex 30.6524 14.1268 16.7563
    endloop
  endfacet
  facet normal -0.900549 0.30498 -0.309836
    outer loop
      vertex 39.3029 8.06966 16.318
      vertex 38.466 6.25565 16.9649
      vertex 39.181 8.15499 16.7563
    endloop
  endfacet
  facet normal -0.900547 0.304974 -0.309849
    outer loop
      vertex 38.466 6.25565 16.9649
      vertex 39.3029 8.06966 16.318
      vertex 38.6091 6.15548 16.4504
    endloop
  endfacet
  facet normal -0.673499 0.145997 -0.724627
    outer loop
      vertex 36.8708 7.37263 19.5028
      vertex 38.0116 8.97383 18.7651
      vertex 37.2054 7.13832 19.1446
    endloop
  endfacet
  facet normal -0.6735 0.145998 -0.724626
    outer loop
      vertex 38.0116 8.97383 18.7651
      vertex 36.8708 7.37263 19.5028
      vertex 37.7265 9.17343 19.0703
    endloop
  endfacet
  facet normal -0.502098 0.0259756 0.86442
    outer loop
      vertex 35.7263 8.174 8.89053
      vertex 36.8845 9.76303 9.51552
      vertex 36.683 9.90409 9.39424
    endloop
  endfacet
  facet normal -0.502167 0.0260421 0.864379
    outer loop
      vertex 36.8845 9.76303 9.51552
      vertex 35.7263 8.174 8.89053
      vertex 35.921 8.03766 9.00775
    endloop
  endfacet
  facet normal -0.673504 0.145988 0.724624
    outer loop
      vertex 36.8708 7.37263 9.69717
      vertex 38.0116 8.97383 10.4349
      vertex 37.7265 9.17343 10.1297
    endloop
  endfacet
  facet normal -0.673524 0.146013 0.7246
    outer loop
      vertex 38.0116 8.97383 10.4349
      vertex 36.8708 7.37263 9.69717
      vertex 37.2054 7.13832 10.0554
    endloop
  endfacet
  facet normal -0.861023 0.277323 -0.426299
    outer loop
      vertex 39.181 8.15499 16.7563
      vertex 38.2691 6.39349 17.4522
      vertex 39.0133 8.27241 17.1714
    endloop
  endfacet
  facet normal -0.86101 0.2773 -0.426341
    outer loop
      vertex 38.2691 6.39349 17.4522
      vertex 39.181 8.15499 16.7563
      vertex 38.466 6.25565 16.9649
    endloop
  endfacet
  facet normal -0.406723 -0.04082 -0.912639
    outer loop
      vertex 35.0993 8.61305 20.5693
      vertex 36.4703 10.053 19.8939
      vertex 35.5207 8.31794 20.3947
    endloop
  endfacet
  facet normal -0.406793 -0.0407405 -0.912611
    outer loop
      vertex 36.4703 10.053 19.8939
      vertex 35.0993 8.61305 20.5693
      vertex 36.1113 10.3044 20.0427
    endloop
  endfacet
  facet normal 0.285635 -0.525594 0.801351
    outer loop
      vertex 32.2936 12.9776 9.97737
      vertex 31.2579 11.3028 9.24806
      vertex 32.6089 12.7569 9.72023
    endloop
  endfacet
  facet normal 0.285681 -0.525611 0.801324
    outer loop
      vertex 31.2579 11.3028 9.24806
      vertex 32.2936 12.9776 9.97737
      vertex 30.8879 11.5619 9.54992
    endloop
  endfacet
  facet normal 0.285558 -0.525544 -0.801411
    outer loop
      vertex 30.8879 11.5619 19.6501
      vertex 32.1069 13.1084 19.0703
      vertex 32.2936 12.9776 19.2226
    endloop
  endfacet
  facet normal 0.285775 -0.525658 -0.801259
    outer loop
      vertex 32.1069 13.1084 19.0703
      vertex 30.8879 11.5619 19.6501
      vertex 30.7074 11.6883 19.5028
    endloop
  endfacet
  facet normal 0.555079 -0.71427 -0.42627
    outer loop
      vertex 30.6524 14.1268 16.7563
      vertex 29.309 12.6675 17.4522
      vertex 29.1121 12.8053 16.9649
    endloop
  endfacet
  facet normal 0.555082 -0.71427 -0.426265
    outer loop
      vertex 29.309 12.6675 17.4522
      vertex 30.6524 14.1268 16.7563
      vertex 30.8201 14.0094 17.1714
    endloop
  endfacet
  facet normal -0.673486 0.145989 0.72464
    outer loop
      vertex 37.2054 7.13832 10.0554
      vertex 38.1805 8.85558 10.6157
      vertex 38.0116 8.97383 10.4349
    endloop
  endfacet
  facet normal -0.673635 0.146127 0.724474
    outer loop
      vertex 38.1805 8.85558 10.6157
      vertex 37.2054 7.13832 10.0554
      vertex 37.3686 7.02403 10.2302
    endloop
  endfacet
  facet normal -0.927275 0.323692 -0.188108
    outer loop
      vertex 39.4929 7.93663 15.3355
      vertex 38.7212 6.07696 15.9395
      vertex 39.4189 7.98842 15.7894
    endloop
  endfacet
  facet normal -0.927285 0.32374 -0.187975
    outer loop
      vertex 38.7212 6.07696 15.9395
      vertex 39.4929 7.93663 15.3355
      vertex 38.808 6.01616 15.4066
    endloop
  endfacet
  facet normal -0.59154 0.0885993 0.801393
    outer loop
      vertex 36.3202 7.75815 9.24806
      vertex 37.5398 9.3042 9.97737
      vertex 37.2245 9.52494 9.72023
    endloop
  endfacet
  facet normal -0.591563 0.0886266 0.801373
    outer loop
      vertex 37.5398 9.3042 9.97737
      vertex 36.3202 7.75815 9.24806
      vertex 36.6903 7.49903 9.54992
    endloop
  endfacet
  facet normal -0.502182 0.0260534 0.864369
    outer loop
      vertex 35.921 8.03766 9.00775
      vertex 37.2245 9.52494 9.72023
      vertex 36.8845 9.76303 9.51552
    endloop
  endfacet
  facet normal -0.50214 0.0260042 0.864395
    outer loop
      vertex 37.2245 9.52494 9.72023
      vertex 35.921 8.03766 9.00775
      vertex 36.3202 7.75815 9.24806
    endloop
  endfacet
  facet normal 0.555032 -0.714239 0.426383
    outer loop
      vertex 29.405 12.6002 11.5101
      vertex 30.8201 14.0094 12.0286
      vertex 29.309 12.6675 11.7478
    endloop
  endfacet
  facet normal 0.55507 -0.714251 0.426313
    outer loop
      vertex 30.8201 14.0094 12.0286
      vertex 29.405 12.6002 11.5101
      vertex 30.9194 13.9398 11.7827
    endloop
  endfacet
  facet normal 0.634827 -0.770089 -0.0629052
    outer loop
      vertex 30.301 14.3728 14.6
      vertex 28.741 13.0652 14.8645
      vertex 28.7268 13.0751 14.6
    endloop
  endfacet
  facet normal 0.6348 -0.770096 -0.0630978
    outer loop
      vertex 28.741 13.0652 14.8645
      vertex 30.301 14.3728 14.6
      vertex 30.3157 14.3625 14.8736
    endloop
  endfacet
  facet normal -0.307004 -0.110613 -0.945258
    outer loop
      vertex 34.6628 8.91871 20.6753
      vertex 36.1113 10.3044 20.0427
      vertex 35.0993 8.61305 20.5693
    endloop
  endfacet
  facet normal -0.307028 -0.110586 -0.945254
    outer loop
      vertex 36.1113 10.3044 20.0427
      vertex 34.6628 8.91871 20.6753
      vertex 35.7395 10.5648 20.133
    endloop
  endfacet
  facet normal -0.591724 0.0887392 -0.801241
    outer loop
      vertex 36.6903 7.49903 19.6501
      vertex 37.7265 9.17343 19.0703
      vertex 36.8708 7.37263 19.5028
    endloop
  endfacet
  facet normal -0.591608 0.0886337 -0.801339
    outer loop
      vertex 37.7265 9.17343 19.0703
      vertex 36.6903 7.49903 19.6501
      vertex 37.5398 9.3042 19.2226
    endloop
  endfacet
  facet normal -0.59151 0.0885689 -0.801418
    outer loop
      vertex 36.3202 7.75815 19.9519
      vertex 37.5398 9.3042 19.2226
      vertex 36.6903 7.49903 19.6501
    endloop
  endfacet
  facet normal -0.591598 0.0886745 -0.801341
    outer loop
      vertex 37.5398 9.3042 19.2226
      vertex 36.3202 7.75815 19.9519
      vertex 37.2245 9.52494 19.4798
    endloop
  endfacet
  facet normal -0.673635 0.146127 -0.724474
    outer loop
      vertex 37.2054 7.13832 19.1446
      vertex 38.1805 8.85558 18.5843
      vertex 37.3686 7.02403 18.9698
    endloop
  endfacet
  facet normal -0.673486 0.145989 -0.72464
    outer loop
      vertex 38.1805 8.85558 18.5843
      vertex 37.2054 7.13832 19.1446
      vertex 38.0116 8.97383 18.7651
    endloop
  endfacet
  facet normal -0.746533 0.197153 -0.635468
    outer loop
      vertex 38.5786 8.57684 18.0302
      vertex 37.5118 6.92381 18.7706
      vertex 38.3286 8.75188 18.3782
    endloop
  endfacet
  facet normal -0.746568 0.197201 -0.635412
    outer loop
      vertex 37.5118 6.92381 18.7706
      vertex 38.5786 8.57684 18.0302
      vertex 37.8052 6.71832 18.3621
    endloop
  endfacet
  facet normal 0.621295 -0.760638 0.188207
    outer loop
      vertex 28.8993 12.9543 13.0005
      vertex 30.4145 14.2934 13.4106
      vertex 28.8569 12.984 13.2605
    endloop
  endfacet
  facet normal 0.621359 -0.760641 0.187982
    outer loop
      vertex 30.4145 14.2934 13.4106
      vertex 28.8993 12.9543 13.0005
      vertex 30.4583 14.2627 13.1416
    endloop
  endfacet
  facet normal -0.101272 -0.254673 0.96171
    outer loop
      vertex 34.3142 11.5627 9.01353
      vertex 33.3449 9.84145 8.45565
      vertex 34.5384 11.4058 8.99559
    endloop
  endfacet
  facet normal -0.10137 -0.254619 0.961714
    outer loop
      vertex 33.3449 9.84145 8.45565
      vertex 34.3142 11.5627 9.01353
      vertex 33.1283 9.99314 8.47298
    endloop
  endfacet
  facet normal 0.440683 -0.634139 0.635348
    outer loop
      vertex 31.403 13.6012 10.9637
      vertex 30.2095 12.0369 10.2302
      vertex 31.6529 13.4262 10.6157
    endloop
  endfacet
  facet normal 0.44053 -0.634093 0.6355
    outer loop
      vertex 30.2095 12.0369 10.2302
      vertex 31.403 13.6012 10.9637
      vertex 29.916 12.2424 10.6387
    endloop
  endfacet
  facet normal 0.100829 -0.396184 0.912618
    outer loop
      vertex 33.5094 12.1263 9.24546
      vertex 32.4789 10.4479 8.63069
      vertex 33.7221 11.9774 9.15732
    endloop
  endfacet
  facet normal 0.100844 -0.396191 0.912613
    outer loop
      vertex 32.4789 10.4479 8.63069
      vertex 33.5094 12.1263 9.24546
      vertex 32.2733 10.5918 8.71588
    endloop
  endfacet
  facet normal -0.101347 -0.254626 0.961714
    outer loop
      vertex 34.5384 11.4058 8.99559
      vertex 33.7891 9.53047 8.42011
      vertex 34.9167 11.1409 8.96532
    endloop
  endfacet
  facet normal -0.101322 -0.254636 0.961714
    outer loop
      vertex 33.7891 9.53047 8.42011
      vertex 34.5384 11.4058 8.99559
      vertex 33.3449 9.84145 8.45565
    endloop
  endfacet
  facet normal -0.101292 -0.254657 -0.961712
    outer loop
      vertex 33.7891 9.53047 20.7799
      vertex 34.5384 11.4058 20.2044
      vertex 34.9167 11.1409 20.2347
    endloop
  endfacet
  facet normal -0.101395 -0.254616 -0.961712
    outer loop
      vertex 34.5384 11.4058 20.2044
      vertex 33.7891 9.53047 20.7799
      vertex 33.3449 9.84145 20.7444
    endloop
  endfacet
  facet normal 0.367554 -0.582967 -0.724606
    outer loop
      vertex 30.5441 11.8026 19.3281
      vertex 31.6529 13.4262 18.5843
      vertex 31.938 13.2266 18.8895
    endloop
  endfacet
  facet normal 0.367632 -0.582993 -0.724546
    outer loop
      vertex 31.6529 13.4262 18.5843
      vertex 30.5441 11.8026 19.3281
      vertex 30.2095 12.0369 18.9698
    endloop
  endfacet
  facet normal 0.100836 -0.396173 -0.912622
    outer loop
      vertex 32.4789 10.4479 20.5693
      vertex 33.3631 12.2288 19.8939
      vertex 33.7221 11.9774 20.0427
    endloop
  endfacet
  facet normal 0.100718 -0.396127 -0.912655
    outer loop
      vertex 33.3631 12.2288 19.8939
      vertex 32.4789 10.4479 20.5693
      vertex 32.0574 10.743 20.3947
    endloop
  endfacet
  facet normal 0.555032 -0.714239 -0.426383
    outer loop
      vertex 30.8201 14.0094 17.1714
      vertex 29.405 12.6002 17.6899
      vertex 29.309 12.6675 17.4522
    endloop
  endfacet
  facet normal 0.55507 -0.714251 -0.426313
    outer loop
      vertex 29.405 12.6002 17.6899
      vertex 30.8201 14.0094 17.1714
      vertex 30.9194 13.9398 17.4173
    endloop
  endfacet
  facet normal -0.809517 0.241289 0.535222
    outer loop
      vertex 37.8052 6.71832 10.8379
      vertex 38.7033 8.48946 11.3978
      vertex 38.5786 8.57684 11.1698
    endloop
  endfacet
  facet normal -0.809332 0.241077 0.535596
    outer loop
      vertex 38.7033 8.48946 11.3978
      vertex 37.8052 6.71832 10.8379
      vertex 37.9259 6.63387 11.0583
    endloop
  endfacet
  facet normal -0.900545 0.304973 -0.309856
    outer loop
      vertex 39.3751 8.0191 16.0584
      vertex 38.6091 6.15548 16.4504
      vertex 39.3029 8.06966 16.318
    endloop
  endfacet
  facet normal -0.900605 0.30505 -0.309605
    outer loop
      vertex 38.6091 6.15548 16.4504
      vertex 39.3751 8.0191 16.0584
      vertex 38.6788 6.10661 16.1995
    endloop
  endfacet
  facet normal -0.927296 0.323746 -0.187911
    outer loop
      vertex 39.4189 7.98842 15.7894
      vertex 38.6788 6.10661 16.1995
      vertex 39.3751 8.0191 16.0584
    endloop
  endfacet
  facet normal -0.927272 0.323689 -0.18813
    outer loop
      vertex 38.6788 6.10661 16.1995
      vertex 39.4189 7.98842 15.7894
      vertex 38.7212 6.07696 15.9395
    endloop
  endfacet
  facet normal -0.927275 0.323692 0.188108
    outer loop
      vertex 38.7212 6.07696 13.2605
      vertex 39.4929 7.93663 13.8645
      vertex 39.4189 7.98842 13.4106
    endloop
  endfacet
  facet normal -0.927285 0.32374 0.187975
    outer loop
      vertex 39.4929 7.93663 13.8645
      vertex 38.7212 6.07696 13.2605
      vertex 38.808 6.01616 13.7934
    endloop
  endfacet
  facet normal -0.900545 0.304973 0.309856
    outer loop
      vertex 38.6091 6.15548 12.7496
      vertex 39.3751 8.0191 13.1416
      vertex 39.3029 8.06966 12.882
    endloop
  endfacet
  facet normal -0.900605 0.30505 0.309605
    outer loop
      vertex 39.3751 8.0191 13.1416
      vertex 38.6091 6.15548 12.7496
      vertex 38.6788 6.10661 13.0005
    endloop
  endfacet
  facet normal -0.306998 -0.11062 0.945259
    outer loop
      vertex 34.4498 9.0678 8.47298
      vertex 35.891 10.4587 9.10382
      vertex 35.5192 10.719 9.01353
    endloop
  endfacet
  facet normal -0.306966 -0.110656 0.945266
    outer loop
      vertex 35.891 10.4587 9.10382
      vertex 34.4498 9.0678 8.47298
      vertex 34.8864 8.76214 8.57898
    endloop
  endfacet
  facet normal -0.204621 -0.182312 0.961713
    outer loop
      vertex 34.2332 9.21949 8.45565
      vertex 35.5192 10.719 9.01353
      vertex 35.295 10.876 8.99559
    endloop
  endfacet
  facet normal -0.204622 -0.182311 0.961713
    outer loop
      vertex 35.5192 10.719 9.01353
      vertex 34.2332 9.21949 8.45565
      vertex 34.4498 9.0678 8.47298
    endloop
  endfacet
  facet normal -0.406772 -0.0407759 0.912619
    outer loop
      vertex 35.3049 8.46911 8.71588
      vertex 36.683 9.90409 9.39424
      vertex 36.324 10.1555 9.24546
    endloop
  endfacet
  facet normal -0.406782 -0.0407637 0.912615
    outer loop
      vertex 36.683 9.90409 9.39424
      vertex 35.3049 8.46911 8.71588
      vertex 35.7263 8.174 8.89053
    endloop
  endfacet
  facet normal -0.59166 0.088691 0.801294
    outer loop
      vertex 36.6903 7.49903 9.54992
      vertex 37.7265 9.17343 10.1297
      vertex 37.5398 9.3042 9.97737
    endloop
  endfacet
  facet normal -0.591625 0.0886591 0.801323
    outer loop
      vertex 37.7265 9.17343 10.1297
      vertex 36.6903 7.49903 9.54992
      vertex 36.8708 7.37263 9.69717
    endloop
  endfacet
  facet normal 0.440522 -0.634031 -0.635567
    outer loop
      vertex 30.2095 12.0369 18.9698
      vertex 31.5048 13.5299 18.3782
      vertex 31.6529 13.4262 18.5843
    endloop
  endfacet
  facet normal 0.44061 -0.634069 -0.635467
    outer loop
      vertex 31.5048 13.5299 18.3782
      vertex 30.2095 12.0369 18.9698
      vertex 30.0664 12.1371 18.7706
    endloop
  endfacet
  facet normal -0.406744 -0.040784 -0.912631
    outer loop
      vertex 35.5207 8.31794 20.3947
      vertex 36.683 9.90409 19.8058
      vertex 35.7263 8.174 20.3095
    endloop
  endfacet
  facet normal -0.406643 -0.0408737 -0.912672
    outer loop
      vertex 36.683 9.90409 19.8058
      vertex 35.5207 8.31794 20.3947
      vertex 36.4703 10.053 19.8939
    endloop
  endfacet
  facet normal -0.809517 0.241289 -0.535222
    outer loop
      vertex 38.7033 8.48946 17.8022
      vertex 37.8052 6.71832 18.3621
      vertex 38.5786 8.57684 18.0302
    endloop
  endfacet
  facet normal -0.809332 0.241077 -0.535596
    outer loop
      vertex 37.8052 6.71832 18.3621
      vertex 38.7033 8.48946 17.8022
      vertex 37.9259 6.63387 18.1417
    endloop
  endfacet
  facet normal -0.809398 0.241127 -0.535474
    outer loop
      vertex 38.914 8.34197 17.4173
      vertex 37.9259 6.63387 18.1417
      vertex 38.7033 8.48946 17.8022
    endloop
  endfacet
  facet normal -0.809462 0.241223 -0.535335
    outer loop
      vertex 37.9259 6.63387 18.1417
      vertex 38.914 8.34197 17.4173
      vertex 38.1731 6.46073 17.6899
    endloop
  endfacet
  facet normal -0.746454 0.197119 -0.635571
    outer loop
      vertex 38.3286 8.75188 18.3782
      vertex 37.3686 7.02403 18.9698
      vertex 38.1805 8.85558 18.5843
    endloop
  endfacet
  facet normal -0.746378 0.197038 -0.635685
    outer loop
      vertex 37.3686 7.02403 18.9698
      vertex 38.3286 8.75188 18.3782
      vertex 37.5118 6.92381 18.7706
    endloop
  endfacet
  facet normal -0.20482 -0.18215 -0.961702
    outer loop
      vertex 34.2332 9.21949 20.7444
      vertex 35.5192 10.719 20.1865
      vertex 34.4498 9.0678 20.727
    endloop
  endfacet
  facet normal -0.20452 -0.182412 -0.961716
    outer loop
      vertex 35.5192 10.719 20.1865
      vertex 34.2332 9.21949 20.7444
      vertex 35.295 10.876 20.2044
    endloop
  endfacet
  facet normal -0.306908 -0.110674 -0.945282
    outer loop
      vertex 34.4498 9.0678 20.727
      vertex 35.7395 10.5648 20.133
      vertex 34.6628 8.91871 20.6753
    endloop
  endfacet
  facet normal -0.306979 -0.110607 -0.945267
    outer loop
      vertex 35.7395 10.5648 20.133
      vertex 34.4498 9.0678 20.727
      vertex 35.5192 10.719 20.1865
    endloop
  endfacet
  facet normal 0.50356 -0.678187 -0.535247
    outer loop
      vertex 30.9194 13.9398 17.4173
      vertex 29.5256 12.5158 17.9103
      vertex 29.405 12.6002 17.6899
    endloop
  endfacet
  facet normal 0.5034 -0.678115 -0.535489
    outer loop
      vertex 29.5256 12.5158 17.9103
      vertex 30.9194 13.9398 17.4173
      vertex 31.0442 13.8524 17.6453
    endloop
  endfacet
  facet normal -0.861023 0.277323 0.426299
    outer loop
      vertex 38.2691 6.39349 11.7478
      vertex 39.181 8.15499 12.4437
      vertex 39.0133 8.27241 12.0286
    endloop
  endfacet
  facet normal -0.86101 0.2773 0.426341
    outer loop
      vertex 39.181 8.15499 12.4437
      vertex 38.2691 6.39349 11.7478
      vertex 38.466 6.25565 12.2351
    endloop
  endfacet
  facet normal -0.900549 0.30498 0.309836
    outer loop
      vertex 38.466 6.25565 12.2351
      vertex 39.3029 8.06966 12.882
      vertex 39.181 8.15499 12.4437
    endloop
  endfacet
  facet normal -0.900547 0.304974 0.309849
    outer loop
      vertex 39.3029 8.06966 12.882
      vertex 38.466 6.25565 12.2351
      vertex 38.6091 6.15548 12.7496
    endloop
  endfacet
  facet normal -0.809398 0.241127 0.535474
    outer loop
      vertex 37.9259 6.63387 11.0583
      vertex 38.914 8.34197 11.7827
      vertex 38.7033 8.48946 11.3978
    endloop
  endfacet
  facet normal -0.809462 0.241223 0.535335
    outer loop
      vertex 38.914 8.34197 11.7827
      vertex 37.9259 6.63387 11.0583
      vertex 38.1731 6.46073 11.5101
    endloop
  endfacet
  facet normal -0.746525 0.197171 0.635472
    outer loop
      vertex 37.3686 7.02403 10.2302
      vertex 38.4305 8.68054 10.9637
      vertex 38.1805 8.85558 10.6157
    endloop
  endfacet
  facet normal -0.746501 0.197139 0.63551
    outer loop
      vertex 38.4305 8.68054 10.9637
      vertex 37.3686 7.02403 10.2302
      vertex 37.6621 6.81855 10.6387
    endloop
  endfacet
  facet normal -0.940757 0.33317 -0.0630395
    outer loop
      vertex 39.5177 7.91926 14.8736
      vertex 38.808 6.01616 15.4066
      vertex 39.4929 7.93663 15.3355
    endloop
  endfacet
  facet normal -0.940757 0.333173 -0.0630255
    outer loop
      vertex 38.808 6.01616 15.4066
      vertex 39.5177 7.91926 14.8736
      vertex 38.8371 5.99578 14.8645
    endloop
  endfacet
  facet normal -0.940754 0.333173 0.0630633
    outer loop
      vertex 38.8371 5.99578 14.3355
      vertex 39.5324 7.90898 14.6
      vertex 39.5177 7.91926 14.3264
    endloop
  endfacet
  facet normal -0.940755 0.333176 0.063039
    outer loop
      vertex 39.5324 7.90898 14.6
      vertex 38.8371 5.99578 14.3355
      vertex 38.8513 5.98583 14.6
    endloop
  endfacet
  facet normal -0.406741 -0.0407946 0.912632
    outer loop
      vertex 35.0993 8.61305 8.63069
      vertex 36.324 10.1555 9.24546
      vertex 36.1113 10.3044 9.15732
    endloop
  endfacet
  facet normal -0.406723 -0.0408117 0.91264
    outer loop
      vertex 36.324 10.1555 9.24546
      vertex 35.0993 8.61305 8.63069
      vertex 35.3049 8.46911 8.71588
    endloop
  endfacet
  facet normal 0.100715 -0.396125 -0.912656
    outer loop
      vertex 32.0574 10.743 20.3947
      vertex 33.1504 12.3777 19.8058
      vertex 33.3631 12.2288 19.8939
    endloop
  endfacet
  facet normal 0.100871 -0.39621 -0.912602
    outer loop
      vertex 33.1504 12.3777 19.8058
      vertex 32.0574 10.743 20.3947
      vertex 31.8518 10.8869 20.3095
    endloop
  endfacet
  facet normal 0.621295 -0.760638 -0.188207
    outer loop
      vertex 30.4145 14.2934 15.7894
      vertex 28.8993 12.9543 16.1995
      vertex 28.8569 12.984 15.9395
    endloop
  endfacet
  facet normal 0.621359 -0.760641 -0.187982
    outer loop
      vertex 28.8993 12.9543 16.1995
      vertex 30.4145 14.2934 15.7894
      vertex 30.4583 14.2627 16.0584
    endloop
  endfacet
  facet normal 0.621354 -0.760643 0.187991
    outer loop
      vertex 28.8569 12.984 13.2605
      vertex 30.3405 14.3452 13.8645
      vertex 28.7701 13.0448 13.7934
    endloop
  endfacet
  facet normal 0.621315 -0.760649 0.188101
    outer loop
      vertex 30.3405 14.3452 13.8645
      vertex 28.8569 12.984 13.2605
      vertex 30.4145 14.2934 13.4106
    endloop
  endfacet
  facet normal 0.634802 -0.770098 0.0630561
    outer loop
      vertex 28.7701 13.0448 13.7934
      vertex 30.3157 14.3625 14.3264
      vertex 28.741 13.0652 14.3355
    endloop
  endfacet
  facet normal 0.634833 -0.770083 0.0629277
    outer loop
      vertex 30.3157 14.3625 14.3264
      vertex 28.7701 13.0448 13.7934
      vertex 30.3405 14.3452 13.8645
    endloop
  endfacet
  facet normal 0.594607 -0.74195 0.309761
    outer loop
      vertex 29.1121 12.8053 12.2351
      vertex 30.5305 14.2121 12.882
      vertex 28.9691 12.9055 12.7496
    endloop
  endfacet
  facet normal 0.594605 -0.74195 0.309767
    outer loop
      vertex 30.5305 14.2121 12.882
      vertex 29.1121 12.8053 12.2351
      vertex 30.6524 14.1268 12.4437
    endloop
  endfacet
  facet normal 0.621354 -0.760643 -0.187991
    outer loop
      vertex 30.3405 14.3452 15.3355
      vertex 28.8569 12.984 15.9395
      vertex 28.7701 13.0448 15.4066
    endloop
  endfacet
  facet normal 0.621315 -0.760649 -0.188101
    outer loop
      vertex 28.8569 12.984 15.9395
      vertex 30.3405 14.3452 15.3355
      vertex 30.4145 14.2934 15.7894
    endloop
  endfacet
  facet normal 0.634833 -0.770083 -0.0629277
    outer loop
      vertex 28.7701 13.0448 15.4066
      vertex 30.3157 14.3625 14.8736
      vertex 30.3405 14.3452 15.3355
    endloop
  endfacet
  facet normal 0.634802 -0.770098 -0.0630561
    outer loop
      vertex 30.3157 14.3625 14.8736
      vertex 28.7701 13.0448 15.4066
      vertex 28.741 13.0652 14.8645
    endloop
  endfacet
  facet normal -0.746458 0.197111 0.635569
    outer loop
      vertex 37.6621 6.81855 10.6387
      vertex 38.5786 8.57684 11.1698
      vertex 38.4305 8.68054 10.9637
    endloop
  endfacet
  facet normal -0.746516 0.197167 0.635484
    outer loop
      vertex 38.5786 8.57684 11.1698
      vertex 37.6621 6.81855 10.6387
      vertex 37.8052 6.71832 10.8379
    endloop
  endfacet
  facet normal -0.927296 0.323746 0.187911
    outer loop
      vertex 38.6788 6.10661 13.0005
      vertex 39.4189 7.98842 13.4106
      vertex 39.3751 8.0191 13.1416
    endloop
  endfacet
  facet normal -0.927272 0.323689 0.18813
    outer loop
      vertex 39.4189 7.98842 13.4106
      vertex 38.6788 6.10661 13.0005
      vertex 38.7212 6.07696 13.2605
    endloop
  endfacet
  facet normal -0.307029 -0.110614 0.94525
    outer loop
      vertex 34.8864 8.76214 8.57898
      vertex 36.1113 10.3044 9.15732
      vertex 35.891 10.4587 9.10382
    endloop
  endfacet
  facet normal -0.30704 -0.110605 0.945248
    outer loop
      vertex 36.1113 10.3044 9.15732
      vertex 34.8864 8.76214 8.57898
      vertex 35.0993 8.61305 8.63069
    endloop
  endfacet
  facet normal 0.503395 -0.678111 -0.535499
    outer loop
      vertex 31.0442 13.8524 17.6453
      vertex 29.7729 12.3426 18.3621
      vertex 29.5256 12.5158 17.9103
    endloop
  endfacet
  facet normal 0.503432 -0.67812 -0.535453
    outer loop
      vertex 29.7729 12.3426 18.3621
      vertex 31.0442 13.8524 17.6453
      vertex 31.2549 13.7049 18.0302
    endloop
  endfacet
  facet normal 0.440697 -0.634126 -0.635351
    outer loop
      vertex 30.0664 12.1371 18.7706
      vertex 31.2549 13.7049 18.0302
      vertex 31.5048 13.5299 18.3782
    endloop
  endfacet
  facet normal 0.440543 -0.634081 -0.635503
    outer loop
      vertex 31.2549 13.7049 18.0302
      vertex 30.0664 12.1371 18.7706
      vertex 29.7729 12.3426 18.3621
    endloop
  endfacet
  facet normal 0.285725 -0.525623 -0.8013
    outer loop
      vertex 31.2579 11.3028 19.9519
      vertex 32.2936 12.9776 19.2226
      vertex 32.6089 12.7569 19.4798
    endloop
  endfacet
  facet normal 0.285608 -0.525581 -0.801369
    outer loop
      vertex 32.2936 12.9776 19.2226
      vertex 31.2579 11.3028 19.9519
      vertex 30.8879 11.5619 19.6501
    endloop
  endfacet
  facet normal 0.196193 -0.462974 -0.864386
    outer loop
      vertex 31.6571 11.0233 20.1923
      vertex 32.6089 12.7569 19.4798
      vertex 32.9489 12.5188 19.6845
    endloop
  endfacet
  facet normal 0.19632 -0.463021 -0.864332
    outer loop
      vertex 32.6089 12.7569 19.4798
      vertex 31.6571 11.0233 20.1923
      vertex 31.2579 11.3028 19.9519
    endloop
  endfacet
  facet normal 0.59464 -0.741935 0.309734
    outer loop
      vertex 28.9691 12.9055 12.7496
      vertex 30.4583 14.2627 13.1416
      vertex 28.8993 12.9543 13.0005
    endloop
  endfacet
  facet normal 0.594554 -0.741907 0.309966
    outer loop
      vertex 30.4583 14.2627 13.1416
      vertex 28.9691 12.9055 12.7496
      vertex 30.5305 14.2121 12.882
    endloop
  endfacet
  facet normal 0.00101304 -0.32631 0.945262
    outer loop
      vertex 33.9424 11.8231 9.10382
      vertex 33.1283 9.99314 8.47298
      vertex 34.3142 11.5627 9.01353
    endloop
  endfacet
  facet normal 0.00104053 -0.326321 0.945259
    outer loop
      vertex 33.1283 9.99314 8.47298
      vertex 33.9424 11.8231 9.10382
      vertex 32.6918 10.2988 8.57898
    endloop
  endfacet
  facet normal 0.440489 -0.634062 0.635559
    outer loop
      vertex 31.2549 13.7049 11.1698
      vertex 29.916 12.2424 10.6387
      vertex 31.403 13.6012 10.9637
    endloop
  endfacet
  facet normal 0.440574 -0.634104 0.635458
    outer loop
      vertex 29.916 12.2424 10.6387
      vertex 31.2549 13.7049 11.1698
      vertex 29.7729 12.3426 10.8379
    endloop
  endfacet
  facet normal -0.861069 0.277365 0.42618
    outer loop
      vertex 38.1731 6.46073 11.5101
      vertex 39.0133 8.27241 12.0286
      vertex 38.914 8.34197 11.7827
    endloop
  endfacet
  facet normal -0.861058 0.27735 0.426212
    outer loop
      vertex 39.0133 8.27241 12.0286
      vertex 38.1731 6.46073 11.5101
      vertex 38.2691 6.39349 11.7478
    endloop
  endfacet
  facet normal 0.367635 -0.582971 -0.724561
    outer loop
      vertex 30.7074 11.6883 19.5028
      vertex 31.938 13.2266 18.8895
      vertex 32.1069 13.1084 19.0703
    endloop
  endfacet
  facet normal 0.367396 -0.582863 -0.724769
    outer loop
      vertex 31.938 13.2266 18.8895
      vertex 30.7074 11.6883 19.5028
      vertex 30.5441 11.8026 19.3281
    endloop
  endfacet
  facet normal 0.196131 -0.462918 0.86443
    outer loop
      vertex 32.9489 12.5188 9.51552
      vertex 31.8518 10.8869 8.89053
      vertex 33.1504 12.3777 9.39424
    endloop
  endfacet
  facet normal 0.19613 -0.462918 0.864431
    outer loop
      vertex 31.8518 10.8869 8.89053
      vertex 32.9489 12.5188 9.51552
      vertex 31.6571 11.0233 9.00775
    endloop
  endfacet
  facet normal 0.196339 -0.463056 0.864309
    outer loop
      vertex 32.8 12.623 9.60517
      vertex 31.6571 11.0233 9.00775
      vertex 32.9489 12.5188 9.51552
    endloop
  endfacet
  facet normal 0.196101 -0.462931 0.86443
    outer loop
      vertex 32.6089 12.7569 9.72023
      vertex 31.6571 11.0233 9.00775
      vertex 32.8 12.623 9.60517
    endloop
  endfacet
  facet normal 0.196197 -0.462967 0.864389
    outer loop
      vertex 31.6571 11.0233 9.00775
      vertex 32.6089 12.7569 9.72023
      vertex 31.2579 11.3028 9.24806
    endloop
  endfacet
  facet normal 0.503434 -0.678115 0.535457
    outer loop
      vertex 29.7729 12.3426 10.8379
      vertex 31.1301 13.7923 11.3978
      vertex 29.6523 12.4271 11.0583
    endloop
  endfacet
  facet normal 0.50341 -0.678106 0.535491
    outer loop
      vertex 31.1301 13.7923 11.3978
      vertex 29.7729 12.3426 10.8379
      vertex 31.2549 13.7049 11.1698
    endloop
  endfacet
  facet normal 0.503479 -0.678126 0.535401
    outer loop
      vertex 29.6523 12.4271 11.0583
      vertex 30.9194 13.9398 11.7827
      vertex 29.405 12.6002 11.5101
    endloop
  endfacet
  facet normal 0.503436 -0.678116 0.535454
    outer loop
      vertex 30.9194 13.9398 11.7827
      vertex 29.6523 12.4271 11.0583
      vertex 31.1301 13.7923 11.3978
    endloop
  endfacet
  facet normal 0.00102313 -0.32629 -0.945269
    outer loop
      vertex 33.1283 9.99314 20.727
      vertex 34.0939 11.717 20.133
      vertex 34.3142 11.5627 20.1865
    endloop
  endfacet
  facet normal 0.00107658 -0.326316 -0.94526
    outer loop
      vertex 34.0939 11.717 20.133
      vertex 33.1283 9.99314 20.727
      vertex 32.9154 10.1422 20.6753
    endloop
  endfacet
  facet normal 0.00101403 -0.326301 0.945265
    outer loop
      vertex 33.7221 11.9774 9.15732
      vertex 32.6918 10.2988 8.57898
      vertex 33.9424 11.8231 9.10382
    endloop
  endfacet
  facet normal 0.00105425 -0.326323 0.945258
    outer loop
      vertex 32.6918 10.2988 8.57898
      vertex 33.7221 11.9774 9.15732
      vertex 32.4789 10.4479 8.63069
    endloop
  endfacet
  facet normal 0.28563 -0.525573 0.801366
    outer loop
      vertex 32.1069 13.1084 10.1297
      vertex 30.8879 11.5619 9.54992
      vertex 32.2936 12.9776 9.97737
    endloop
  endfacet
  facet normal 0.285666 -0.525592 0.801341
    outer loop
      vertex 30.8879 11.5619 9.54992
      vertex 32.1069 13.1084 10.1297
      vertex 30.7074 11.6883 9.69717
    endloop
  endfacet
  facet normal 0.367627 -0.582979 0.724559
    outer loop
      vertex 31.938 13.2266 10.3105
      vertex 30.7074 11.6883 9.69717
      vertex 32.1069 13.1084 10.1297
    endloop
  endfacet
  facet normal 0.367468 -0.582907 0.724698
    outer loop
      vertex 30.7074 11.6883 9.69717
      vertex 31.938 13.2266 10.3105
      vertex 30.5441 11.8026 9.87191
    endloop
  endfacet
  facet normal 0.196181 -0.462946 -0.864404
    outer loop
      vertex 31.8518 10.8869 20.3095
      vertex 32.9489 12.5188 19.6845
      vertex 33.1504 12.3777 19.8058
    endloop
  endfacet
  facet normal 0.196073 -0.462894 -0.864456
    outer loop
      vertex 32.9489 12.5188 19.6845
      vertex 31.8518 10.8869 20.3095
      vertex 31.6571 11.0233 20.1923
    endloop
  endfacet
  facet normal -0.634702 -0.770119 -0.0637893
    outer loop
      vertex 108.499 14.3728 14.6
      vertex 110.059 13.0652 14.8645
      vertex 108.484 14.3625 14.8736
    endloop
  endfacet
  facet normal -0.634894 -0.770073 -0.0624281
    outer loop
      vertex 110.059 13.0652 14.8645
      vertex 108.499 14.3728 14.6
      vertex 110.073 13.0751 14.6
    endloop
  endfacet
  facet normal 0.940754 0.333173 0.0630633
    outer loop
      vertex 99.2676 7.90898 14.6
      vertex 99.9629 5.99578 14.3355
      vertex 99.2823 7.91926 14.3264
    endloop
  endfacet
  facet normal 0.940755 0.333178 0.0630265
    outer loop
      vertex 99.9629 5.99578 14.3355
      vertex 99.2676 7.90898 14.6
      vertex 99.9487 5.98584 14.6
    endloop
  endfacet
  facet normal 0.673552 0.146142 0.724549
    outer loop
      vertex 100.788 8.97383 10.4349
      vertex 101.929 7.37264 9.69717
      vertex 101.073 9.17343 10.1297
    endloop
  endfacet
  facet normal 0.67388 0.146556 0.724159
    outer loop
      vertex 101.929 7.37264 9.69717
      vertex 100.788 8.97383 10.4349
      vertex 101.595 7.13833 10.0554
    endloop
  endfacet
  facet normal -0.100638 -0.396086 -0.912682
    outer loop
      vertex 106.321 10.4479 20.5693
      vertex 105.437 12.2288 19.8939
      vertex 106.743 10.743 20.3947
    endloop
  endfacet
  facet normal -0.100843 -0.396166 -0.912625
    outer loop
      vertex 105.437 12.2288 19.8939
      vertex 106.321 10.4479 20.5693
      vertex 105.078 11.9774 20.0427
    endloop
  endfacet
  facet normal -0.634894 -0.770073 0.0624281
    outer loop
      vertex 108.499 14.3728 14.6
      vertex 110.059 13.0652 14.3355
      vertex 110.073 13.0751 14.6
    endloop
  endfacet
  facet normal -0.634702 -0.770119 0.0637893
    outer loop
      vertex 110.059 13.0652 14.3355
      vertex 108.499 14.3728 14.6
      vertex 108.484 14.3625 14.3264
    endloop
  endfacet
  facet normal 0.940757 0.33317 0.0630395
    outer loop
      vertex 99.2823 7.91926 14.3264
      vertex 99.992 6.01616 13.7934
      vertex 99.3071 7.93663 13.8645
    endloop
  endfacet
  facet normal 0.940757 0.333173 0.0630255
    outer loop
      vertex 99.992 6.01616 13.7934
      vertex 99.2823 7.91926 14.3264
      vertex 99.9629 5.99578 14.3355
    endloop
  endfacet
  facet normal -0.100884 -0.396189 0.91261
    outer loop
      vertex 105.65 12.3777 9.39424
      vertex 106.527 10.5918 8.71588
      vertex 106.948 10.8869 8.89053
    endloop
  endfacet
  facet normal -0.100801 -0.396157 0.912633
    outer loop
      vertex 106.527 10.5918 8.71588
      vertex 105.65 12.3777 9.39424
      vertex 105.291 12.1263 9.24546
    endloop
  endfacet
  facet normal 0.927301 0.323642 0.188065
    outer loop
      vertex 99.3509 7.96731 13.5956
      vertex 100.121 6.10662 13.0005
      vertex 99.4249 8.0191 13.1416
    endloop
  endfacet
  facet normal 0.927282 0.323558 0.188302
    outer loop
      vertex 100.121 6.10662 13.0005
      vertex 99.3509 7.96731 13.5956
      vertex 100.034 6.04582 13.5334
    endloop
  endfacet
  facet normal 0.746504 0.19722 -0.635481
    outer loop
      vertex 101.288 6.92381 18.7706
      vertex 100.221 8.57684 18.0302
      vertex 100.471 8.75188 18.3782
    endloop
  endfacet
  facet normal 0.746784 0.197601 -0.635033
    outer loop
      vertex 100.221 8.57684 18.0302
      vertex 101.288 6.92381 18.7706
      vertex 100.995 6.71833 18.3621
    endloop
  endfacet
  facet normal -0.439687 -0.633613 -0.636561
    outer loop
      vertex 108.59 12.0369 18.9698
      vertex 107.295 13.5299 18.3782
      vertex 108.734 12.1371 18.7706
    endloop
  endfacet
  facet normal -0.440672 -0.634032 -0.635462
    outer loop
      vertex 107.295 13.5299 18.3782
      vertex 108.59 12.0369 18.9698
      vertex 107.147 13.4262 18.5843
    endloop
  endfacet
  facet normal -0.440662 -0.634168 0.635333
    outer loop
      vertex 107.545 13.7049 11.1698
      vertex 108.884 12.2424 10.6387
      vertex 109.027 12.3426 10.8379
    endloop
  endfacet
  facet normal -0.440573 -0.634125 0.635437
    outer loop
      vertex 108.884 12.2424 10.6387
      vertex 107.545 13.7049 11.1698
      vertex 107.397 13.6012 10.9637
    endloop
  endfacet
  facet normal 0.927339 0.323589 0.18797
    outer loop
      vertex 99.3071 7.93663 13.8645
      vertex 100.034 6.04582 13.5334
      vertex 99.3509 7.96731 13.5956
    endloop
  endfacet
  facet normal 0.927488 0.323857 0.18677
    outer loop
      vertex 100.034 6.04582 13.5334
      vertex 99.3071 7.93663 13.8645
      vertex 99.992 6.01616 13.7934
    endloop
  endfacet
  facet normal 0.307234 -0.110458 -0.945202
    outer loop
      vertex 102.689 10.3044 20.0427
      vertex 104.137 8.91872 20.6753
      vertex 103.701 8.61306 20.5693
    endloop
  endfacet
  facet normal 0.306977 -0.11075 -0.945251
    outer loop
      vertex 104.137 8.91872 20.6753
      vertex 102.689 10.3044 20.0427
      vertex 103.061 10.5648 20.133
    endloop
  endfacet
  facet normal -0.00107609 -0.326316 -0.94526
    outer loop
      vertex 105.672 9.99314 20.727
      vertex 104.706 11.717 20.133
      vertex 105.885 10.1422 20.6753
    endloop
  endfacet
  facet normal -0.00102401 -0.32629 -0.945269
    outer loop
      vertex 104.706 11.717 20.133
      vertex 105.672 9.99314 20.727
      vertex 104.486 11.5627 20.1865
    endloop
  endfacet
  facet normal -0.634671 -0.770194 -0.0631979
    outer loop
      vertex 108.484 14.3625 14.8736
      vertex 110.03 13.0448 15.4066
      vertex 108.459 14.3452 15.3355
    endloop
  endfacet
  facet normal -0.634734 -0.770163 -0.0629379
    outer loop
      vertex 110.03 13.0448 15.4066
      vertex 108.484 14.3625 14.8736
      vertex 110.059 13.0652 14.8645
    endloop
  endfacet
  facet normal 0.4064 -0.0410428 0.912773
    outer loop
      vertex 102.476 10.1555 9.24546
      vertex 103.701 8.61306 8.63069
      vertex 102.689 10.3044 9.15732
    endloop
  endfacet
  facet normal 0.406264 -0.0411718 0.912828
    outer loop
      vertex 103.701 8.61306 8.63069
      vertex 102.476 10.1555 9.24546
      vertex 103.495 8.46911 8.71588
    endloop
  endfacet
  facet normal -0.367919 -0.583117 0.7243
    outer loop
      vertex 107.147 13.4262 10.6157
      vertex 108.256 11.8026 9.87191
      vertex 108.59 12.0369 10.2302
    endloop
  endfacet
  facet normal -0.367694 -0.583043 0.724473
    outer loop
      vertex 107 13.3232 10.4582
      vertex 108.256 11.8026 9.87191
      vertex 107.147 13.4262 10.6157
    endloop
  endfacet
  facet normal -0.367508 -0.582953 0.72464
    outer loop
      vertex 108.256 11.8026 9.87191
      vertex 107 13.3232 10.4582
      vertex 106.862 13.2266 10.3105
    endloop
  endfacet
  facet normal 0.810354 0.2422 0.533541
    outer loop
      vertex 100.097 8.48946 11.3978
      vertex 100.995 6.71833 10.8379
      vertex 100.221 8.57684 11.1698
    endloop
  endfacet
  facet normal 0.808977 0.240618 0.536338
    outer loop
      vertex 100.995 6.71833 10.8379
      vertex 100.097 8.48946 11.3978
      vertex 100.874 6.63387 11.0583
    endloop
  endfacet
  facet normal 0.809222 0.240804 0.535885
    outer loop
      vertex 99.886 8.34197 11.7827
      vertex 100.874 6.63387 11.0583
      vertex 100.097 8.48946 11.3978
    endloop
  endfacet
  facet normal 0.809584 0.241349 0.535092
    outer loop
      vertex 100.874 6.63387 11.0583
      vertex 99.886 8.34197 11.7827
      vertex 100.627 6.46073 11.5101
    endloop
  endfacet
  facet normal 0.861008 0.277369 0.4263
    outer loop
      vertex 99.7183 8.22456 12.1978
      vertex 100.627 6.46073 11.5101
      vertex 99.886 8.34197 11.7827
    endloop
  endfacet
  facet normal 0.86095 0.277267 0.426484
    outer loop
      vertex 100.627 6.46073 11.5101
      vertex 99.7183 8.22456 12.1978
      vertex 100.43 6.32289 11.9974
    endloop
  endfacet
  facet normal 0.809222 0.240804 -0.535885
    outer loop
      vertex 100.874 6.63387 18.1417
      vertex 99.886 8.34197 17.4173
      vertex 100.097 8.48946 17.8022
    endloop
  endfacet
  facet normal 0.809584 0.241349 -0.535092
    outer loop
      vertex 99.886 8.34197 17.4173
      vertex 100.874 6.63387 18.1417
      vertex 100.627 6.46073 17.6899
    endloop
  endfacet
  facet normal -0.367927 -0.583123 -0.724291
    outer loop
      vertex 108.256 11.8026 19.3281
      vertex 107.147 13.4262 18.5843
      vertex 108.59 12.0369 18.9698
    endloop
  endfacet
  facet normal -0.367591 -0.583012 -0.72455
    outer loop
      vertex 107.147 13.4262 18.5843
      vertex 108.256 11.8026 19.3281
      vertex 106.862 13.2266 18.8895
    endloop
  endfacet
  facet normal -0.196372 -0.463059 -0.8643
    outer loop
      vertex 107.143 11.0233 20.1923
      vertex 106.191 12.7569 19.4798
      vertex 107.542 11.3028 19.9519
    endloop
  endfacet
  facet normal -0.196181 -0.462988 -0.864381
    outer loop
      vertex 106.191 12.7569 19.4798
      vertex 107.143 11.0233 20.1923
      vertex 105.851 12.5188 19.6845
    endloop
  endfacet
  facet normal 0.204723 -0.182199 -0.961713
    outer loop
      vertex 103.505 10.876 20.2044
      vertex 105.011 9.53048 20.7799
      vertex 104.567 9.2195 20.7443
    endloop
  endfacet
  facet normal 0.204752 -0.182168 -0.961713
    outer loop
      vertex 105.011 9.53048 20.7799
      vertex 103.505 10.876 20.2044
      vertex 103.883 11.1409 20.2347
    endloop
  endfacet
  facet normal -0.621221 -0.760727 0.188094
    outer loop
      vertex 109.943 12.984 13.2605
      vertex 108.459 14.3452 13.8645
      vertex 108.385 14.2934 13.4106
    endloop
  endfacet
  facet normal -0.62118 -0.760732 0.188206
    outer loop
      vertex 108.459 14.3452 13.8645
      vertex 109.943 12.984 13.2605
      vertex 110.03 13.0448 13.7934
    endloop
  endfacet
  facet normal -0.634671 -0.770194 0.0631979
    outer loop
      vertex 110.03 13.0448 13.7934
      vertex 108.484 14.3625 14.3264
      vertex 108.459 14.3452 13.8645
    endloop
  endfacet
  facet normal -0.634734 -0.770163 0.0629379
    outer loop
      vertex 108.484 14.3625 14.3264
      vertex 110.03 13.0448 13.7934
      vertex 110.059 13.0652 14.3355
    endloop
  endfacet
  facet normal -0.593993 -0.741674 0.311595
    outer loop
      vertex 109.831 12.9055 12.7496
      vertex 108.342 14.2627 13.1416
      vertex 108.269 14.2121 12.882
    endloop
  endfacet
  facet normal -0.594528 -0.741847 0.31016
    outer loop
      vertex 108.342 14.2627 13.1416
      vertex 109.831 12.9055 12.7496
      vertex 109.901 12.9543 13.0005
    endloop
  endfacet
  facet normal -0.594991 -0.742093 0.30868
    outer loop
      vertex 109.688 12.8053 12.2351
      vertex 108.269 14.2121 12.882
      vertex 108.148 14.1268 12.4437
    endloop
  endfacet
  facet normal -0.594474 -0.742063 0.309746
    outer loop
      vertex 108.269 14.2121 12.882
      vertex 109.688 12.8053 12.2351
      vertex 109.831 12.9055 12.7496
    endloop
  endfacet
  facet normal -0.196249 -0.463005 0.864357
    outer loop
      vertex 106.191 12.7569 9.72023
      vertex 107.143 11.0233 9.00775
      vertex 107.542 11.3028 9.24806
    endloop
  endfacet
  facet normal -0.196156 -0.46297 0.864397
    outer loop
      vertex 106 12.623 9.60517
      vertex 107.143 11.0233 9.00775
      vertex 106.191 12.7569 9.72023
    endloop
  endfacet
  facet normal -0.196254 -0.463022 0.864347
    outer loop
      vertex 107.143 11.0233 9.00775
      vertex 106 12.623 9.60517
      vertex 105.851 12.5188 9.51552
    endloop
  endfacet
  facet normal -0.503246 -0.67805 0.535716
    outer loop
      vertex 109.148 12.4271 11.0583
      vertex 107.881 13.9398 11.7827
      vertex 107.67 13.7923 11.3978
    endloop
  endfacet
  facet normal -0.503674 -0.678153 0.535183
    outer loop
      vertex 107.881 13.9398 11.7827
      vertex 109.148 12.4271 11.0583
      vertex 109.395 12.6002 11.5101
    endloop
  endfacet
  facet normal 0.406781 -0.0407926 0.912614
    outer loop
      vertex 102.117 9.90409 9.39424
      vertex 103.495 8.46911 8.71588
      vertex 102.476 10.1555 9.24546
    endloop
  endfacet
  facet normal 0.406988 -0.0405551 0.912533
    outer loop
      vertex 103.495 8.46911 8.71588
      vertex 102.117 9.90409 9.39424
      vertex 103.074 8.174 8.89053
    endloop
  endfacet
  facet normal 0.204704 -0.182208 0.961716
    outer loop
      vertex 103.505 10.876 8.99559
      vertex 105.011 9.53048 8.42011
      vertex 103.883 11.1409 8.96532
    endloop
  endfacet
  facet normal 0.204646 -0.182273 0.961716
    outer loop
      vertex 105.011 9.53048 8.42011
      vertex 103.505 10.876 8.99559
      vertex 104.567 9.2195 8.45565
    endloop
  endfacet
  facet normal 0.30727 -0.110378 0.945199
    outer loop
      vertex 102.689 10.3044 9.15732
      vertex 103.914 8.76215 8.57899
      vertex 102.909 10.4587 9.10382
    endloop
  endfacet
  facet normal 0.306917 -0.110688 0.945278
    outer loop
      vertex 103.914 8.76215 8.57899
      vertex 102.689 10.3044 9.15732
      vertex 103.701 8.61306 8.63069
    endloop
  endfacet
  facet normal 0.810354 0.2422 -0.533541
    outer loop
      vertex 100.995 6.71833 18.3621
      vertex 100.097 8.48946 17.8022
      vertex 100.221 8.57684 18.0302
    endloop
  endfacet
  facet normal 0.808977 0.240618 -0.536338
    outer loop
      vertex 100.097 8.48946 17.8022
      vertex 100.995 6.71833 18.3621
      vertex 100.874 6.63387 18.1417
    endloop
  endfacet
  facet normal 0.900569 0.304861 -0.309896
    outer loop
      vertex 100.264 6.2068 16.714
      vertex 99.4249 8.0191 16.0584
      vertex 99.5468 8.10444 16.4966
    endloop
  endfacet
  facet normal 0.900608 0.304952 -0.309693
    outer loop
      vertex 99.4249 8.0191 16.0584
      vertex 100.264 6.2068 16.714
      vertex 100.121 6.10662 16.1995
    endloop
  endfacet
  facet normal 0.67249 0.14502 -0.725759
    outer loop
      vertex 100.62 8.85558 18.5843
      vertex 101.595 7.13833 19.1446
      vertex 101.431 7.02404 18.9698
    endloop
  endfacet
  facet normal 0.67476 0.147136 -0.723222
    outer loop
      vertex 101.595 7.13833 19.1446
      vertex 100.62 8.85558 18.5843
      vertex 100.788 8.97383 18.7651
    endloop
  endfacet
  facet normal 0.940754 0.333173 -0.0630633
    outer loop
      vertex 99.9629 5.99578 14.8645
      vertex 99.2676 7.90898 14.6
      vertex 99.2823 7.91926 14.8736
    endloop
  endfacet
  facet normal 0.940755 0.333178 -0.0630265
    outer loop
      vertex 99.2676 7.90898 14.6
      vertex 99.9629 5.99578 14.8645
      vertex 99.9487 5.98584 14.6
    endloop
  endfacet
  facet normal -0.285367 -0.525444 -0.801545
    outer loop
      vertex 107.912 11.5619 19.6501
      vertex 106.693 13.1084 19.0703
      vertex 108.093 11.6883 19.5028
    endloop
  endfacet
  facet normal -0.285322 -0.52542 -0.801577
    outer loop
      vertex 106.693 13.1084 19.0703
      vertex 107.912 11.5619 19.6501
      vertex 106.506 12.9776 19.2226
    endloop
  endfacet
  facet normal -0.00103424 -0.326292 -0.945268
    outer loop
      vertex 105.885 10.1422 20.6753
      vertex 105.078 11.9774 20.0427
      vertex 106.321 10.4479 20.5693
    endloop
  endfacet
  facet normal -0.00104763 -0.326297 -0.945267
    outer loop
      vertex 105.078 11.9774 20.0427
      vertex 105.885 10.1422 20.6753
      vertex 104.706 11.717 20.133
    endloop
  endfacet
  facet normal 0.306962 -0.11076 -0.945255
    outer loop
      vertex 103.061 10.5648 20.133
      vertex 104.35 9.06781 20.727
      vertex 104.137 8.91872 20.6753
    endloop
  endfacet
  facet normal 0.307277 -0.110463 -0.945187
    outer loop
      vertex 104.35 9.06781 20.727
      vertex 103.061 10.5648 20.133
      vertex 103.281 10.719 20.1865
    endloop
  endfacet
  facet normal 0.591522 0.0887448 -0.80139
    outer loop
      vertex 101.26 9.3042 19.2226
      vertex 102.48 7.75816 19.9519
      vertex 102.11 7.49903 19.6501
    endloop
  endfacet
  facet normal 0.591769 0.0890412 -0.801175
    outer loop
      vertex 102.48 7.75816 19.9519
      vertex 101.26 9.3042 19.2226
      vertex 101.575 9.52494 19.4798
    endloop
  endfacet
  facet normal -0.621672 -0.760823 0.186205
    outer loop
      vertex 109.901 12.9543 13.0005
      vertex 108.385 14.2934 13.4106
      vertex 108.342 14.2627 13.1416
    endloop
  endfacet
  facet normal -0.621367 -0.760807 0.187282
    outer loop
      vertex 108.385 14.2934 13.4106
      vertex 109.901 12.9543 13.0005
      vertex 109.943 12.984 13.2605
    endloop
  endfacet
  facet normal -0.195952 -0.462821 0.864523
    outer loop
      vertex 105.851 12.5188 9.51552
      vertex 106.948 10.8869 8.89053
      vertex 107.143 11.0233 9.00775
    endloop
  endfacet
  facet normal -0.196436 -0.463056 0.864287
    outer loop
      vertex 106.948 10.8869 8.89053
      vertex 105.851 12.5188 9.51552
      vertex 105.65 12.3777 9.39424
    endloop
  endfacet
  facet normal -0.503238 -0.677993 0.535795
    outer loop
      vertex 109.027 12.3426 10.8379
      vertex 107.67 13.7923 11.3978
      vertex 107.545 13.7049 11.1698
    endloop
  endfacet
  facet normal -0.50304 -0.677916 0.536079
    outer loop
      vertex 107.67 13.7923 11.3978
      vertex 109.027 12.3426 10.8379
      vertex 109.148 12.4271 11.0583
    endloop
  endfacet
  facet normal -0.554966 -0.714167 0.42659
    outer loop
      vertex 109.491 12.6675 11.7478
      vertex 108.148 14.1268 12.4437
      vertex 107.98 14.0094 12.0286
    endloop
  endfacet
  facet normal -0.555104 -0.71419 0.426372
    outer loop
      vertex 108.148 14.1268 12.4437
      vertex 109.491 12.6675 11.7478
      vertex 109.688 12.8053 12.2351
    endloop
  endfacet
  facet normal 0.501453 0.0253704 0.864813
    outer loop
      vertex 101.575 9.52494 9.72023
      vertex 102.879 8.03767 9.00775
      vertex 101.916 9.76303 9.51552
    endloop
  endfacet
  facet normal 0.502199 0.0262443 0.864354
    outer loop
      vertex 102.879 8.03767 9.00775
      vertex 101.575 9.52494 9.72023
      vertex 102.48 7.75816 9.24806
    endloop
  endfacet
  facet normal 0.900569 0.304861 0.309896
    outer loop
      vertex 99.4249 8.0191 13.1416
      vertex 100.264 6.2068 12.486
      vertex 99.5468 8.10444 12.7034
    endloop
  endfacet
  facet normal 0.900608 0.304952 0.309693
    outer loop
      vertex 100.264 6.2068 12.486
      vertex 99.4249 8.0191 13.1416
      vertex 100.121 6.10662 13.0005
    endloop
  endfacet
  facet normal 0.900575 0.305002 0.30974
    outer loop
      vertex 99.5468 8.10444 12.7034
      vertex 100.334 6.25566 12.2351
      vertex 99.619 8.15499 12.4437
    endloop
  endfacet
  facet normal 0.900393 0.30472 0.310546
    outer loop
      vertex 100.334 6.25566 12.2351
      vertex 99.5468 8.10444 12.7034
      vertex 100.264 6.2068 12.486
    endloop
  endfacet
  facet normal 0.591149 0.0885251 0.801689
    outer loop
      vertex 101.073 9.17343 10.1297
      vertex 102.11 7.49903 9.54993
      vertex 101.26 9.3042 9.97737
    endloop
  endfacet
  facet normal 0.590801 0.0882085 0.801981
    outer loop
      vertex 102.11 7.49903 9.54993
      vertex 101.073 9.17343 10.1297
      vertex 101.929 7.37264 9.69717
    endloop
  endfacet
  facet normal 0.591711 0.088966 0.801226
    outer loop
      vertex 101.26 9.3042 9.97737
      vertex 102.48 7.75816 9.24806
      vertex 101.575 9.52494 9.72023
    endloop
  endfacet
  facet normal 0.591583 0.0888126 0.801338
    outer loop
      vertex 102.48 7.75816 9.24806
      vertex 101.26 9.3042 9.97737
      vertex 102.11 7.49903 9.54993
    endloop
  endfacet
  facet normal -0.00104147 -0.326321 0.945258
    outer loop
      vertex 104.858 11.8231 9.10382
      vertex 105.672 9.99314 8.47298
      vertex 106.108 10.2988 8.57898
    endloop
  endfacet
  facet normal -0.00101265 -0.32631 0.945262
    outer loop
      vertex 105.672 9.99314 8.47298
      vertex 104.858 11.8231 9.10382
      vertex 104.486 11.5627 9.01353
    endloop
  endfacet
  facet normal 0.204735 -0.182213 0.961708
    outer loop
      vertex 103.281 10.719 9.01353
      vertex 104.567 9.2195 8.45565
      vertex 103.505 10.876 8.99559
    endloop
  endfacet
  facet normal 0.204389 -0.182516 0.961724
    outer loop
      vertex 104.567 9.2195 8.45565
      vertex 103.281 10.719 9.01353
      vertex 104.35 9.06781 8.47298
    endloop
  endfacet
  facet normal 0.745274 0.195858 -0.637343
    outer loop
      vertex 101.431 7.02404 18.9698
      vertex 100.471 8.75188 18.3782
      vertex 100.62 8.85558 18.5843
    endloop
  endfacet
  facet normal 0.746645 0.197325 -0.635282
    outer loop
      vertex 100.471 8.75188 18.3782
      vertex 101.431 7.02404 18.9698
      vertex 101.288 6.92381 18.7706
    endloop
  endfacet
  facet normal 0.861008 0.277369 -0.4263
    outer loop
      vertex 100.627 6.46073 17.6899
      vertex 99.7183 8.22456 17.0022
      vertex 99.886 8.34197 17.4173
    endloop
  endfacet
  facet normal 0.86095 0.277267 -0.426484
    outer loop
      vertex 99.7183 8.22456 17.0022
      vertex 100.627 6.46073 17.6899
      vertex 100.43 6.32289 17.2026
    endloop
  endfacet
  facet normal -0.554966 -0.714167 -0.42659
    outer loop
      vertex 108.148 14.1268 16.7563
      vertex 109.491 12.6675 17.4522
      vertex 107.98 14.0094 17.1714
    endloop
  endfacet
  facet normal -0.555104 -0.71419 -0.426372
    outer loop
      vertex 109.491 12.6675 17.4522
      vertex 108.148 14.1268 16.7563
      vertex 109.688 12.8053 16.9649
    endloop
  endfacet
  facet normal -0.594991 -0.742093 -0.30868
    outer loop
      vertex 108.269 14.2121 16.318
      vertex 109.688 12.8053 16.9649
      vertex 108.148 14.1268 16.7563
    endloop
  endfacet
  facet normal -0.594474 -0.742063 -0.309746
    outer loop
      vertex 109.688 12.8053 16.9649
      vertex 108.269 14.2121 16.318
      vertex 109.831 12.9055 16.4504
    endloop
  endfacet
  facet normal -0.440757 -0.634239 -0.635197
    outer loop
      vertex 108.734 12.1371 18.7706
      vertex 107.545 13.7049 18.0302
      vertex 109.027 12.3426 18.3621
    endloop
  endfacet
  facet normal -0.440551 -0.634178 -0.635399
    outer loop
      vertex 107.545 13.7049 18.0302
      vertex 108.734 12.1371 18.7706
      vertex 107.295 13.5299 18.3782
    endloop
  endfacet
  facet normal -0.621221 -0.760727 -0.188094
    outer loop
      vertex 108.459 14.3452 15.3355
      vertex 109.943 12.984 15.9395
      vertex 108.385 14.2934 15.7894
    endloop
  endfacet
  facet normal -0.62118 -0.760732 -0.188206
    outer loop
      vertex 109.943 12.984 15.9395
      vertex 108.459 14.3452 15.3355
      vertex 110.03 13.0448 15.4066
    endloop
  endfacet
  facet normal -0.28558 -0.525611 -0.80136
    outer loop
      vertex 107.542 11.3028 19.9519
      vertex 106.506 12.9776 19.2226
      vertex 107.912 11.5619 19.6501
    endloop
  endfacet
  facet normal -0.285854 -0.525709 -0.801197
    outer loop
      vertex 106.506 12.9776 19.2226
      vertex 107.542 11.3028 19.9519
      vertex 106.191 12.7569 19.4798
    endloop
  endfacet
  facet normal 0.10131 -0.254628 -0.961718
    outer loop
      vertex 105.455 9.84146 20.7443
      vertex 104.486 11.5627 20.1865
      vertex 105.672 9.99314 20.727
    endloop
  endfacet
  facet normal 0.101448 -0.254552 -0.961723
    outer loop
      vertex 104.486 11.5627 20.1865
      vertex 105.455 9.84146 20.7443
      vertex 104.262 11.4058 20.2044
    endloop
  endfacet
  facet normal 0.101271 -0.254682 -0.961707
    outer loop
      vertex 105.011 9.53048 20.7799
      vertex 104.262 11.4058 20.2044
      vertex 105.455 9.84146 20.7443
    endloop
  endfacet
  facet normal 0.101155 -0.254728 -0.961707
    outer loop
      vertex 104.262 11.4058 20.2044
      vertex 105.011 9.53048 20.7799
      vertex 103.883 11.1409 20.2347
    endloop
  endfacet
  facet normal -0.101065 -0.396315 -0.912535
    outer loop
      vertex 106.743 10.743 20.3947
      vertex 105.65 12.3777 19.8058
      vertex 106.948 10.8869 20.3095
    endloop
  endfacet
  facet normal -0.100622 -0.396074 -0.912689
    outer loop
      vertex 105.65 12.3777 19.8058
      vertex 106.743 10.743 20.3947
      vertex 105.437 12.2288 19.8939
    endloop
  endfacet
  facet normal 0.40744 -0.0402455 -0.912345
    outer loop
      vertex 102.117 9.90409 19.8058
      vertex 103.279 8.31795 20.3947
      vertex 103.074 8.174 20.3095
    endloop
  endfacet
  facet normal 0.406351 -0.0412074 -0.912787
    outer loop
      vertex 103.279 8.31795 20.3947
      vertex 102.117 9.90409 19.8058
      vertex 102.33 10.053 19.8939
    endloop
  endfacet
  facet normal 0.204287 -0.182557 -0.961738
    outer loop
      vertex 103.281 10.719 20.1865
      vertex 104.567 9.2195 20.7443
      vertex 104.35 9.06781 20.727
    endloop
  endfacet
  facet normal 0.204608 -0.182276 -0.961723
    outer loop
      vertex 104.567 9.2195 20.7443
      vertex 103.281 10.719 20.1865
      vertex 103.505 10.876 20.2044
    endloop
  endfacet
  facet normal -0.285665 -0.525645 0.801307
    outer loop
      vertex 106.506 12.9776 9.97737
      vertex 107.542 11.3028 9.24806
      vertex 107.912 11.5619 9.54993
    endloop
  endfacet
  facet normal -0.285763 -0.52568 0.801249
    outer loop
      vertex 107.542 11.3028 9.24806
      vertex 106.506 12.9776 9.97737
      vertex 106.191 12.7569 9.72023
    endloop
  endfacet
  facet normal -0.367718 -0.583092 0.724422
    outer loop
      vertex 106.862 13.2266 10.3105
      vertex 108.093 11.6883 9.69717
      vertex 108.256 11.8026 9.87191
    endloop
  endfacet
  facet normal -0.36748 -0.582984 0.724629
    outer loop
      vertex 108.093 11.6883 9.69717
      vertex 106.862 13.2266 10.3105
      vertex 106.693 13.1084 10.1297
    endloop
  endfacet
  facet normal -0.55538 -0.714327 0.425782
    outer loop
      vertex 109.395 12.6002 11.5101
      vertex 107.98 14.0094 12.0286
      vertex 107.881 13.9398 11.7827
    endloop
  endfacet
  facet normal -0.555052 -0.714221 0.426387
    outer loop
      vertex 107.98 14.0094 12.0286
      vertex 109.395 12.6002 11.5101
      vertex 109.491 12.6675 11.7478
    endloop
  endfacet
  facet normal 0.306924 -0.110747 0.945269
    outer loop
      vertex 102.909 10.4587 9.10382
      vertex 104.35 9.06781 8.47298
      vertex 103.281 10.719 9.01353
    endloop
  endfacet
  facet normal 0.307224 -0.110409 0.945211
    outer loop
      vertex 104.35 9.06781 8.47298
      vertex 102.909 10.4587 9.10382
      vertex 103.914 8.76215 8.57899
    endloop
  endfacet
  facet normal 0.50273 0.0265242 0.864036
    outer loop
      vertex 101.916 9.76303 9.51552
      vertex 103.074 8.174 8.89053
      vertex 102.117 9.90409 9.39424
    endloop
  endfacet
  facet normal 0.501812 0.0256343 0.864597
    outer loop
      vertex 103.074 8.174 8.89053
      vertex 101.916 9.76303 9.51552
      vertex 102.879 8.03767 9.00775
    endloop
  endfacet
  facet normal 0.927301 0.323642 -0.188065
    outer loop
      vertex 100.121 6.10662 16.1995
      vertex 99.3509 7.96731 15.6044
      vertex 99.4249 8.0191 16.0584
    endloop
  endfacet
  facet normal 0.927282 0.323558 -0.188302
    outer loop
      vertex 99.3509 7.96731 15.6044
      vertex 100.121 6.10662 16.1995
      vertex 100.034 6.04582 15.6666
    endloop
  endfacet
  facet normal 0.861072 0.277344 0.426187
    outer loop
      vertex 99.619 8.15499 12.4437
      vertex 100.43 6.32289 11.9974
      vertex 99.7183 8.22456 12.1978
    endloop
  endfacet
  facet normal 0.861067 0.277339 0.426201
    outer loop
      vertex 100.43 6.32289 11.9974
      vertex 99.619 8.15499 12.4437
      vertex 100.334 6.25566 12.2351
    endloop
  endfacet
  facet normal 0.67476 0.147136 0.723222
    outer loop
      vertex 100.62 8.85558 10.6157
      vertex 101.595 7.13833 10.0554
      vertex 100.788 8.97383 10.4349
    endloop
  endfacet
  facet normal 0.67249 0.14502 0.725759
    outer loop
      vertex 101.595 7.13833 10.0554
      vertex 100.62 8.85558 10.6157
      vertex 101.431 7.02404 10.2302
    endloop
  endfacet
  facet normal 0.745274 0.195858 0.637343
    outer loop
      vertex 100.471 8.75188 10.8218
      vertex 101.431 7.02404 10.2302
      vertex 100.62 8.85558 10.6157
    endloop
  endfacet
  facet normal 0.746645 0.197325 0.635282
    outer loop
      vertex 101.431 7.02404 10.2302
      vertex 100.471 8.75188 10.8218
      vertex 101.288 6.92381 10.4294
    endloop
  endfacet
  facet normal -0.100727 -0.396107 0.912663
    outer loop
      vertex 105.291 12.1263 9.24546
      vertex 106.321 10.4479 8.63069
      vertex 106.527 10.5918 8.71588
    endloop
  endfacet
  facet normal -0.100749 -0.396118 0.912656
    outer loop
      vertex 106.321 10.4479 8.63069
      vertex 105.291 12.1263 9.24546
      vertex 105.078 11.9774 9.15732
    endloop
  endfacet
  facet normal -0.001054 -0.326323 0.945258
    outer loop
      vertex 105.078 11.9774 9.15732
      vertex 106.108 10.2988 8.57898
      vertex 106.321 10.4479 8.63069
    endloop
  endfacet
  facet normal -0.00101509 -0.326302 0.945265
    outer loop
      vertex 106.108 10.2988 8.57898
      vertex 105.078 11.9774 9.15732
      vertex 104.858 11.8231 9.10382
    endloop
  endfacet
  facet normal -0.440317 -0.633933 0.635806
    outer loop
      vertex 107.397 13.6012 10.9637
      vertex 108.59 12.0369 10.2302
      vertex 108.884 12.2424 10.6387
    endloop
  endfacet
  facet normal -0.440693 -0.634045 0.635434
    outer loop
      vertex 108.59 12.0369 10.2302
      vertex 107.397 13.6012 10.9637
      vertex 107.147 13.4262 10.6157
    endloop
  endfacet
  facet normal 0.101236 -0.25471 0.961704
    outer loop
      vertex 104.486 11.5627 9.01353
      vertex 105.455 9.84146 8.45565
      vertex 105.672 9.99314 8.47298
    endloop
  endfacet
  facet normal 0.101346 -0.25465 0.961708
    outer loop
      vertex 105.455 9.84146 8.45565
      vertex 104.486 11.5627 9.01353
      vertex 104.262 11.4058 8.99559
    endloop
  endfacet
  facet normal 0.101367 -0.254634 0.96171
    outer loop
      vertex 104.262 11.4058 8.99559
      vertex 105.011 9.53048 8.42011
      vertex 105.455 9.84146 8.45565
    endloop
  endfacet
  facet normal 0.101209 -0.254697 0.96171
    outer loop
      vertex 105.011 9.53048 8.42011
      vertex 104.262 11.4058 8.99559
      vertex 103.883 11.1409 8.96532
    endloop
  endfacet
  facet normal -0.503279 -0.67802 -0.535723
    outer loop
      vertex 107.756 13.8524 17.6453
      vertex 109.027 12.3426 18.3621
      vertex 107.545 13.7049 18.0302
    endloop
  endfacet
  facet normal -0.503626 -0.678105 -0.535289
    outer loop
      vertex 109.027 12.3426 18.3621
      vertex 107.756 13.8524 17.6453
      vertex 109.274 12.5158 17.9103
    endloop
  endfacet
  facet normal -0.593993 -0.741674 -0.311595
    outer loop
      vertex 108.342 14.2627 16.0584
      vertex 109.831 12.9055 16.4504
      vertex 108.269 14.2121 16.318
    endloop
  endfacet
  facet normal -0.594528 -0.741847 -0.31016
    outer loop
      vertex 109.831 12.9055 16.4504
      vertex 108.342 14.2627 16.0584
      vertex 109.901 12.9543 16.1995
    endloop
  endfacet
  facet normal -0.621672 -0.760823 -0.186205
    outer loop
      vertex 108.385 14.2934 15.7894
      vertex 109.901 12.9543 16.1995
      vertex 108.342 14.2627 16.0584
    endloop
  endfacet
  facet normal -0.621367 -0.760807 -0.187282
    outer loop
      vertex 109.901 12.9543 16.1995
      vertex 108.385 14.2934 15.7894
      vertex 109.943 12.984 15.9395
    endloop
  endfacet
  facet normal -0.367647 -0.583049 -0.724493
    outer loop
      vertex 108.093 11.6883 19.5028
      vertex 106.862 13.2266 18.8895
      vertex 108.256 11.8026 19.3281
    endloop
  endfacet
  facet normal -0.367488 -0.582977 -0.724631
    outer loop
      vertex 106.862 13.2266 18.8895
      vertex 108.093 11.6883 19.5028
      vertex 106.693 13.1084 19.0703
    endloop
  endfacet
  facet normal -0.195895 -0.462797 -0.864548
    outer loop
      vertex 106.948 10.8869 20.3095
      vertex 105.851 12.5188 19.6845
      vertex 107.143 11.0233 20.1923
    endloop
  endfacet
  facet normal -0.196486 -0.463084 -0.864261
    outer loop
      vertex 105.851 12.5188 19.6845
      vertex 106.948 10.8869 20.3095
      vertex 105.65 12.3777 19.8058
    endloop
  endfacet
  facet normal 0.50177 0.0255887 -0.864622
    outer loop
      vertex 101.916 9.76303 19.6845
      vertex 103.074 8.174 20.3095
      vertex 102.879 8.03767 20.1923
    endloop
  endfacet
  facet normal 0.502774 0.0265613 -0.86401
    outer loop
      vertex 103.074 8.174 20.3095
      vertex 101.916 9.76303 19.6845
      vertex 102.117 9.90409 19.8058
    endloop
  endfacet
  facet normal 0.502292 0.0263413 -0.864297
    outer loop
      vertex 101.575 9.52494 19.4798
      vertex 102.879 8.03767 20.1923
      vertex 102.48 7.75816 19.9519
    endloop
  endfacet
  facet normal 0.501445 0.0253495 -0.864818
    outer loop
      vertex 102.879 8.03767 20.1923
      vertex 101.575 9.52494 19.4798
      vertex 101.916 9.76303 19.6845
    endloop
  endfacet
  facet normal 0.590921 0.0883025 -0.801882
    outer loop
      vertex 101.073 9.17343 19.0703
      vertex 102.11 7.49903 19.6501
      vertex 101.929 7.37264 19.5028
    endloop
  endfacet
  facet normal 0.591099 0.0884643 -0.801733
    outer loop
      vertex 102.11 7.49903 19.6501
      vertex 101.073 9.17343 19.0703
      vertex 101.26 9.3042 19.2226
    endloop
  endfacet
  facet normal 0.673855 0.146539 -0.724186
    outer loop
      vertex 100.788 8.97383 18.7651
      vertex 101.929 7.37264 19.5028
      vertex 101.595 7.13833 19.1446
    endloop
  endfacet
  facet normal 0.673547 0.146152 -0.724551
    outer loop
      vertex 101.929 7.37264 19.5028
      vertex 100.788 8.97383 18.7651
      vertex 101.073 9.17343 19.0703
    endloop
  endfacet
  facet normal -0.285238 -0.525363 0.801644
    outer loop
      vertex 106.693 13.1084 10.1297
      vertex 107.912 11.5619 9.54993
      vertex 108.093 11.6883 9.69717
    endloop
  endfacet
  facet normal -0.285396 -0.525446 0.801533
    outer loop
      vertex 107.912 11.5619 9.54993
      vertex 106.693 13.1084 10.1297
      vertex 106.506 12.9776 9.97737
    endloop
  endfacet
  facet normal 0.927339 0.323589 -0.18797
    outer loop
      vertex 100.034 6.04582 15.6666
      vertex 99.3071 7.93663 15.3355
      vertex 99.3509 7.96731 15.6044
    endloop
  endfacet
  facet normal 0.927488 0.323857 -0.18677
    outer loop
      vertex 99.3071 7.93663 15.3355
      vertex 100.034 6.04582 15.6666
      vertex 99.992 6.01616 15.4066
    endloop
  endfacet
  facet normal 0.940757 0.33317 -0.0630395
    outer loop
      vertex 99.992 6.01616 15.4066
      vertex 99.2823 7.91926 14.8736
      vertex 99.3071 7.93663 15.3355
    endloop
  endfacet
  facet normal 0.940757 0.333173 -0.0630255
    outer loop
      vertex 99.2823 7.91926 14.8736
      vertex 99.992 6.01616 15.4066
      vertex 99.9629 5.99578 14.8645
    endloop
  endfacet
  facet normal 0.746504 0.19722 0.635481
    outer loop
      vertex 100.221 8.57684 11.1698
      vertex 101.288 6.92381 10.4294
      vertex 100.471 8.75188 10.8218
    endloop
  endfacet
  facet normal 0.746784 0.197601 0.635033
    outer loop
      vertex 101.288 6.92381 10.4294
      vertex 100.221 8.57684 11.1698
      vertex 100.995 6.71833 10.8379
    endloop
  endfacet
  facet normal 0.861072 0.277344 -0.426187
    outer loop
      vertex 100.43 6.32289 17.2026
      vertex 99.619 8.15499 16.7563
      vertex 99.7183 8.22456 17.0022
    endloop
  endfacet
  facet normal 0.861067 0.277339 -0.426201
    outer loop
      vertex 99.619 8.15499 16.7563
      vertex 100.43 6.32289 17.2026
      vertex 100.334 6.25566 16.9649
    endloop
  endfacet
  facet normal 0.900575 0.305002 -0.30974
    outer loop
      vertex 100.334 6.25566 16.9649
      vertex 99.5468 8.10444 16.4966
      vertex 99.619 8.15499 16.7563
    endloop
  endfacet
  facet normal 0.900393 0.30472 -0.310546
    outer loop
      vertex 99.5468 8.10444 16.4966
      vertex 100.334 6.25566 16.9649
      vertex 100.264 6.2068 16.714
    endloop
  endfacet
  facet normal -0.503348 -0.677894 -0.535818
    outer loop
      vertex 107.881 13.9398 17.4173
      vertex 109.274 12.5158 17.9103
      vertex 107.756 13.8524 17.6453
    endloop
  endfacet
  facet normal -0.503297 -0.677871 -0.535895
    outer loop
      vertex 109.274 12.5158 17.9103
      vertex 107.881 13.9398 17.4173
      vertex 109.395 12.6002 17.6899
    endloop
  endfacet
  facet normal -0.55538 -0.714327 -0.425782
    outer loop
      vertex 107.98 14.0094 17.1714
      vertex 109.395 12.6002 17.6899
      vertex 107.881 13.9398 17.4173
    endloop
  endfacet
  facet normal -0.555052 -0.714221 -0.426387
    outer loop
      vertex 109.395 12.6002 17.6899
      vertex 107.98 14.0094 17.1714
      vertex 109.491 12.6675 17.4522
    endloop
  endfacet
  facet normal 0.406428 -0.041156 -0.912755
    outer loop
      vertex 102.33 10.053 19.8939
      vertex 103.701 8.61306 20.5693
      vertex 103.279 8.31795 20.3947
    endloop
  endfacet
  facet normal 0.406793 -0.0407407 -0.912611
    outer loop
      vertex 103.701 8.61306 20.5693
      vertex 102.33 10.053 19.8939
      vertex 102.689 10.3044 20.0427
    endloop
  endfacet
  facet normal -0.961724 -0.266718 -0.0628439
    outer loop
      vertex 75.3388 0 14.6
      vertex 74.6465 2.4 15.0086
      vertex 74.6732 2.4 14.6
    endloop
  endfacet
  facet normal -0.961721 -0.266688 -0.0630139
    outer loop
      vertex 74.6465 2.4 15.0086
      vertex 75.3388 0 14.6
      vertex 75.3056 0 15.1067
    endloop
  endfacet
  facet normal -0.961703 -0.266694 -0.0632654
    outer loop
      vertex 75.3056 0 15.1067
      vertex 74.6281 2.4 15.2883
      vertex 74.6465 2.4 15.0086
    endloop
  endfacet
  facet normal -0.961712 -0.266713 -0.0630396
    outer loop
      vertex 74.6281 2.4 15.2883
      vertex 75.3056 0 15.1067
      vertex 75.288 0 15.3752
    endloop
  endfacet
  facet normal -0.912628 -0.266736 0.309777
    outer loop
      vertex 75.05 0 12.8081
      vertex 74.2718 2.4 12.582
      vertex 74.8868 0 12.3273
    endloop
  endfacet
  facet normal -0.912587 -0.266709 0.309922
    outer loop
      vertex 74.2718 2.4 12.582
      vertex 75.05 0 12.8081
      vertex 74.4035 2.4 12.9698
    endloop
  endfacet
  facet normal 0.961703 -0.266694 0.0632654
    outer loop
      vertex 63.4944 0 14.0933
      vertex 64.1719 2.4 13.9117
      vertex 64.1535 2.4 14.1914
    endloop
  endfacet
  facet normal 0.961712 -0.266713 0.0630396
    outer loop
      vertex 64.1719 2.4 13.9117
      vertex 63.4944 0 14.0933
      vertex 63.512 0 13.8248
    endloop
  endfacet
  facet normal 0.724635 -0.266703 -0.635432
    outer loop
      vertex 64.6884 0 18.2153
      vertex 65.4864 2.4 18.118
      vertex 65.0232 0 18.5971
    endloop
  endfacet
  facet normal 0.724742 -0.266733 -0.635297
    outer loop
      vertex 65.4864 2.4 18.118
      vertex 64.6884 0 18.2153
      vertex 65.2165 2.4 17.8101
    endloop
  endfacet
  facet normal -0.864363 -0.266734 0.426298
    outer loop
      vertex 74.8868 0 12.3273
      vertex 74.0907 2.4 12.2148
      vertex 74.6622 0 11.8719
    endloop
  endfacet
  facet normal -0.864363 -0.266734 0.426297
    outer loop
      vertex 74.0907 2.4 12.2148
      vertex 74.8868 0 12.3273
      vertex 74.2718 2.4 12.582
    endloop
  endfacet
  facet normal -0.188027 -0.266709 0.945258
    outer loop
      vertex 70.4899 2.4 9.45175
      vertex 70.1752 0 8.71198
      vertex 70.6732 0 8.81104
    endloop
  endfacet
  facet normal -0.188016 -0.266711 0.945259
    outer loop
      vertex 70.1752 0 8.71198
      vertex 70.4899 2.4 9.45175
      vertex 70.0883 2.4 9.37187
    endloop
  endfacet
  facet normal 0.0628439 -0.266718 -0.961724
    outer loop
      vertex 69.4 0 20.5388
      vertex 68.9914 2.4 19.8465
      vertex 69.4 2.4 19.8732
    endloop
  endfacet
  facet normal 0.0630139 -0.266688 -0.961721
    outer loop
      vertex 68.9914 2.4 19.8465
      vertex 69.4 0 20.5388
      vertex 68.8933 0 20.5056
    endloop
  endfacet
  facet normal -0.912621 -0.266711 0.309818
    outer loop
      vertex 75.1365 0 13.0629
      vertex 74.4035 2.4 12.9698
      vertex 75.05 0 12.8081
    endloop
  endfacet
  facet normal -0.91262 -0.266711 0.309823
    outer loop
      vertex 74.4035 2.4 12.9698
      vertex 75.1365 0 13.0629
      vertex 74.4936 2.4 13.2352
    endloop
  endfacet
  facet normal -0.635425 -0.26674 0.724627
    outer loop
      vertex 73.1287 2.4 10.8713
      vertex 73.2176 0 10.0658
      vertex 73.5994 0 10.4006
    endloop
  endfacet
  facet normal -0.635551 -0.266711 0.724528
    outer loop
      vertex 73.2176 0 10.0658
      vertex 73.1287 2.4 10.8713
      vertex 72.8209 2.4 10.6013
    endloop
  endfacet
  facet normal -0.0630397 -0.26671 0.961713
    outer loop
      vertex 70.0883 2.4 9.37187
      vertex 69.9067 0 8.69438
      vertex 70.1752 0 8.71198
    endloop
  endfacet
  facet normal -0.0630597 -0.266708 0.961712
    outer loop
      vertex 69.9067 0 8.69438
      vertex 70.0883 2.4 9.37187
      vertex 69.8086 2.4 9.35353
    endloop
  endfacet
  facet normal 0.188053 -0.26671 0.945252
    outer loop
      vertex 68.0352 2.4 9.50644
      vertex 68.1268 0 8.81104
      vertex 68.3101 2.4 9.45175
    endloop
  endfacet
  facet normal 0.188048 -0.26671 0.945253
    outer loop
      vertex 68.1268 0 8.81104
      vertex 68.0352 2.4 9.50644
      vertex 67.8629 0 8.86354
    endloop
  endfacet
  facet normal -0.0630396 -0.266713 -0.961712
    outer loop
      vertex 69.9067 0 20.5056
      vertex 70.0883 2.4 19.8281
      vertex 70.1752 0 20.488
    endloop
  endfacet
  facet normal -0.0632654 -0.266694 -0.961703
    outer loop
      vertex 70.0883 2.4 19.8281
      vertex 69.9067 0 20.5056
      vertex 69.8086 2.4 19.8465
    endloop
  endfacet
  facet normal -0.961721 -0.266688 0.0630139
    outer loop
      vertex 75.3388 0 14.6
      vertex 74.6465 2.4 14.1914
      vertex 75.3056 0 14.0933
    endloop
  endfacet
  facet normal -0.961724 -0.266718 0.0628439
    outer loop
      vertex 74.6465 2.4 14.1914
      vertex 75.3388 0 14.6
      vertex 74.6732 2.4 14.6
    endloop
  endfacet
  facet normal -0.724627 -0.26674 0.635425
    outer loop
      vertex 73.9342 0 10.7824
      vertex 73.1287 2.4 10.8713
      vertex 73.5994 0 10.4006
    endloop
  endfacet
  facet normal -0.724528 -0.266711 0.635551
    outer loop
      vertex 73.1287 2.4 10.8713
      vertex 73.9342 0 10.7824
      vertex 73.3987 2.4 11.1791
    endloop
  endfacet
  facet normal -0.86438 -0.266706 0.42628
    outer loop
      vertex 74.6622 0 11.8719
      vertex 73.9668 2.4 11.9634
      vertex 74.5432 0 11.6306
    endloop
  endfacet
  facet normal -0.864485 -0.266728 0.426053
    outer loop
      vertex 73.9668 2.4 11.9634
      vertex 74.6622 0 11.8719
      vertex 74.0907 2.4 12.2148
    endloop
  endfacet
  facet normal -0.0630317 -0.266704 0.961715
    outer loop
      vertex 69.4 0 8.66118
      vertex 69.8086 2.4 9.35353
      vertex 69.4 2.4 9.32675
    endloop
  endfacet
  facet normal -0.0630135 -0.266707 0.961716
    outer loop
      vertex 69.8086 2.4 9.35353
      vertex 69.4 0 8.66118
      vertex 69.9067 0 8.69438
    endloop
  endfacet
  facet normal -0.309786 -0.266712 0.912632
    outer loop
      vertex 71.0302 2.4 9.59653
      vertex 70.9371 0 8.86354
      vertex 71.1919 0 8.95003
    endloop
  endfacet
  facet normal -0.309792 -0.266711 0.91263
    outer loop
      vertex 70.9371 0 8.86354
      vertex 71.0302 2.4 9.59653
      vertex 70.7648 2.4 9.50644
    endloop
  endfacet
  facet normal -0.535428 -0.266697 0.801367
    outer loop
      vertex 72.3771 2.4 10.2607
      vertex 72.3694 0 9.45683
      vertex 72.7916 0 9.73892
    endloop
  endfacet
  facet normal -0.535423 -0.266698 0.80137
    outer loop
      vertex 72.3694 0 9.45683
      vertex 72.3771 2.4 10.2607
      vertex 72.0366 2.4 10.0332
    endloop
  endfacet
  facet normal 0.912587 -0.266709 0.309922
    outer loop
      vertex 63.75 0 12.8081
      vertex 64.5282 2.4 12.582
      vertex 64.3965 2.4 12.9698
    endloop
  endfacet
  facet normal 0.912628 -0.266736 0.309777
    outer loop
      vertex 64.5282 2.4 12.582
      vertex 63.75 0 12.8081
      vertex 63.9132 0 12.3273
    endloop
  endfacet
  facet normal 0.945258 -0.266681 0.188063
    outer loop
      vertex 63.5645 0 13.5609
      vertex 64.3064 2.4 13.2352
      vertex 64.2265 2.4 13.6368
    endloop
  endfacet
  facet normal 0.94528 -0.266708 0.187917
    outer loop
      vertex 64.3064 2.4 13.2352
      vertex 63.5645 0 13.5609
      vertex 63.6635 0 13.0629
    endloop
  endfacet
  facet normal 0.535423 -0.266698 0.80137
    outer loop
      vertex 66.4229 2.4 10.2607
      vertex 66.4306 0 9.45683
      vertex 66.7634 2.4 10.0332
    endloop
  endfacet
  facet normal 0.535428 -0.266697 0.801367
    outer loop
      vertex 66.4306 0 9.45683
      vertex 66.4229 2.4 10.2607
      vertex 66.0084 0 9.73892
    endloop
  endfacet
  facet normal 0.309792 -0.266711 0.91263
    outer loop
      vertex 67.7698 2.4 9.59653
      vertex 67.8629 0 8.86354
      vertex 68.0352 2.4 9.50644
    endloop
  endfacet
  facet normal 0.309786 -0.266712 0.912632
    outer loop
      vertex 67.8629 0 8.86354
      vertex 67.7698 2.4 9.59653
      vertex 67.6081 0 8.95003
    endloop
  endfacet
  facet normal -0.187917 -0.266708 -0.94528
    outer loop
      vertex 70.4391 0 20.4355
      vertex 70.7648 2.4 19.6936
      vertex 70.9371 0 20.3365
    endloop
  endfacet
  facet normal -0.187834 -0.266723 -0.945292
    outer loop
      vertex 70.7648 2.4 19.6936
      vertex 70.4391 0 20.4355
      vertex 70.3632 2.4 19.7734
    endloop
  endfacet
  facet normal 0.635528 -0.266705 -0.72455
    outer loop
      vertex 65.4029 0 18.9768
      vertex 65.6712 2.4 18.3287
      vertex 65.882 2.4 18.5136
    endloop
  endfacet
  facet normal 0.635436 -0.266716 -0.724626
    outer loop
      vertex 65.6712 2.4 18.3287
      vertex 65.4029 0 18.9768
      vertex 65.2006 0 18.7994
    endloop
  endfacet
  facet normal 0.961712 -0.266713 -0.0630396
    outer loop
      vertex 63.4944 0 15.1067
      vertex 64.1719 2.4 15.2883
      vertex 63.512 0 15.3752
    endloop
  endfacet
  facet normal 0.961703 -0.266694 -0.0632654
    outer loop
      vertex 64.1719 2.4 15.2883
      vertex 63.4944 0 15.1067
      vertex 64.1535 2.4 15.0086
    endloop
  endfacet
  facet normal 0.961721 -0.266688 -0.0630139
    outer loop
      vertex 63.4612 0 14.6
      vertex 64.1535 2.4 15.0086
      vertex 63.4944 0 15.1067
    endloop
  endfacet
  facet normal 0.961724 -0.266718 -0.0628439
    outer loop
      vertex 64.1535 2.4 15.0086
      vertex 63.4612 0 14.6
      vertex 64.1268 2.4 14.6
    endloop
  endfacet
  facet normal -0.961712 -0.266713 0.0630396
    outer loop
      vertex 75.3056 0 14.0933
      vertex 74.6281 2.4 13.9117
      vertex 75.288 0 13.8248
    endloop
  endfacet
  facet normal -0.961703 -0.266694 0.0632654
    outer loop
      vertex 74.6281 2.4 13.9117
      vertex 75.3056 0 14.0933
      vertex 74.6465 2.4 14.1914
    endloop
  endfacet
  facet normal -0.945271 -0.266739 0.187915
    outer loop
      vertex 75.288 0 13.8248
      vertex 74.5482 2.4 13.5101
      vertex 75.189 0 13.3268
    endloop
  endfacet
  facet normal -0.94525 -0.266714 0.188061
    outer loop
      vertex 74.5482 2.4 13.5101
      vertex 75.288 0 13.8248
      vertex 74.6281 2.4 13.9117
    endloop
  endfacet
  facet normal -0.801357 -0.266703 0.53544
    outer loop
      vertex 74.5432 0 11.6306
      vertex 73.7393 2.4 11.6229
      vertex 74.2611 0 11.2084
    endloop
  endfacet
  facet normal -0.801368 -0.266707 0.535422
    outer loop
      vertex 73.7393 2.4 11.6229
      vertex 74.5432 0 11.6306
      vertex 73.9668 2.4 11.9634
    endloop
  endfacet
  facet normal -0.724627 -0.266715 0.635436
    outer loop
      vertex 74.1116 0 10.9847
      vertex 73.3987 2.4 11.1791
      vertex 73.9342 0 10.7824
    endloop
  endfacet
  facet normal -0.724715 -0.266732 0.635329
    outer loop
      vertex 73.3987 2.4 11.1791
      vertex 74.1116 0 10.9847
      vertex 73.5835 2.4 11.3899
    endloop
  endfacet
  facet normal -0.188048 -0.26671 0.945253
    outer loop
      vertex 70.7648 2.4 9.50644
      vertex 70.6732 0 8.81104
      vertex 70.9371 0 8.86354
    endloop
  endfacet
  facet normal -0.188053 -0.26671 0.945252
    outer loop
      vertex 70.6732 0 8.81104
      vertex 70.7648 2.4 9.50644
      vertex 70.4899 2.4 9.45175
    endloop
  endfacet
  facet normal -0.309797 -0.266708 0.91263
    outer loop
      vertex 71.418 2.4 9.72816
      vertex 71.1919 0 8.95003
      vertex 71.6727 0 9.11324
    endloop
  endfacet
  facet normal -0.309774 -0.266712 0.912636
    outer loop
      vertex 71.1919 0 8.95003
      vertex 71.418 2.4 9.72816
      vertex 71.0302 2.4 9.59653
    endloop
  endfacet
  facet normal -0.635416 -0.266715 0.724644
    outer loop
      vertex 72.8209 2.4 10.6013
      vertex 73.0153 0 9.88841
      vertex 73.2176 0 10.0658
    endloop
  endfacet
  facet normal -0.635329 -0.266729 0.724715
    outer loop
      vertex 73.0153 0 9.88841
      vertex 72.8209 2.4 10.6013
      vertex 72.6101 2.4 10.4165
    endloop
  endfacet
  facet normal -0.535489 -0.266728 0.801316
    outer loop
      vertex 72.6101 2.4 10.4165
      vertex 72.7916 0 9.73892
      vertex 73.0153 0 9.88841
    endloop
  endfacet
  facet normal -0.535718 -0.266704 0.801171
    outer loop
      vertex 72.7916 0 9.73892
      vertex 72.6101 2.4 10.4165
      vertex 72.3771 2.4 10.2607
    endloop
  endfacet
  facet normal -0.426254 -0.266716 0.86439
    outer loop
      vertex 71.7852 2.4 9.90926
      vertex 71.6727 0 9.11324
      vertex 72.1281 0 9.33781
    endloop
  endfacet
  facet normal -0.4263 -0.266707 0.86437
    outer loop
      vertex 71.6727 0 9.11324
      vertex 71.7852 2.4 9.90926
      vertex 71.418 2.4 9.72816
    endloop
  endfacet
  facet normal -0.426338 -0.266697 0.864354
    outer loop
      vertex 72.0366 2.4 10.0332
      vertex 72.1281 0 9.33781
      vertex 72.3694 0 9.45683
    endloop
  endfacet
  facet normal -0.426165 -0.266714 0.864434
    outer loop
      vertex 72.1281 0 9.33781
      vertex 72.0366 2.4 10.0332
      vertex 71.7852 2.4 9.90926
    endloop
  endfacet
  facet normal 0.91262 -0.266711 0.309823
    outer loop
      vertex 63.6635 0 13.0629
      vertex 64.3965 2.4 12.9698
      vertex 64.3064 2.4 13.2352
    endloop
  endfacet
  facet normal 0.912621 -0.266711 0.309818
    outer loop
      vertex 64.3965 2.4 12.9698
      vertex 63.6635 0 13.0629
      vertex 63.75 0 12.8081
    endloop
  endfacet
  facet normal 0.724715 -0.266732 0.635329
    outer loop
      vertex 64.6884 0 10.9847
      vertex 65.4013 2.4 11.1791
      vertex 65.2165 2.4 11.3899
    endloop
  endfacet
  facet normal 0.724627 -0.266715 0.635436
    outer loop
      vertex 65.4013 2.4 11.1791
      vertex 64.6884 0 10.9847
      vertex 64.8658 0 10.7824
    endloop
  endfacet
  facet normal 0.724644 -0.266715 0.635417
    outer loop
      vertex 64.8658 0 10.7824
      vertex 65.6712 2.4 10.8713
      vertex 65.4013 2.4 11.1791
    endloop
  endfacet
  facet normal 0.724633 -0.266712 0.63543
    outer loop
      vertex 65.6712 2.4 10.8713
      vertex 64.8658 0 10.7824
      vertex 65.2006 0 10.4006
    endloop
  endfacet
  facet normal 0.0630317 -0.266704 0.961715
    outer loop
      vertex 68.9914 2.4 9.35353
      vertex 69.4 0 8.66118
      vertex 69.4 2.4 9.32675
    endloop
  endfacet
  facet normal 0.0630135 -0.266707 0.961716
    outer loop
      vertex 69.4 0 8.66118
      vertex 68.9914 2.4 9.35353
      vertex 68.8933 0 8.69438
    endloop
  endfacet
  facet normal -0.94525 -0.266714 -0.188061
    outer loop
      vertex 75.288 0 15.3752
      vertex 74.5482 2.4 15.6899
      vertex 74.6281 2.4 15.2883
    endloop
  endfacet
  facet normal -0.945271 -0.266739 -0.187915
    outer loop
      vertex 74.5482 2.4 15.6899
      vertex 75.288 0 15.3752
      vertex 75.189 0 15.8732
    endloop
  endfacet
  facet normal -0.535513 -0.266732 -0.801299
    outer loop
      vertex 72.7916 0 19.4611
      vertex 72.6101 2.4 18.7835
      vertex 73.0153 0 19.3116
    endloop
  endfacet
  facet normal -0.535718 -0.26671 -0.801169
    outer loop
      vertex 72.6101 2.4 18.7835
      vertex 72.7916 0 19.4611
      vertex 72.3771 2.4 18.9393
    endloop
  endfacet
  facet normal -0.635436 -0.266715 -0.724627
    outer loop
      vertex 73.0153 0 19.3116
      vertex 72.8209 2.4 18.5987
      vertex 73.2176 0 19.1342
    endloop
  endfacet
  facet normal -0.635329 -0.266732 -0.724715
    outer loop
      vertex 72.8209 2.4 18.5987
      vertex 73.0153 0 19.3116
      vertex 72.6101 2.4 18.7835
    endloop
  endfacet
  facet normal 0.724627 -0.266712 -0.635437
    outer loop
      vertex 65.0232 0 18.5971
      vertex 65.6712 2.4 18.3287
      vertex 65.2006 0 18.7994
    endloop
  endfacet
  facet normal 0.724571 -0.266705 -0.635504
    outer loop
      vertex 65.6712 2.4 18.3287
      vertex 65.0232 0 18.5971
      vertex 65.4864 2.4 18.118
    endloop
  endfacet
  facet normal 0.864363 -0.266734 -0.426298
    outer loop
      vertex 63.9132 0 16.8727
      vertex 64.7093 2.4 16.9852
      vertex 64.1378 0 17.3281
    endloop
  endfacet
  facet normal 0.864363 -0.266734 -0.426297
    outer loop
      vertex 64.7093 2.4 16.9852
      vertex 63.9132 0 16.8727
      vertex 64.5282 2.4 16.618
    endloop
  endfacet
  facet normal 0.912628 -0.266735 -0.309777
    outer loop
      vertex 63.6635 0 16.1371
      vertex 64.4381 2.4 16.3526
      vertex 63.8267 0 16.6179
    endloop
  endfacet
  facet normal 0.912587 -0.266709 -0.309922
    outer loop
      vertex 64.4381 2.4 16.3526
      vertex 63.6635 0 16.1371
      vertex 64.3064 2.4 15.9648
    endloop
  endfacet
  facet normal 0.961724 -0.266718 0.0628439
    outer loop
      vertex 63.4612 0 14.6
      vertex 64.1535 2.4 14.1914
      vertex 64.1268 2.4 14.6
    endloop
  endfacet
  facet normal 0.961721 -0.266688 0.0630139
    outer loop
      vertex 64.1535 2.4 14.1914
      vertex 63.4612 0 14.6
      vertex 63.4944 0 14.0933
    endloop
  endfacet
  facet normal -0.945253 -0.26671 0.188048
    outer loop
      vertex 75.189 0 13.3268
      vertex 74.4936 2.4 13.2352
      vertex 75.1365 0 13.0629
    endloop
  endfacet
  facet normal -0.945304 -0.266736 0.187754
    outer loop
      vertex 74.4936 2.4 13.2352
      vertex 75.189 0 13.3268
      vertex 74.5482 2.4 13.5101
    endloop
  endfacet
  facet normal -0.801299 -0.266732 0.535513
    outer loop
      vertex 74.2611 0 11.2084
      vertex 73.5835 2.4 11.3899
      vertex 74.1116 0 10.9847
    endloop
  endfacet
  facet normal -0.801169 -0.26671 0.535718
    outer loop
      vertex 73.5835 2.4 11.3899
      vertex 74.2611 0 11.2084
      vertex 73.7393 2.4 11.6229
    endloop
  endfacet
  facet normal 0.864363 -0.266734 0.426297
    outer loop
      vertex 63.9132 0 12.3273
      vertex 64.7093 2.4 12.2148
      vertex 64.5282 2.4 12.582
    endloop
  endfacet
  facet normal 0.864363 -0.266734 0.426298
    outer loop
      vertex 64.7093 2.4 12.2148
      vertex 63.9132 0 12.3273
      vertex 64.1378 0 11.8719
    endloop
  endfacet
  facet normal 0.801169 -0.26671 0.535718
    outer loop
      vertex 64.5389 0 11.2084
      vertex 65.2165 2.4 11.3899
      vertex 65.0607 2.4 11.6229
    endloop
  endfacet
  facet normal 0.801299 -0.266732 0.535513
    outer loop
      vertex 65.2165 2.4 11.3899
      vertex 64.5389 0 11.2084
      vertex 64.6884 0 10.9847
    endloop
  endfacet
  facet normal 0.945309 -0.266719 0.187755
    outer loop
      vertex 63.512 0 13.8248
      vertex 64.2265 2.4 13.6368
      vertex 64.1719 2.4 13.9117
    endloop
  endfacet
  facet normal 0.945261 -0.266682 0.188049
    outer loop
      vertex 64.2265 2.4 13.6368
      vertex 63.512 0 13.8248
      vertex 63.5645 0 13.5609
    endloop
  endfacet
  facet normal 0.635528 -0.266705 0.72455
    outer loop
      vertex 65.6712 2.4 10.8713
      vertex 65.4029 0 10.2232
      vertex 65.882 2.4 10.6864
    endloop
  endfacet
  facet normal 0.635436 -0.266716 0.724626
    outer loop
      vertex 65.4029 0 10.2232
      vertex 65.6712 2.4 10.8713
      vertex 65.2006 0 10.4006
    endloop
  endfacet
  facet normal 0.426165 -0.266714 0.864434
    outer loop
      vertex 66.7634 2.4 10.0332
      vertex 66.6719 0 9.33781
      vertex 67.0148 2.4 9.90926
    endloop
  endfacet
  facet normal 0.426338 -0.266697 0.864354
    outer loop
      vertex 66.6719 0 9.33781
      vertex 66.7634 2.4 10.0332
      vertex 66.4306 0 9.45683
    endloop
  endfacet
  facet normal 0.0630597 -0.266708 0.961712
    outer loop
      vertex 68.7117 2.4 9.37187
      vertex 68.8933 0 8.69438
      vertex 68.9914 2.4 9.35353
    endloop
  endfacet
  facet normal 0.0630397 -0.26671 0.961713
    outer loop
      vertex 68.8933 0 8.69438
      vertex 68.7117 2.4 9.37187
      vertex 68.6248 0 8.71198
    endloop
  endfacet
  facet normal 0.188016 -0.266711 0.945259
    outer loop
      vertex 68.3101 2.4 9.45175
      vertex 68.6248 0 8.71198
      vertex 68.7117 2.4 9.37187
    endloop
  endfacet
  facet normal 0.188027 -0.266709 0.945258
    outer loop
      vertex 68.6248 0 8.71198
      vertex 68.3101 2.4 9.45175
      vertex 68.1268 0 8.81104
    endloop
  endfacet
  facet normal -0.0630139 -0.266688 -0.961721
    outer loop
      vertex 69.4 0 20.5388
      vertex 69.8086 2.4 19.8465
      vertex 69.9067 0 20.5056
    endloop
  endfacet
  facet normal -0.0628439 -0.266718 -0.961724
    outer loop
      vertex 69.8086 2.4 19.8465
      vertex 69.4 0 20.5388
      vertex 69.4 2.4 19.8732
    endloop
  endfacet
  facet normal -0.864363 -0.266734 -0.426297
    outer loop
      vertex 74.8868 0 16.8727
      vertex 74.0907 2.4 16.9852
      vertex 74.2718 2.4 16.618
    endloop
  endfacet
  facet normal -0.864363 -0.266734 -0.426298
    outer loop
      vertex 74.0907 2.4 16.9852
      vertex 74.8868 0 16.8727
      vertex 74.6622 0 17.3281
    endloop
  endfacet
  facet normal -0.912587 -0.266709 -0.309922
    outer loop
      vertex 75.05 0 16.3919
      vertex 74.2718 2.4 16.618
      vertex 74.4035 2.4 16.2302
    endloop
  endfacet
  facet normal -0.912628 -0.266736 -0.309777
    outer loop
      vertex 74.2718 2.4 16.618
      vertex 75.05 0 16.3919
      vertex 74.8868 0 16.8727
    endloop
  endfacet
  facet normal -0.309818 -0.266711 -0.912621
    outer loop
      vertex 70.9371 0 20.3365
      vertex 71.0302 2.4 19.6035
      vertex 71.1919 0 20.25
    endloop
  endfacet
  facet normal -0.309823 -0.266711 -0.91262
    outer loop
      vertex 71.0302 2.4 19.6035
      vertex 70.9371 0 20.3365
      vertex 70.7648 2.4 19.6936
    endloop
  endfacet
  facet normal -0.309777 -0.266736 -0.912628
    outer loop
      vertex 71.1919 0 20.25
      vertex 71.418 2.4 19.4718
      vertex 71.6727 0 20.0868
    endloop
  endfacet
  facet normal -0.309922 -0.266709 -0.912587
    outer loop
      vertex 71.418 2.4 19.4718
      vertex 71.1919 0 20.25
      vertex 71.0302 2.4 19.6035
    endloop
  endfacet
  facet normal -0.53544 -0.266703 -0.801357
    outer loop
      vertex 72.3694 0 19.7432
      vertex 72.3771 2.4 18.9393
      vertex 72.7916 0 19.4611
    endloop
  endfacet
  facet normal -0.535422 -0.266707 -0.801368
    outer loop
      vertex 72.3771 2.4 18.9393
      vertex 72.3694 0 19.7432
      vertex 72.0366 2.4 19.1668
    endloop
  endfacet
  facet normal -0.42628 -0.266706 -0.86438
    outer loop
      vertex 72.1281 0 19.8622
      vertex 72.0366 2.4 19.1668
      vertex 72.3694 0 19.7432
    endloop
  endfacet
  facet normal -0.426053 -0.266728 -0.864485
    outer loop
      vertex 72.0366 2.4 19.1668
      vertex 72.1281 0 19.8622
      vertex 71.7852 2.4 19.2907
    endloop
  endfacet
  facet normal 0.426053 -0.266728 -0.864485
    outer loop
      vertex 66.6719 0 19.8622
      vertex 66.7634 2.4 19.1668
      vertex 67.0148 2.4 19.2907
    endloop
  endfacet
  facet normal 0.42628 -0.266706 -0.86438
    outer loop
      vertex 66.7634 2.4 19.1668
      vertex 66.6719 0 19.8622
      vertex 66.4306 0 19.7432
    endloop
  endfacet
  facet normal 0.188086 -0.266713 -0.945245
    outer loop
      vertex 68.6248 0 20.488
      vertex 68.4368 2.4 19.7734
      vertex 68.7117 2.4 19.8281
    endloop
  endfacet
  facet normal 0.188047 -0.266718 -0.945251
    outer loop
      vertex 68.4368 2.4 19.7734
      vertex 68.6248 0 20.488
      vertex 68.3609 0 20.4355
    endloop
  endfacet
  facet normal 0.426297 -0.266734 -0.864363
    outer loop
      vertex 67.1273 0 20.0868
      vertex 67.0148 2.4 19.2907
      vertex 67.382 2.4 19.4718
    endloop
  endfacet
  facet normal 0.426298 -0.266734 -0.864363
    outer loop
      vertex 67.0148 2.4 19.2907
      vertex 67.1273 0 20.0868
      vertex 66.6719 0 19.8622
    endloop
  endfacet
  facet normal 0.0632654 -0.266694 -0.961703
    outer loop
      vertex 68.8933 0 20.5056
      vertex 68.7117 2.4 19.8281
      vertex 68.9914 2.4 19.8465
    endloop
  endfacet
  facet normal 0.0630396 -0.266713 -0.961712
    outer loop
      vertex 68.7117 2.4 19.8281
      vertex 68.8933 0 20.5056
      vertex 68.6248 0 20.488
    endloop
  endfacet
  facet normal 0.86438 -0.266706 -0.42628
    outer loop
      vertex 64.1378 0 17.3281
      vertex 64.8332 2.4 17.2366
      vertex 64.2568 0 17.5694
    endloop
  endfacet
  facet normal 0.864485 -0.266728 -0.426053
    outer loop
      vertex 64.8332 2.4 17.2366
      vertex 64.1378 0 17.3281
      vertex 64.7093 2.4 16.9852
    endloop
  endfacet
  facet normal 0.801357 -0.266703 -0.53544
    outer loop
      vertex 64.2568 0 17.5694
      vertex 65.0607 2.4 17.5771
      vertex 64.5389 0 17.9916
    endloop
  endfacet
  facet normal 0.801368 -0.266707 -0.535422
    outer loop
      vertex 65.0607 2.4 17.5771
      vertex 64.2568 0 17.5694
      vertex 64.8332 2.4 17.2366
    endloop
  endfacet
  facet normal 0.801368 -0.266707 0.535422
    outer loop
      vertex 64.2568 0 11.6306
      vertex 65.0607 2.4 11.6229
      vertex 64.8332 2.4 11.9634
    endloop
  endfacet
  facet normal 0.801357 -0.266703 0.53544
    outer loop
      vertex 65.0607 2.4 11.6229
      vertex 64.2568 0 11.6306
      vertex 64.5389 0 11.2084
    endloop
  endfacet
  facet normal 0.635419 -0.266703 0.724646
    outer loop
      vertex 65.882 2.4 10.6864
      vertex 65.7847 0 9.88841
      vertex 66.1898 2.4 10.4165
    endloop
  endfacet
  facet normal 0.635421 -0.266702 0.724645
    outer loop
      vertex 65.7847 0 9.88841
      vertex 65.882 2.4 10.6864
      vertex 65.4029 0 10.2232
    endloop
  endfacet
  facet normal 0.53556 -0.2667 0.801278
    outer loop
      vertex 66.1898 2.4 10.4165
      vertex 66.0084 0 9.73892
      vertex 66.4229 2.4 10.2607
    endloop
  endfacet
  facet normal 0.535492 -0.266707 0.801321
    outer loop
      vertex 66.0084 0 9.73892
      vertex 66.1898 2.4 10.4165
      vertex 65.7847 0 9.88841
    endloop
  endfacet
  facet normal 0.4263 -0.266707 0.86437
    outer loop
      vertex 67.0148 2.4 9.90926
      vertex 67.1273 0 9.11324
      vertex 67.382 2.4 9.72816
    endloop
  endfacet
  facet normal 0.426254 -0.266716 0.86439
    outer loop
      vertex 67.1273 0 9.11324
      vertex 67.0148 2.4 9.90926
      vertex 66.6719 0 9.33781
    endloop
  endfacet
  facet normal 0.309774 -0.266712 0.912636
    outer loop
      vertex 67.382 2.4 9.72816
      vertex 67.6081 0 8.95003
      vertex 67.7698 2.4 9.59653
    endloop
  endfacet
  facet normal 0.309797 -0.266708 0.91263
    outer loop
      vertex 67.6081 0 8.95003
      vertex 67.382 2.4 9.72816
      vertex 67.1273 0 9.11324
    endloop
  endfacet
  facet normal -0.801169 -0.26671 -0.535718
    outer loop
      vertex 74.2611 0 17.9916
      vertex 73.5835 2.4 17.8101
      vertex 73.7393 2.4 17.5771
    endloop
  endfacet
  facet normal -0.801299 -0.266732 -0.535513
    outer loop
      vertex 73.5835 2.4 17.8101
      vertex 74.2611 0 17.9916
      vertex 74.1116 0 18.2153
    endloop
  endfacet
  facet normal -0.188047 -0.266718 -0.945251
    outer loop
      vertex 70.1752 0 20.488
      vertex 70.3632 2.4 19.7734
      vertex 70.4391 0 20.4355
    endloop
  endfacet
  facet normal -0.188086 -0.266713 -0.945245
    outer loop
      vertex 70.3632 2.4 19.7734
      vertex 70.1752 0 20.488
      vertex 70.0883 2.4 19.8281
    endloop
  endfacet
  facet normal -0.426298 -0.266734 -0.864363
    outer loop
      vertex 71.6727 0 20.0868
      vertex 71.7852 2.4 19.2907
      vertex 72.1281 0 19.8622
    endloop
  endfacet
  facet normal -0.426297 -0.266734 -0.864363
    outer loop
      vertex 71.7852 2.4 19.2907
      vertex 71.6727 0 20.0868
      vertex 71.418 2.4 19.4718
    endloop
  endfacet
  facet normal 0.535422 -0.266707 -0.801368
    outer loop
      vertex 66.4306 0 19.7432
      vertex 66.4229 2.4 18.9393
      vertex 66.7634 2.4 19.1668
    endloop
  endfacet
  facet normal 0.53544 -0.266703 -0.801357
    outer loop
      vertex 66.4229 2.4 18.9393
      vertex 66.4306 0 19.7432
      vertex 66.0084 0 19.4611
    endloop
  endfacet
  facet normal 0.635419 -0.266706 -0.724646
    outer loop
      vertex 65.7847 0 19.3116
      vertex 65.882 2.4 18.5136
      vertex 66.1898 2.4 18.7835
    endloop
  endfacet
  facet normal 0.635432 -0.266703 -0.724635
    outer loop
      vertex 65.882 2.4 18.5136
      vertex 65.7847 0 19.3116
      vertex 65.4029 0 18.9768
    endloop
  endfacet
  facet normal 0.309821 -0.266736 -0.912613
    outer loop
      vertex 67.3821 0 20.1733
      vertex 67.382 2.4 19.4718
      vertex 67.6474 2.4 19.5619
    endloop
  endfacet
  facet normal 0.309816 -0.266737 -0.912615
    outer loop
      vertex 67.382 2.4 19.4718
      vertex 67.3821 0 20.1733
      vertex 67.1273 0 20.0868
    endloop
  endfacet
  facet normal 0.801299 -0.266732 -0.535513
    outer loop
      vertex 64.5389 0 17.9916
      vertex 65.2165 2.4 17.8101
      vertex 64.6884 0 18.2153
    endloop
  endfacet
  facet normal 0.801169 -0.26671 -0.535718
    outer loop
      vertex 65.2165 2.4 17.8101
      vertex 64.5389 0 17.9916
      vertex 65.0607 2.4 17.5771
    endloop
  endfacet
  facet normal 0.945261 -0.266682 -0.188049
    outer loop
      vertex 63.512 0 15.3752
      vertex 64.2265 2.4 15.5632
      vertex 63.5645 0 15.6391
    endloop
  endfacet
  facet normal 0.945309 -0.266719 -0.187755
    outer loop
      vertex 64.2265 2.4 15.5632
      vertex 63.512 0 15.3752
      vertex 64.1719 2.4 15.2883
    endloop
  endfacet
  facet normal 0.94528 -0.266708 -0.187917
    outer loop
      vertex 63.5645 0 15.6391
      vertex 64.3064 2.4 15.9648
      vertex 63.6635 0 16.1371
    endloop
  endfacet
  facet normal 0.945258 -0.266681 -0.188063
    outer loop
      vertex 64.3064 2.4 15.9648
      vertex 63.5645 0 15.6391
      vertex 64.2265 2.4 15.5632
    endloop
  endfacet
  facet normal 0.864485 -0.266728 0.426053
    outer loop
      vertex 64.1378 0 11.8719
      vertex 64.8332 2.4 11.9634
      vertex 64.7093 2.4 12.2148
    endloop
  endfacet
  facet normal 0.86438 -0.266706 0.42628
    outer loop
      vertex 64.8332 2.4 11.9634
      vertex 64.1378 0 11.8719
      vertex 64.2568 0 11.6306
    endloop
  endfacet
  facet normal -0.91262 -0.266711 -0.309823
    outer loop
      vertex 75.1365 0 16.1371
      vertex 74.4035 2.4 16.2302
      vertex 74.4936 2.4 15.9648
    endloop
  endfacet
  facet normal -0.912621 -0.266711 -0.309818
    outer loop
      vertex 74.4035 2.4 16.2302
      vertex 75.1365 0 16.1371
      vertex 75.05 0 16.3919
    endloop
  endfacet
  facet normal -0.945304 -0.266736 -0.187754
    outer loop
      vertex 75.189 0 15.8732
      vertex 74.4936 2.4 15.9648
      vertex 74.5482 2.4 15.6899
    endloop
  endfacet
  facet normal -0.945253 -0.26671 -0.188048
    outer loop
      vertex 74.4936 2.4 15.9648
      vertex 75.189 0 15.8732
      vertex 75.1365 0 16.1371
    endloop
  endfacet
  facet normal -0.724742 -0.266733 -0.635297
    outer loop
      vertex 74.1116 0 18.2153
      vertex 73.3136 2.4 18.118
      vertex 73.5835 2.4 17.8101
    endloop
  endfacet
  facet normal -0.724635 -0.266703 -0.635432
    outer loop
      vertex 73.3136 2.4 18.118
      vertex 74.1116 0 18.2153
      vertex 73.7768 0 18.5971
    endloop
  endfacet
  facet normal -0.801368 -0.266707 -0.535422
    outer loop
      vertex 74.5432 0 17.5694
      vertex 73.7393 2.4 17.5771
      vertex 73.9668 2.4 17.2366
    endloop
  endfacet
  facet normal -0.801357 -0.266703 -0.53544
    outer loop
      vertex 73.7393 2.4 17.5771
      vertex 74.5432 0 17.5694
      vertex 74.2611 0 17.9916
    endloop
  endfacet
  facet normal 0.535559 -0.266706 -0.801276
    outer loop
      vertex 66.0084 0 19.4611
      vertex 66.1898 2.4 18.7835
      vertex 66.4229 2.4 18.9393
    endloop
  endfacet
  facet normal 0.535516 -0.266711 -0.801304
    outer loop
      vertex 66.1898 2.4 18.7835
      vertex 66.0084 0 19.4611
      vertex 65.7847 0 19.3116
    endloop
  endfacet
  facet normal 0.309922 -0.266709 -0.912587
    outer loop
      vertex 67.8629 0 20.3365
      vertex 67.6474 2.4 19.5619
      vertex 68.0352 2.4 19.6936
    endloop
  endfacet
  facet normal 0.309777 -0.266735 -0.912628
    outer loop
      vertex 67.6474 2.4 19.5619
      vertex 67.8629 0 20.3365
      vertex 67.3821 0 20.1733
    endloop
  endfacet
  facet normal 0.187834 -0.266723 -0.945292
    outer loop
      vertex 68.3609 0 20.4355
      vertex 68.0352 2.4 19.6936
      vertex 68.4368 2.4 19.7734
    endloop
  endfacet
  facet normal 0.187917 -0.266708 -0.94528
    outer loop
      vertex 68.0352 2.4 19.6936
      vertex 68.3609 0 20.4355
      vertex 67.8629 0 20.3365
    endloop
  endfacet
  facet normal 0.912615 -0.266737 -0.309816
    outer loop
      vertex 63.8267 0 16.6179
      vertex 64.5282 2.4 16.618
      vertex 63.9132 0 16.8727
    endloop
  endfacet
  facet normal 0.912613 -0.266736 -0.309821
    outer loop
      vertex 64.5282 2.4 16.618
      vertex 63.8267 0 16.6179
      vertex 64.4381 2.4 16.3526
    endloop
  endfacet
  facet normal -0.864485 -0.266728 -0.426053
    outer loop
      vertex 74.6622 0 17.3281
      vertex 73.9668 2.4 17.2366
      vertex 74.0907 2.4 16.9852
    endloop
  endfacet
  facet normal -0.86438 -0.266706 -0.42628
    outer loop
      vertex 73.9668 2.4 17.2366
      vertex 74.6622 0 17.3281
      vertex 74.5432 0 17.5694
    endloop
  endfacet
  facet normal -0.635425 -0.26674 -0.724627
    outer loop
      vertex 73.2176 0 19.1342
      vertex 73.1287 2.4 18.3287
      vertex 73.5994 0 18.7994
    endloop
  endfacet
  facet normal -0.635551 -0.266711 -0.724528
    outer loop
      vertex 73.1287 2.4 18.3287
      vertex 73.2176 0 19.1342
      vertex 72.8209 2.4 18.5987
    endloop
  endfacet
  facet normal -0.724399 -0.26671 -0.635697
    outer loop
      vertex 73.7768 0 18.5971
      vertex 73.1287 2.4 18.3287
      vertex 73.3136 2.4 18.118
    endloop
  endfacet
  facet normal -0.724621 -0.26674 -0.635432
    outer loop
      vertex 73.1287 2.4 18.3287
      vertex 73.7768 0 18.5971
      vertex 73.5994 0 18.7994
    endloop
  endfacet
  facet normal -0.866783 -0.495439 -0.0568131
    outer loop
      vertex 78.442 0 37.3774
      vertex 77.1146 2.4 36.7
      vertex 78.4864 0 36.7
    endloop
  endfacet
  facet normal -0.866799 -0.495421 -0.0567177
    outer loop
      vertex 77.1146 2.4 36.7
      vertex 78.442 0 37.3774
      vertex 77.0672 2.4 37.4244
    endloop
  endfacet
  facet normal 0.572733 -0.495408 -0.653106
    outer loop
      vertex 63.3582 0 43.4611
      vertex 63.9449 2.4 42.1551
      vertex 64.1578 2.4 42.3418
    endloop
  endfacet
  facet normal 0.572792 -0.495398 -0.653062
    outer loop
      vertex 63.9449 2.4 42.1551
      vertex 63.3582 0 43.4611
      vertex 62.975 0 43.125
    endloop
  endfacet
  facet normal -0.653102 -0.495417 -0.57273
    outer loop
      vertex 76.6087 0 42.2314
      vertex 75.3337 2.4 41.6093
      vertex 75.5204 2.4 41.3964
    endloop
  endfacet
  facet normal -0.653057 -0.495408 -0.572789
    outer loop
      vertex 75.3337 2.4 41.6093
      vertex 76.6087 0 42.2314
      vertex 76.2726 0 42.6146
    endloop
  endfacet
  facet normal -0.572746 -0.495396 0.653104
    outer loop
      vertex 74.8551 2.4 31.2449
      vertex 75.3146 0 29.8274
      vertex 75.825 0 30.275
    endloop
  endfacet
  facet normal -0.572713 -0.495404 0.653127
    outer loop
      vertex 75.3146 0 29.8274
      vertex 74.8551 2.4 31.2449
      vertex 74.3093 2.4 30.7663
    endloop
  endfacet
  facet normal 0.866783 -0.495439 0.0568131
    outer loop
      vertex 60.358 0 36.0226
      vertex 61.6854 2.4 36.7
      vertex 60.3136 0 36.7
    endloop
  endfacet
  facet normal 0.866799 -0.495421 0.0567177
    outer loop
      vertex 61.6854 2.4 36.7
      vertex 60.358 0 36.0226
      vertex 61.7328 2.4 35.9756
    endloop
  endfacet
  facet normal -0.851984 -0.495422 -0.169354
    outer loop
      vertex 78.4086 0 37.886
      vertex 76.9934 2.4 37.9847
      vertex 77.0486 2.4 37.707
    endloop
  endfacet
  facet normal -0.851977 -0.495416 -0.169407
    outer loop
      vertex 76.9934 2.4 37.9847
      vertex 78.4086 0 37.886
      vertex 78.3092 0 38.3859
    endloop
  endfacet
  facet normal -0.653104 -0.495396 0.572746
    outer loop
      vertex 76.2726 0 30.7854
      vertex 74.8551 2.4 31.2449
      vertex 75.825 0 30.275
    endloop
  endfacet
  facet normal -0.653127 -0.495404 0.572713
    outer loop
      vertex 74.8551 2.4 31.2449
      vertex 76.2726 0 30.7854
      vertex 75.3337 2.4 31.7907
    endloop
  endfacet
  facet normal 0.279104 -0.495423 0.822591
    outer loop
      vertex 66.4477 2.4 29.5726
      vertex 66.4054 0 28.1415
      vertex 66.7159 2.4 29.4816
    endloop
  endfacet
  facet normal 0.279189 -0.495412 0.822569
    outer loop
      vertex 66.4054 0 28.1415
      vertex 66.4477 2.4 29.5726
      vertex 65.9228 0 28.3053
    endloop
  endfacet
  facet normal 0.866786 -0.495407 0.0570496
    outer loop
      vertex 60.358 0 36.0226
      vertex 61.7514 2.4 35.693
      vertex 61.7328 2.4 35.9756
    endloop
  endfacet
  facet normal 0.866785 -0.495423 0.0569222
    outer loop
      vertex 61.7514 2.4 35.693
      vertex 60.358 0 36.0226
      vertex 60.3914 0 35.514
    endloop
  endfacet
  facet normal 0.779087 -0.495412 -0.384175
    outer loop
      vertex 61.0053 0 40.1772
      vertex 62.3978 2.4 39.9062
      vertex 61.2307 0 40.6343
    endloop
  endfacet
  facet normal 0.779087 -0.495413 -0.384174
    outer loop
      vertex 62.3978 2.4 39.9062
      vertex 61.0053 0 40.1772
      vertex 62.2726 2.4 39.6523
    endloop
  endfacet
  facet normal 0.572708 -0.495418 -0.653121
    outer loop
      vertex 63.8686 0 43.9087
      vertex 64.1578 2.4 42.3418
      vertex 64.7036 2.4 42.8204
    endloop
  endfacet
  facet normal 0.572741 -0.495408 -0.653099
    outer loop
      vertex 64.1578 2.4 42.3418
      vertex 63.8686 0 43.9087
      vertex 63.3582 0 43.4611
    endloop
  endfacet
  facet normal -0.653127 -0.495404 -0.572713
    outer loop
      vertex 76.2726 0 42.6146
      vertex 74.8551 2.4 42.1551
      vertex 75.3337 2.4 41.6093
    endloop
  endfacet
  facet normal -0.653104 -0.495396 -0.572746
    outer loop
      vertex 74.8551 2.4 42.1551
      vertex 76.2726 0 42.6146
      vertex 75.825 0 43.125
    endloop
  endfacet
  facet normal -0.866786 -0.495407 -0.0570496
    outer loop
      vertex 78.442 0 37.3774
      vertex 77.0486 2.4 37.707
      vertex 77.0672 2.4 37.4244
    endloop
  endfacet
  facet normal -0.866785 -0.495423 -0.0569222
    outer loop
      vertex 77.0486 2.4 37.707
      vertex 78.442 0 37.3774
      vertex 78.4086 0 37.886
    endloop
  endfacet
  facet normal -0.653057 -0.495408 0.572789
    outer loop
      vertex 76.6087 0 31.1686
      vertex 75.3337 2.4 31.7907
      vertex 76.2726 0 30.7854
    endloop
  endfacet
  facet normal -0.653102 -0.495417 0.57273
    outer loop
      vertex 75.3337 2.4 31.7907
      vertex 76.6087 0 31.1686
      vertex 75.5204 2.4 32.0036
    endloop
  endfacet
  facet normal -0.279189 -0.495412 0.822569
    outer loop
      vertex 72.3523 2.4 29.5726
      vertex 72.3946 0 28.1415
      vertex 72.8772 0 28.3053
    endloop
  endfacet
  facet normal -0.279104 -0.495423 0.822591
    outer loop
      vertex 72.3946 0 28.1415
      vertex 72.3523 2.4 29.5726
      vertex 72.0841 2.4 29.4816
    endloop
  endfacet
  facet normal -0.822572 -0.495412 0.279181
    outer loop
      vertex 78.0129 0 33.8657
      vertex 76.5274 2.4 33.7477
      vertex 77.7947 0 33.2228
    endloop
  endfacet
  facet normal -0.822557 -0.495398 0.279251
    outer loop
      vertex 76.5274 2.4 33.7477
      vertex 78.0129 0 33.8657
      vertex 76.7608 2.4 34.4352
    endloop
  endfacet
  facet normal 0.653127 -0.495404 0.572713
    outer loop
      vertex 62.5274 0 30.7854
      vertex 63.9449 2.4 31.2449
      vertex 63.4663 2.4 31.7907
    endloop
  endfacet
  facet normal 0.653104 -0.495396 0.572746
    outer loop
      vertex 63.9449 2.4 31.2449
      vertex 62.5274 0 30.7854
      vertex 62.975 0 30.275
    endloop
  endfacet
  facet normal 0.779064 -0.495412 -0.384222
    outer loop
      vertex 61.2307 0 40.6343
      vertex 62.7189 2.4 40.5573
      vertex 61.531 0 41.2432
    endloop
  endfacet
  facet normal 0.779069 -0.495414 -0.38421
    outer loop
      vertex 62.7189 2.4 40.5573
      vertex 61.2307 0 40.6343
      vertex 62.3978 2.4 39.9062
    endloop
  endfacet
  facet normal 0.85196 -0.495396 -0.169547
    outer loop
      vertex 60.4908 0 38.3859
      vertex 61.9482 2.4 38.6967
      vertex 60.6233 0 39.0517
    endloop
  endfacet
  facet normal 0.85197 -0.495417 -0.169437
    outer loop
      vertex 61.9482 2.4 38.6967
      vertex 60.4908 0 38.3859
      vertex 61.8066 2.4 37.9847
    endloop
  endfacet
  facet normal 0.822569 -0.495412 -0.279189
    outer loop
      vertex 60.8415 0 39.6946
      vertex 62.2726 2.4 39.6523
      vertex 61.0053 0 40.1772
    endloop
  endfacet
  facet normal 0.822591 -0.495423 -0.279104
    outer loop
      vertex 62.2726 2.4 39.6523
      vertex 60.8415 0 39.6946
      vertex 62.1816 2.4 39.3841
    endloop
  endfacet
  facet normal 0.384174 -0.495413 -0.779087
    outer loop
      vertex 65.9228 0 45.0947
      vertex 66.1938 2.4 43.7022
      vertex 66.4477 2.4 43.8274
    endloop
  endfacet
  facet normal 0.384175 -0.495412 -0.779087
    outer loop
      vertex 66.1938 2.4 43.7022
      vertex 65.9228 0 45.0947
      vertex 65.4657 0 44.8693
    endloop
  endfacet
  facet normal 0.169353 -0.495432 -0.851978
    outer loop
      vertex 67.5481 0 45.5762
      vertex 67.4033 2.4 44.1518
      vertex 67.681 2.4 44.207
    endloop
  endfacet
  facet normal 0.169605 -0.495398 -0.851948
    outer loop
      vertex 67.4033 2.4 44.1518
      vertex 67.5481 0 45.5762
      vertex 67.0483 0 45.4767
    endloop
  endfacet
  facet normal -0.0568137 -0.49542 -0.866793
    outer loop
      vertex 69.9086 0 45.753
      vertex 70.407 2.4 44.3486
      vertex 70.586 0 45.7086
    endloop
  endfacet
  facet normal -0.0568291 -0.495417 -0.866794
    outer loop
      vertex 70.407 2.4 44.3486
      vertex 69.9086 0 45.753
      vertex 69.6825 2.4 44.3961
    endloop
  endfacet
  facet normal -0.572792 -0.495398 -0.653062
    outer loop
      vertex 75.4418 0 43.4611
      vertex 74.8551 2.4 42.1551
      vertex 75.825 0 43.125
    endloop
  endfacet
  facet normal -0.572733 -0.495408 -0.653106
    outer loop
      vertex 74.8551 2.4 42.1551
      vertex 75.4418 0 43.4611
      vertex 74.6422 2.4 42.3418
    endloop
  endfacet
  facet normal -0.822557 -0.495398 -0.279251
    outer loop
      vertex 78.0129 0 39.5343
      vertex 76.5274 2.4 39.6523
      vertex 76.7608 2.4 38.9648
    endloop
  endfacet
  facet normal -0.822572 -0.495412 -0.279181
    outer loop
      vertex 76.5274 2.4 39.6523
      vertex 78.0129 0 39.5343
      vertex 77.7947 0 40.1772
    endloop
  endfacet
  facet normal -0.279181 -0.495412 -0.822572
    outer loop
      vertex 72.2343 0 45.3129
      vertex 72.3523 2.4 43.8274
      vertex 72.8772 0 45.0947
    endloop
  endfacet
  facet normal -0.279251 -0.495398 -0.822557
    outer loop
      vertex 72.3523 2.4 43.8274
      vertex 72.2343 0 45.3129
      vertex 71.6648 2.4 44.0608
    endloop
  endfacet
  facet normal -0.822575 -0.495395 -0.279203
    outer loop
      vertex 78.1767 0 39.0517
      vertex 76.7608 2.4 38.9648
      vertex 76.8518 2.4 38.6967
    endloop
  endfacet
  facet normal -0.822578 -0.495396 -0.279192
    outer loop
      vertex 76.7608 2.4 38.9648
      vertex 78.1767 0 39.0517
      vertex 78.0129 0 39.5343
    endloop
  endfacet
  facet normal -0.722319 -0.495416 0.482512
    outer loop
      vertex 76.8918 0 31.5924
      vertex 75.5204 2.4 32.0036
      vertex 76.6087 0 31.1686
    endloop
  endfacet
  facet normal -0.722338 -0.495421 0.482479
    outer loop
      vertex 75.5204 2.4 32.0036
      vertex 76.8918 0 31.5924
      vertex 75.6777 2.4 32.2391
    endloop
  endfacet
  facet normal -0.572789 -0.495408 0.653057
    outer loop
      vertex 74.3093 2.4 30.7663
      vertex 74.9314 0 29.4913
      vertex 75.3146 0 29.8274
    endloop
  endfacet
  facet normal -0.57273 -0.495417 0.653102
    outer loop
      vertex 74.9314 0 29.4913
      vertex 74.3093 2.4 30.7663
      vertex 74.0964 2.4 30.5796
    endloop
  endfacet
  facet normal -0.0567177 -0.495421 0.866799
    outer loop
      vertex 69.4 2.4 28.9854
      vertex 70.0774 0 27.658
      vertex 70.1244 2.4 29.0328
    endloop
  endfacet
  facet normal -0.0568131 -0.495439 0.866783
    outer loop
      vertex 70.0774 0 27.658
      vertex 69.4 2.4 28.9854
      vertex 69.4 0 27.6136
    endloop
  endfacet
  facet normal -0.169547 -0.495396 0.85196
    outer loop
      vertex 71.3967 2.4 29.2482
      vertex 71.0859 0 27.7908
      vertex 71.7517 0 27.9233
    endloop
  endfacet
  facet normal -0.169437 -0.495417 0.85197
    outer loop
      vertex 71.0859 0 27.7908
      vertex 71.3967 2.4 29.2482
      vertex 70.6847 2.4 29.1066
    endloop
  endfacet
  facet normal -0.85196 -0.495396 0.169547
    outer loop
      vertex 78.3092 0 35.0141
      vertex 76.8518 2.4 34.7033
      vertex 78.1767 0 34.3483
    endloop
  endfacet
  facet normal -0.85197 -0.495417 0.169437
    outer loop
      vertex 76.8518 2.4 34.7033
      vertex 78.3092 0 35.0141
      vertex 76.9934 2.4 35.4153
    endloop
  endfacet
  facet normal -0.822578 -0.495396 0.279192
    outer loop
      vertex 78.1767 0 34.3483
      vertex 76.7608 2.4 34.4352
      vertex 78.0129 0 33.8657
    endloop
  endfacet
  facet normal -0.822575 -0.495395 0.279203
    outer loop
      vertex 76.7608 2.4 34.4352
      vertex 78.1767 0 34.3483
      vertex 76.8518 2.4 34.7033
    endloop
  endfacet
  facet normal 0.653102 -0.495417 0.57273
    outer loop
      vertex 62.1913 0 31.1686
      vertex 63.4663 2.4 31.7907
      vertex 63.2796 2.4 32.0036
    endloop
  endfacet
  facet normal 0.653057 -0.495408 0.572789
    outer loop
      vertex 63.4663 2.4 31.7907
      vertex 62.1913 0 31.1686
      vertex 62.5274 0 30.7854
    endloop
  endfacet
  facet normal 0.0570496 -0.495407 0.866786
    outer loop
      vertex 68.393 2.4 29.0514
      vertex 68.7226 0 27.658
      vertex 68.6756 2.4 29.0328
    endloop
  endfacet
  facet normal 0.0569222 -0.495423 0.866785
    outer loop
      vertex 68.7226 0 27.658
      vertex 68.393 2.4 29.0514
      vertex 68.214 0 27.6914
    endloop
  endfacet
  facet normal 0.384174 -0.495413 0.779087
    outer loop
      vertex 66.1938 2.4 29.6978
      vertex 65.9228 0 28.3053
      vertex 66.4477 2.4 29.5726
    endloop
  endfacet
  facet normal 0.384175 -0.495412 0.779087
    outer loop
      vertex 65.9228 0 28.3053
      vertex 66.1938 2.4 29.6978
      vertex 65.4657 0 28.5307
    endloop
  endfacet
  facet normal 0.38421 -0.495414 0.779069
    outer loop
      vertex 65.5427 2.4 30.0189
      vertex 65.4657 0 28.5307
      vertex 66.1938 2.4 29.6978
    endloop
  endfacet
  facet normal 0.384222 -0.495412 0.779064
    outer loop
      vertex 65.4657 0 28.5307
      vertex 65.5427 2.4 30.0189
      vertex 64.8568 0 28.831
    endloop
  endfacet
  facet normal 0.722211 -0.495421 -0.482668
    outer loop
      vertex 61.8141 0 41.667
      vertex 63.2796 2.4 41.3964
      vertex 62.1913 0 42.2314
    endloop
  endfacet
  facet normal 0.72221 -0.495421 -0.48267
    outer loop
      vertex 63.2796 2.4 41.3964
      vertex 61.8141 0 41.667
      vertex 62.8762 2.4 40.7928
    endloop
  endfacet
  facet normal 0.822568 -0.49542 -0.279179
    outer loop
      vertex 60.6233 0 39.0517
      vertex 62.1816 2.4 39.3841
      vertex 60.8415 0 39.6946
    endloop
  endfacet
  facet normal 0.822548 -0.495392 -0.279288
    outer loop
      vertex 62.1816 2.4 39.3841
      vertex 60.6233 0 39.0517
      vertex 61.9482 2.4 38.6967
    endloop
  endfacet
  facet normal 0.866799 -0.495421 -0.0567177
    outer loop
      vertex 60.358 0 37.3774
      vertex 61.6854 2.4 36.7
      vertex 61.7328 2.4 37.4244
    endloop
  endfacet
  facet normal 0.866783 -0.495439 -0.0568131
    outer loop
      vertex 61.6854 2.4 36.7
      vertex 60.358 0 37.3774
      vertex 60.3136 0 36.7
    endloop
  endfacet
  facet normal 0.866785 -0.495423 -0.0569222
    outer loop
      vertex 60.358 0 37.3774
      vertex 61.7514 2.4 37.707
      vertex 60.3914 0 37.886
    endloop
  endfacet
  facet normal 0.866786 -0.495407 -0.0570496
    outer loop
      vertex 61.7514 2.4 37.707
      vertex 60.358 0 37.3774
      vertex 61.7328 2.4 37.4244
    endloop
  endfacet
  facet normal 0.851977 -0.495416 -0.169407
    outer loop
      vertex 60.3914 0 37.886
      vertex 61.8066 2.4 37.9847
      vertex 60.4908 0 38.3859
    endloop
  endfacet
  facet normal 0.851984 -0.495422 -0.169354
    outer loop
      vertex 61.8066 2.4 37.9847
      vertex 60.3914 0 37.886
      vertex 61.7514 2.4 37.707
    endloop
  endfacet
  facet normal 0.0567629 -0.49544 -0.866785
    outer loop
      vertex 69.4 0 45.7864
      vertex 69.1175 2.4 44.3961
      vertex 69.4 2.4 44.4146
    endloop
  endfacet
  facet normal 0.0569222 -0.495421 -0.866786
    outer loop
      vertex 69.1175 2.4 44.3961
      vertex 69.4 0 45.7864
      vertex 68.8914 0 45.753
    endloop
  endfacet
  facet normal 0.279203 -0.495395 -0.822575
    outer loop
      vertex 67.0483 0 45.4767
      vertex 67.1352 2.4 44.0608
      vertex 67.4033 2.4 44.1518
    endloop
  endfacet
  facet normal 0.279192 -0.495396 -0.822578
    outer loop
      vertex 67.1352 2.4 44.0608
      vertex 67.0483 0 45.4767
      vertex 66.5657 0 45.3129
    endloop
  endfacet
  facet normal 0.482479 -0.495421 -0.722338
    outer loop
      vertex 64.2924 0 44.1918
      vertex 64.7036 2.4 42.8204
      vertex 64.9391 2.4 42.9777
    endloop
  endfacet
  facet normal 0.482512 -0.495416 -0.722319
    outer loop
      vertex 64.7036 2.4 42.8204
      vertex 64.2924 0 44.1918
      vertex 63.8686 0 43.9087
    endloop
  endfacet
  facet normal -0.0569222 -0.495421 -0.866786
    outer loop
      vertex 69.4 0 45.7864
      vertex 69.6825 2.4 44.3961
      vertex 69.9086 0 45.753
    endloop
  endfacet
  facet normal -0.0567629 -0.49544 -0.866785
    outer loop
      vertex 69.6825 2.4 44.3961
      vertex 69.4 0 45.7864
      vertex 69.4 2.4 44.4146
    endloop
  endfacet
  facet normal -0.72234 -0.495417 -0.48248
    outer loop
      vertex 77.269 0 41.2432
      vertex 75.9238 2.4 40.7928
      vertex 76.0811 2.4 40.5573
    endloop
  endfacet
  facet normal -0.722321 -0.495413 -0.482513
    outer loop
      vertex 75.9238 2.4 40.7928
      vertex 77.269 0 41.2432
      vertex 76.9859 0 41.667
    endloop
  endfacet
  facet normal -0.384222 -0.495412 -0.779064
    outer loop
      vertex 73.3343 0 44.8693
      vertex 73.2573 2.4 43.3811
      vertex 73.9432 0 44.569
    endloop
  endfacet
  facet normal -0.38421 -0.495414 -0.779069
    outer loop
      vertex 73.2573 2.4 43.3811
      vertex 73.3343 0 44.8693
      vertex 72.6062 2.4 43.7022
    endloop
  endfacet
  facet normal -0.384175 -0.495412 -0.779087
    outer loop
      vertex 72.8772 0 45.0947
      vertex 72.6062 2.4 43.7022
      vertex 73.3343 0 44.8693
    endloop
  endfacet
  facet normal -0.384174 -0.495413 -0.779087
    outer loop
      vertex 72.6062 2.4 43.7022
      vertex 72.8772 0 45.0947
      vertex 72.3523 2.4 43.8274
    endloop
  endfacet
  facet normal -0.48259 -0.495418 -0.722266
    outer loop
      vertex 74.5077 0 44.1918
      vertex 74.0964 2.4 42.8204
      vertex 74.9314 0 43.9087
    endloop
  endfacet
  facet normal -0.482474 -0.495436 -0.722331
    outer loop
      vertex 74.0964 2.4 42.8204
      vertex 74.5077 0 44.1918
      vertex 73.8609 2.4 42.9777
    endloop
  endfacet
  facet normal -0.572741 -0.495408 -0.653099
    outer loop
      vertex 74.9314 0 43.9087
      vertex 74.6422 2.4 42.3418
      vertex 75.4418 0 43.4611
    endloop
  endfacet
  facet normal -0.572708 -0.495418 -0.653121
    outer loop
      vertex 74.6422 2.4 42.3418
      vertex 74.9314 0 43.9087
      vertex 74.0964 2.4 42.8204
    endloop
  endfacet
  facet normal -0.169573 -0.495397 -0.851955
    outer loop
      vertex 71.2518 0 45.5762
      vertex 71.3967 2.4 44.1518
      vertex 71.7517 0 45.4767
    endloop
  endfacet
  facet normal -0.169353 -0.495426 -0.851981
    outer loop
      vertex 71.3967 2.4 44.1518
      vertex 71.2518 0 45.5762
      vertex 71.119 2.4 44.207
    endloop
  endfacet
  facet normal -0.279192 -0.495396 -0.822578
    outer loop
      vertex 71.7517 0 45.4767
      vertex 71.6648 2.4 44.0608
      vertex 72.2343 0 45.3129
    endloop
  endfacet
  facet normal -0.279203 -0.495395 -0.822575
    outer loop
      vertex 71.6648 2.4 44.0608
      vertex 71.7517 0 45.4767
      vertex 71.3967 2.4 44.1518
    endloop
  endfacet
  facet normal -0.85197 -0.495417 -0.169437
    outer loop
      vertex 78.3092 0 38.3859
      vertex 76.8518 2.4 38.6967
      vertex 76.9934 2.4 37.9847
    endloop
  endfacet
  facet normal -0.85196 -0.495396 -0.169547
    outer loop
      vertex 76.8518 2.4 38.6967
      vertex 78.3092 0 38.3859
      vertex 78.1767 0 39.0517
    endloop
  endfacet
  facet normal -0.779088 -0.49541 0.384175
    outer loop
      vertex 77.4944 0 32.6139
      vertex 76.0811 2.4 32.8427
      vertex 77.269 0 32.1568
    endloop
  endfacet
  facet normal -0.779088 -0.49541 0.384174
    outer loop
      vertex 76.0811 2.4 32.8427
      vertex 77.4944 0 32.6139
      vertex 76.2063 2.4 33.0966
    endloop
  endfacet
  facet normal -0.722216 -0.495411 0.482672
    outer loop
      vertex 77.269 0 32.1568
      vertex 75.6777 2.4 32.2391
      vertex 76.8918 0 31.5924
    endloop
  endfacet
  facet normal -0.722215 -0.49541 0.482673
    outer loop
      vertex 75.6777 2.4 32.2391
      vertex 77.269 0 32.1568
      vertex 76.0811 2.4 32.8427
    endloop
  endfacet
  facet normal -0.48259 -0.495418 0.722266
    outer loop
      vertex 74.0964 2.4 30.5796
      vertex 74.5077 0 29.2082
      vertex 74.9314 0 29.4913
    endloop
  endfacet
  facet normal -0.482474 -0.495436 0.722331
    outer loop
      vertex 74.5077 0 29.2082
      vertex 74.0964 2.4 30.5796
      vertex 73.8609 2.4 30.4223
    endloop
  endfacet
  facet normal -0.866799 -0.495421 0.0567177
    outer loop
      vertex 78.442 0 36.0226
      vertex 77.1146 2.4 36.7
      vertex 77.0672 2.4 35.9756
    endloop
  endfacet
  facet normal -0.866783 -0.495439 0.0568131
    outer loop
      vertex 77.1146 2.4 36.7
      vertex 78.442 0 36.0226
      vertex 78.4864 0 36.7
    endloop
  endfacet
  facet normal -0.866785 -0.495423 0.0569222
    outer loop
      vertex 78.442 0 36.0226
      vertex 77.0486 2.4 35.693
      vertex 78.4086 0 35.514
    endloop
  endfacet
  facet normal -0.866786 -0.495407 0.0570496
    outer loop
      vertex 77.0486 2.4 35.693
      vertex 78.442 0 36.0226
      vertex 77.0672 2.4 35.9756
    endloop
  endfacet
  facet normal -0.851977 -0.495416 0.169407
    outer loop
      vertex 78.4086 0 35.514
      vertex 76.9934 2.4 35.4153
      vertex 78.3092 0 35.0141
    endloop
  endfacet
  facet normal -0.851984 -0.495422 0.169354
    outer loop
      vertex 76.9934 2.4 35.4153
      vertex 78.4086 0 35.514
      vertex 77.0486 2.4 35.693
    endloop
  endfacet
  facet normal 0.851984 -0.495422 0.169354
    outer loop
      vertex 60.3914 0 35.514
      vertex 61.8066 2.4 35.4153
      vertex 61.7514 2.4 35.693
    endloop
  endfacet
  facet normal 0.851977 -0.495416 0.169407
    outer loop
      vertex 61.8066 2.4 35.4153
      vertex 60.3914 0 35.514
      vertex 60.4908 0 35.0141
    endloop
  endfacet
  facet normal 0.822591 -0.495423 0.279104
    outer loop
      vertex 60.8415 0 33.7054
      vertex 62.2726 2.4 33.7477
      vertex 62.1816 2.4 34.0159
    endloop
  endfacet
  facet normal 0.822569 -0.495412 0.279189
    outer loop
      vertex 62.2726 2.4 33.7477
      vertex 60.8415 0 33.7054
      vertex 61.0053 0 33.2228
    endloop
  endfacet
  facet normal 0.722338 -0.495421 0.482479
    outer loop
      vertex 61.9082 0 31.5924
      vertex 63.2796 2.4 32.0036
      vertex 63.1223 2.4 32.2391
    endloop
  endfacet
  facet normal 0.722319 -0.495416 0.482512
    outer loop
      vertex 63.2796 2.4 32.0036
      vertex 61.9082 0 31.5924
      vertex 62.1913 0 31.1686
    endloop
  endfacet
  facet normal 0.722215 -0.49541 0.482673
    outer loop
      vertex 61.531 0 32.1568
      vertex 63.1223 2.4 32.2391
      vertex 62.7189 2.4 32.8427
    endloop
  endfacet
  facet normal 0.722216 -0.495411 0.482672
    outer loop
      vertex 63.1223 2.4 32.2391
      vertex 61.531 0 32.1568
      vertex 61.9082 0 31.5924
    endloop
  endfacet
  facet normal 0.169354 -0.495422 0.851984
    outer loop
      vertex 68.1153 2.4 29.1066
      vertex 68.214 0 27.6914
      vertex 68.393 2.4 29.0514
    endloop
  endfacet
  facet normal 0.169407 -0.495416 0.851977
    outer loop
      vertex 68.214 0 27.6914
      vertex 68.1153 2.4 29.1066
      vertex 67.7141 0 27.7908
    endloop
  endfacet
  facet normal 0.57273 -0.495417 0.653102
    outer loop
      vertex 64.4907 2.4 30.7663
      vertex 63.8686 0 29.4913
      vertex 64.7036 2.4 30.5796
    endloop
  endfacet
  facet normal 0.572789 -0.495408 0.653057
    outer loop
      vertex 63.8686 0 29.4913
      vertex 64.4907 2.4 30.7663
      vertex 63.4854 0 29.8274
    endloop
  endfacet
  facet normal 0.572713 -0.495404 0.653127
    outer loop
      vertex 63.9449 2.4 31.2449
      vertex 63.4854 0 29.8274
      vertex 64.4907 2.4 30.7663
    endloop
  endfacet
  facet normal 0.572746 -0.495396 0.653104
    outer loop
      vertex 63.4854 0 29.8274
      vertex 63.9449 2.4 31.2449
      vertex 62.975 0 30.275
    endloop
  endfacet
  facet normal 0.722321 -0.495413 -0.482513
    outer loop
      vertex 61.531 0 41.2432
      vertex 62.8762 2.4 40.7928
      vertex 61.8141 0 41.667
    endloop
  endfacet
  facet normal 0.72234 -0.495417 -0.48248
    outer loop
      vertex 62.8762 2.4 40.7928
      vertex 61.531 0 41.2432
      vertex 62.7189 2.4 40.5573
    endloop
  endfacet
  facet normal 0.279251 -0.495398 -0.822557
    outer loop
      vertex 66.5657 0 45.3129
      vertex 66.4477 2.4 43.8274
      vertex 67.1352 2.4 44.0608
    endloop
  endfacet
  facet normal 0.279181 -0.495412 -0.822572
    outer loop
      vertex 66.4477 2.4 43.8274
      vertex 66.5657 0 45.3129
      vertex 65.9228 0 45.0947
    endloop
  endfacet
  facet normal 0.482673 -0.49541 -0.722215
    outer loop
      vertex 64.8568 0 44.569
      vertex 64.9391 2.4 42.9777
      vertex 65.5427 2.4 43.3811
    endloop
  endfacet
  facet normal 0.482672 -0.495411 -0.722216
    outer loop
      vertex 64.9391 2.4 42.9777
      vertex 64.8568 0 44.569
      vertex 64.2924 0 44.1918
    endloop
  endfacet
  facet normal 0.38421 -0.495414 -0.779069
    outer loop
      vertex 65.4657 0 44.8693
      vertex 65.5427 2.4 43.3811
      vertex 66.1938 2.4 43.7022
    endloop
  endfacet
  facet normal 0.384222 -0.495412 -0.779064
    outer loop
      vertex 65.5427 2.4 43.3811
      vertex 65.4657 0 44.8693
      vertex 64.8568 0 44.569
    endloop
  endfacet
  facet normal -0.779088 -0.49541 -0.384174
    outer loop
      vertex 77.4944 0 40.7861
      vertex 76.0811 2.4 40.5573
      vertex 76.2063 2.4 40.3034
    endloop
  endfacet
  facet normal -0.779088 -0.49541 -0.384175
    outer loop
      vertex 76.0811 2.4 40.5573
      vertex 77.4944 0 40.7861
      vertex 77.269 0 41.2432
    endloop
  endfacet
  facet normal -0.77907 -0.495411 -0.38421
    outer loop
      vertex 77.7947 0 40.1772
      vertex 76.2063 2.4 40.3034
      vertex 76.5274 2.4 39.6523
    endloop
  endfacet
  facet normal -0.779066 -0.495408 -0.384223
    outer loop
      vertex 76.2063 2.4 40.3034
      vertex 77.7947 0 40.1772
      vertex 77.4944 0 40.7861
    endloop
  endfacet
  facet normal -0.482607 -0.495429 -0.722247
    outer loop
      vertex 73.9432 0 44.569
      vertex 73.8609 2.4 42.9777
      vertex 74.5077 0 44.1918
    endloop
  endfacet
  facet normal -0.482673 -0.49541 -0.722215
    outer loop
      vertex 73.8609 2.4 42.9777
      vertex 73.9432 0 44.569
      vertex 73.2573 2.4 43.3811
    endloop
  endfacet
  facet normal -0.169421 -0.495423 -0.85197
    outer loop
      vertex 70.586 0 45.7086
      vertex 71.119 2.4 44.207
      vertex 71.2518 0 45.5762
    endloop
  endfacet
  facet normal -0.169436 -0.495419 -0.851969
    outer loop
      vertex 71.119 2.4 44.207
      vertex 70.586 0 45.7086
      vertex 70.407 2.4 44.3486
    endloop
  endfacet
  facet normal -0.779066 -0.495408 0.384223
    outer loop
      vertex 77.7947 0 33.2228
      vertex 76.2063 2.4 33.0966
      vertex 77.4944 0 32.6139
    endloop
  endfacet
  facet normal -0.77907 -0.495411 0.38421
    outer loop
      vertex 76.2063 2.4 33.0966
      vertex 77.7947 0 33.2228
      vertex 76.5274 2.4 33.7477
    endloop
  endfacet
  facet normal -0.482607 -0.495429 0.722247
    outer loop
      vertex 73.8609 2.4 30.4223
      vertex 73.9432 0 28.831
      vertex 74.5077 0 29.2082
    endloop
  endfacet
  facet normal -0.482673 -0.49541 0.722215
    outer loop
      vertex 73.9432 0 28.831
      vertex 73.8609 2.4 30.4223
      vertex 73.2573 2.4 30.0189
    endloop
  endfacet
  facet normal -0.384222 -0.495412 0.779064
    outer loop
      vertex 73.2573 2.4 30.0189
      vertex 73.3343 0 28.5307
      vertex 73.9432 0 28.831
    endloop
  endfacet
  facet normal -0.38421 -0.495414 0.779069
    outer loop
      vertex 73.3343 0 28.5307
      vertex 73.2573 2.4 30.0189
      vertex 72.6062 2.4 29.6978
    endloop
  endfacet
  facet normal -0.384175 -0.495412 0.779087
    outer loop
      vertex 72.6062 2.4 29.6978
      vertex 72.8772 0 28.3053
      vertex 73.3343 0 28.5307
    endloop
  endfacet
  facet normal -0.384174 -0.495413 0.779087
    outer loop
      vertex 72.8772 0 28.3053
      vertex 72.6062 2.4 29.6978
      vertex 72.3523 2.4 29.5726
    endloop
  endfacet
  facet normal -0.169407 -0.495416 0.851977
    outer loop
      vertex 70.6847 2.4 29.1066
      vertex 70.586 0 27.6914
      vertex 71.0859 0 27.7908
    endloop
  endfacet
  facet normal -0.169354 -0.495422 0.851984
    outer loop
      vertex 70.586 0 27.6914
      vertex 70.6847 2.4 29.1066
      vertex 70.407 2.4 29.0514
    endloop
  endfacet
  facet normal -0.0570496 -0.495407 0.866786
    outer loop
      vertex 70.0774 0 27.658
      vertex 70.407 2.4 29.0514
      vertex 70.1244 2.4 29.0328
    endloop
  endfacet
  facet normal -0.0569222 -0.495423 0.866785
    outer loop
      vertex 70.407 2.4 29.0514
      vertex 70.0774 0 27.658
      vertex 70.586 0 27.6914
    endloop
  endfacet
  facet normal 0.779069 -0.495414 0.38421
    outer loop
      vertex 61.2307 0 32.7657
      vertex 62.7189 2.4 32.8427
      vertex 62.3978 2.4 33.4938
    endloop
  endfacet
  facet normal 0.779064 -0.495412 0.384222
    outer loop
      vertex 62.7189 2.4 32.8427
      vertex 61.2307 0 32.7657
      vertex 61.531 0 32.1568
    endloop
  endfacet
  facet normal 0.779087 -0.495413 0.384174
    outer loop
      vertex 61.0053 0 33.2228
      vertex 62.3978 2.4 33.4938
      vertex 62.2726 2.4 33.7477
    endloop
  endfacet
  facet normal 0.779087 -0.495412 0.384175
    outer loop
      vertex 62.3978 2.4 33.4938
      vertex 61.0053 0 33.2228
      vertex 61.2307 0 32.7657
    endloop
  endfacet
  facet normal 0.0568131 -0.495439 0.866783
    outer loop
      vertex 69.4 2.4 28.9854
      vertex 68.7226 0 27.658
      vertex 69.4 0 27.6136
    endloop
  endfacet
  facet normal 0.0567177 -0.495421 0.866799
    outer loop
      vertex 68.7226 0 27.658
      vertex 69.4 2.4 28.9854
      vertex 68.6756 2.4 29.0328
    endloop
  endfacet
  facet normal 0.482673 -0.49541 0.722215
    outer loop
      vertex 64.9391 2.4 30.4223
      vertex 64.8568 0 28.831
      vertex 65.5427 2.4 30.0189
    endloop
  endfacet
  facet normal 0.482672 -0.495411 0.722216
    outer loop
      vertex 64.8568 0 28.831
      vertex 64.9391 2.4 30.4223
      vertex 64.2924 0 29.2082
    endloop
  endfacet
  facet normal 0.482479 -0.495421 0.722338
    outer loop
      vertex 64.7036 2.4 30.5796
      vertex 64.2924 0 29.2082
      vertex 64.9391 2.4 30.4223
    endloop
  endfacet
  facet normal 0.482512 -0.495416 0.722319
    outer loop
      vertex 64.2924 0 29.2082
      vertex 64.7036 2.4 30.5796
      vertex 63.8686 0 29.4913
    endloop
  endfacet
  facet normal 0.653057 -0.495408 -0.572789
    outer loop
      vertex 62.1913 0 42.2314
      vertex 63.4663 2.4 41.6093
      vertex 62.5274 0 42.6146
    endloop
  endfacet
  facet normal 0.653102 -0.495417 -0.57273
    outer loop
      vertex 63.4663 2.4 41.6093
      vertex 62.1913 0 42.2314
      vertex 63.2796 2.4 41.3964
    endloop
  endfacet
  facet normal 0.653104 -0.495396 -0.572746
    outer loop
      vertex 62.5274 0 42.6146
      vertex 63.9449 2.4 42.1551
      vertex 62.975 0 43.125
    endloop
  endfacet
  facet normal 0.653127 -0.495404 -0.572713
    outer loop
      vertex 63.9449 2.4 42.1551
      vertex 62.5274 0 42.6146
      vertex 63.4663 2.4 41.6093
    endloop
  endfacet
  facet normal 0.169436 -0.495419 -0.851969
    outer loop
      vertex 68.214 0 45.7086
      vertex 67.681 2.4 44.207
      vertex 68.393 2.4 44.3486
    endloop
  endfacet
  facet normal 0.169396 -0.49543 -0.851971
    outer loop
      vertex 67.681 2.4 44.207
      vertex 68.214 0 45.7086
      vertex 67.5481 0 45.5762
    endloop
  endfacet
  facet normal 0.0568291 -0.495417 -0.866794
    outer loop
      vertex 68.8914 0 45.753
      vertex 68.393 2.4 44.3486
      vertex 69.1175 2.4 44.3961
    endloop
  endfacet
  facet normal 0.0568137 -0.49542 -0.866793
    outer loop
      vertex 68.393 2.4 44.3486
      vertex 68.8914 0 45.753
      vertex 68.214 0 45.7086
    endloop
  endfacet
  facet normal -0.72221 -0.495421 -0.48267
    outer loop
      vertex 76.9859 0 41.667
      vertex 75.5204 2.4 41.3964
      vertex 75.9238 2.4 40.7928
    endloop
  endfacet
  facet normal -0.722211 -0.495421 -0.482668
    outer loop
      vertex 75.5204 2.4 41.3964
      vertex 76.9859 0 41.667
      vertex 76.6087 0 42.2314
    endloop
  endfacet
  facet normal -0.279179 -0.49542 0.822568
    outer loop
      vertex 72.0841 2.4 29.4816
      vertex 71.7517 0 27.9233
      vertex 72.3946 0 28.1415
    endloop
  endfacet
  facet normal -0.279288 -0.495392 0.822548
    outer loop
      vertex 71.7517 0 27.9233
      vertex 72.0841 2.4 29.4816
      vertex 71.3967 2.4 29.2482
    endloop
  endfacet
  facet normal 0.822548 -0.495392 0.279288
    outer loop
      vertex 60.6233 0 34.3483
      vertex 62.1816 2.4 34.0159
      vertex 61.9482 2.4 34.7033
    endloop
  endfacet
  facet normal 0.822568 -0.49542 0.279179
    outer loop
      vertex 62.1816 2.4 34.0159
      vertex 60.6233 0 34.3483
      vertex 60.8415 0 33.7054
    endloop
  endfacet
  facet normal 0.85197 -0.495417 0.169437
    outer loop
      vertex 60.4908 0 35.0141
      vertex 61.9482 2.4 34.7033
      vertex 61.8066 2.4 35.4153
    endloop
  endfacet
  facet normal 0.85196 -0.495396 0.169547
    outer loop
      vertex 61.9482 2.4 34.7033
      vertex 60.4908 0 35.0141
      vertex 60.6233 0 34.3483
    endloop
  endfacet
  facet normal 0.169437 -0.495417 0.85197
    outer loop
      vertex 67.4033 2.4 29.2482
      vertex 67.7141 0 27.7908
      vertex 68.1153 2.4 29.1066
    endloop
  endfacet
  facet normal 0.169547 -0.495396 0.85196
    outer loop
      vertex 67.7141 0 27.7908
      vertex 67.4033 2.4 29.2482
      vertex 67.0483 0 27.9233
    endloop
  endfacet
  facet normal 0.279288 -0.495392 0.822548
    outer loop
      vertex 66.7159 2.4 29.4816
      vertex 67.0483 0 27.9233
      vertex 67.4033 2.4 29.2482
    endloop
  endfacet
  facet normal 0.279179 -0.49542 0.822568
    outer loop
      vertex 67.0483 0 27.9233
      vertex 66.7159 2.4 29.4816
      vertex 66.4054 0 28.1415
    endloop
  endfacet
  facet normal -0.99144 0 0.130565
    outer loop
      vertex 85.7807 161.4 14.0941
      vertex 85.9 163.8 15
      vertex 85.7807 163.8 14.0941
    endloop
  endfacet
  facet normal -0.99144 0 0.130565
    outer loop
      vertex 85.9 163.8 15
      vertex 85.7807 161.4 14.0941
      vertex 85.9 161.4 15
    endloop
  endfacet
  facet normal 0.99144 -0 0.130565
    outer loop
      vertex 78.9 161.4 15
      vertex 79.0193 163.8 14.0941
      vertex 78.9 163.8 15
    endloop
  endfacet
  facet normal 0.99144 0 0.130565
    outer loop
      vertex 79.0193 163.8 14.0941
      vertex 78.9 161.4 15
      vertex 79.0193 161.4 14.0941
    endloop
  endfacet
  facet normal 0.130565 0 0.99144
    outer loop
      vertex 81.4941 163.8 11.6193
      vertex 82.4 161.4 11.5
      vertex 82.4 163.8 11.5
    endloop
  endfacet
  facet normal 0.130565 0 0.99144
    outer loop
      vertex 82.4 161.4 11.5
      vertex 81.4941 163.8 11.6193
      vertex 81.4941 161.4 11.6193
    endloop
  endfacet
  facet normal -0.608737 0 0.793372
    outer loop
      vertex 84.15 163.8 11.9689
      vertex 84.8749 161.4 12.5251
      vertex 84.8749 163.8 12.5251
    endloop
  endfacet
  facet normal -0.608737 0 0.793372
    outer loop
      vertex 84.8749 161.4 12.5251
      vertex 84.15 163.8 11.9689
      vertex 84.15 161.4 11.9689
    endloop
  endfacet
  facet normal -0.382648 0 0.923894
    outer loop
      vertex 83.3059 163.8 11.6193
      vertex 84.15 161.4 11.9689
      vertex 84.15 163.8 11.9689
    endloop
  endfacet
  facet normal -0.382648 0 0.923894
    outer loop
      vertex 84.15 161.4 11.9689
      vertex 83.3059 163.8 11.6193
      vertex 83.3059 161.4 11.6193
    endloop
  endfacet
  facet normal 0.608737 0 0.793372
    outer loop
      vertex 79.9251 163.8 12.5251
      vertex 80.65 161.4 11.9689
      vertex 80.65 163.8 11.9689
    endloop
  endfacet
  facet normal 0.608737 0 0.793372
    outer loop
      vertex 80.65 161.4 11.9689
      vertex 79.9251 163.8 12.5251
      vertex 79.9251 161.4 12.5251
    endloop
  endfacet
  facet normal 0.382648 0 0.923894
    outer loop
      vertex 80.65 163.8 11.9689
      vertex 81.4941 161.4 11.6193
      vertex 81.4941 163.8 11.6193
    endloop
  endfacet
  facet normal 0.382648 0 0.923894
    outer loop
      vertex 81.4941 161.4 11.6193
      vertex 80.65 163.8 11.9689
      vertex 80.65 161.4 11.9689
    endloop
  endfacet
  facet normal -0.923894 0 -0.382648
    outer loop
      vertex 85.7807 161.4 15.9059
      vertex 85.4311 163.8 16.75
      vertex 85.7807 163.8 15.9059
    endloop
  endfacet
  facet normal -0.923894 -0 -0.382648
    outer loop
      vertex 85.4311 163.8 16.75
      vertex 85.7807 161.4 15.9059
      vertex 85.4311 161.4 16.75
    endloop
  endfacet
  facet normal 0.608737 0 -0.793372
    outer loop
      vertex 79.9251 161.4 17.4749
      vertex 80.65 163.8 18.0311
      vertex 80.65 161.4 18.0311
    endloop
  endfacet
  facet normal 0.608737 0 -0.793372
    outer loop
      vertex 80.65 163.8 18.0311
      vertex 79.9251 161.4 17.4749
      vertex 79.9251 163.8 17.4749
    endloop
  endfacet
  facet normal -0.793372 0 0.608737
    outer loop
      vertex 84.8749 161.4 12.5251
      vertex 85.4311 163.8 13.25
      vertex 84.8749 163.8 12.5251
    endloop
  endfacet
  facet normal -0.793372 0 0.608737
    outer loop
      vertex 85.4311 163.8 13.25
      vertex 84.8749 161.4 12.5251
      vertex 85.4311 161.4 13.25
    endloop
  endfacet
  facet normal -0.923894 0 0.382648
    outer loop
      vertex 85.4311 161.4 13.25
      vertex 85.7807 163.8 14.0941
      vertex 85.4311 163.8 13.25
    endloop
  endfacet
  facet normal -0.923894 0 0.382648
    outer loop
      vertex 85.7807 163.8 14.0941
      vertex 85.4311 161.4 13.25
      vertex 85.7807 161.4 14.0941
    endloop
  endfacet
  facet normal -0.130565 0 0.99144
    outer loop
      vertex 82.4 163.8 11.5
      vertex 83.3059 161.4 11.6193
      vertex 83.3059 163.8 11.6193
    endloop
  endfacet
  facet normal -0.130565 0 0.99144
    outer loop
      vertex 83.3059 161.4 11.6193
      vertex 82.4 163.8 11.5
      vertex 82.4 161.4 11.5
    endloop
  endfacet
  facet normal 0.793372 -0 0.608737
    outer loop
      vertex 79.3689 161.4 13.25
      vertex 79.9251 163.8 12.5251
      vertex 79.3689 163.8 13.25
    endloop
  endfacet
  facet normal 0.793372 0 0.608737
    outer loop
      vertex 79.9251 163.8 12.5251
      vertex 79.3689 161.4 13.25
      vertex 79.9251 161.4 12.5251
    endloop
  endfacet
  facet normal 0.923894 -0 0.382648
    outer loop
      vertex 79.0193 161.4 14.0941
      vertex 79.3689 163.8 13.25
      vertex 79.0193 163.8 14.0941
    endloop
  endfacet
  facet normal 0.923894 0 0.382648
    outer loop
      vertex 79.3689 163.8 13.25
      vertex 79.0193 161.4 14.0941
      vertex 79.3689 161.4 13.25
    endloop
  endfacet
  facet normal -0.99144 0 -0.130565
    outer loop
      vertex 85.9 161.4 15
      vertex 85.7807 163.8 15.9059
      vertex 85.9 163.8 15
    endloop
  endfacet
  facet normal -0.99144 -0 -0.130565
    outer loop
      vertex 85.7807 163.8 15.9059
      vertex 85.9 161.4 15
      vertex 85.7807 161.4 15.9059
    endloop
  endfacet
  facet normal -0.130565 0 -0.99144
    outer loop
      vertex 82.4 161.4 18.5
      vertex 83.3059 163.8 18.3807
      vertex 83.3059 161.4 18.3807
    endloop
  endfacet
  facet normal -0.130565 0 -0.99144
    outer loop
      vertex 83.3059 163.8 18.3807
      vertex 82.4 161.4 18.5
      vertex 82.4 163.8 18.5
    endloop
  endfacet
  facet normal -0.608737 0 -0.793372
    outer loop
      vertex 84.15 161.4 18.0311
      vertex 84.8749 163.8 17.4749
      vertex 84.8749 161.4 17.4749
    endloop
  endfacet
  facet normal -0.608737 0 -0.793372
    outer loop
      vertex 84.8749 163.8 17.4749
      vertex 84.15 161.4 18.0311
      vertex 84.15 163.8 18.0311
    endloop
  endfacet
  facet normal 0.382648 0 -0.923894
    outer loop
      vertex 80.65 161.4 18.0311
      vertex 81.4941 163.8 18.3807
      vertex 81.4941 161.4 18.3807
    endloop
  endfacet
  facet normal 0.382648 0 -0.923894
    outer loop
      vertex 81.4941 163.8 18.3807
      vertex 80.65 161.4 18.0311
      vertex 80.65 163.8 18.0311
    endloop
  endfacet
  facet normal 0.793372 0 -0.608737
    outer loop
      vertex 79.9251 161.4 17.4749
      vertex 79.3689 163.8 16.75
      vertex 79.9251 163.8 17.4749
    endloop
  endfacet
  facet normal 0.793372 0 -0.608737
    outer loop
      vertex 79.3689 163.8 16.75
      vertex 79.9251 161.4 17.4749
      vertex 79.3689 161.4 16.75
    endloop
  endfacet
  facet normal 0.99144 0 -0.130565
    outer loop
      vertex 79.0193 161.4 15.9059
      vertex 78.9 163.8 15
      vertex 79.0193 163.8 15.9059
    endloop
  endfacet
  facet normal 0.99144 0 -0.130565
    outer loop
      vertex 78.9 163.8 15
      vertex 79.0193 161.4 15.9059
      vertex 78.9 161.4 15
    endloop
  endfacet
  facet normal -0.382648 0 -0.923894
    outer loop
      vertex 83.3059 161.4 18.3807
      vertex 84.15 163.8 18.0311
      vertex 84.15 161.4 18.0311
    endloop
  endfacet
  facet normal -0.382648 0 -0.923894
    outer loop
      vertex 84.15 163.8 18.0311
      vertex 83.3059 161.4 18.3807
      vertex 83.3059 163.8 18.3807
    endloop
  endfacet
  facet normal -0.793372 0 -0.608737
    outer loop
      vertex 85.4311 161.4 16.75
      vertex 84.8749 163.8 17.4749
      vertex 85.4311 163.8 16.75
    endloop
  endfacet
  facet normal -0.793372 -0 -0.608737
    outer loop
      vertex 84.8749 163.8 17.4749
      vertex 85.4311 161.4 16.75
      vertex 84.8749 161.4 17.4749
    endloop
  endfacet
  facet normal 0.130565 0 -0.99144
    outer loop
      vertex 81.4941 161.4 18.3807
      vertex 82.4 163.8 18.5
      vertex 82.4 161.4 18.5
    endloop
  endfacet
  facet normal 0.130565 0 -0.99144
    outer loop
      vertex 82.4 163.8 18.5
      vertex 81.4941 161.4 18.3807
      vertex 81.4941 163.8 18.3807
    endloop
  endfacet
  facet normal 0.923894 0 -0.382648
    outer loop
      vertex 79.3689 161.4 16.75
      vertex 79.0193 163.8 15.9059
      vertex 79.3689 163.8 16.75
    endloop
  endfacet
  facet normal 0.923894 0 -0.382648
    outer loop
      vertex 79.0193 163.8 15.9059
      vertex 79.3689 161.4 16.75
      vertex 79.0193 161.4 15.9059
    endloop
  endfacet
  facet normal -0.991482 0 0.130242
    outer loop
      vertex 101.781 161.4 14.0941
      vertex 101.9 163.8 15
      vertex 101.781 163.8 14.0941
    endloop
  endfacet
  facet normal -0.991482 0 0.130242
    outer loop
      vertex 101.9 163.8 15
      vertex 101.781 161.4 14.0941
      vertex 101.9 161.4 15
    endloop
  endfacet
  facet normal 0.99144 -0 0.130565
    outer loop
      vertex 94.9 161.4 15
      vertex 95.0193 163.8 14.0941
      vertex 94.9 163.8 15
    endloop
  endfacet
  facet normal 0.99144 0 0.130565
    outer loop
      vertex 95.0193 163.8 14.0941
      vertex 94.9 161.4 15
      vertex 95.0193 161.4 14.0941
    endloop
  endfacet
  facet normal 0.130565 0 0.99144
    outer loop
      vertex 97.4941 163.8 11.6193
      vertex 98.4 161.4 11.5
      vertex 98.4 163.8 11.5
    endloop
  endfacet
  facet normal 0.130565 0 0.99144
    outer loop
      vertex 98.4 161.4 11.5
      vertex 97.4941 163.8 11.6193
      vertex 97.4941 161.4 11.6193
    endloop
  endfacet
  facet normal -0.608684 0 0.793413
    outer loop
      vertex 100.15 163.8 11.9689
      vertex 100.875 161.4 12.5251
      vertex 100.875 163.8 12.5251
    endloop
  endfacet
  facet normal -0.608684 0 0.793413
    outer loop
      vertex 100.875 161.4 12.5251
      vertex 100.15 163.8 11.9689
      vertex 100.15 161.4 11.9689
    endloop
  endfacet
  facet normal -0.382648 0 0.923894
    outer loop
      vertex 99.3059 163.8 11.6193
      vertex 100.15 161.4 11.9689
      vertex 100.15 163.8 11.9689
    endloop
  endfacet
  facet normal -0.382648 0 0.923894
    outer loop
      vertex 100.15 161.4 11.9689
      vertex 99.3059 163.8 11.6193
      vertex 99.3059 161.4 11.6193
    endloop
  endfacet
  facet normal 0.608737 0 0.793372
    outer loop
      vertex 95.9251 163.8 12.5251
      vertex 96.65 161.4 11.9689
      vertex 96.65 163.8 11.9689
    endloop
  endfacet
  facet normal 0.608737 0 0.793372
    outer loop
      vertex 96.65 161.4 11.9689
      vertex 95.9251 163.8 12.5251
      vertex 95.9251 161.4 12.5251
    endloop
  endfacet
  facet normal 0.382648 0 0.923894
    outer loop
      vertex 96.65 163.8 11.9689
      vertex 97.4941 161.4 11.6193
      vertex 97.4941 163.8 11.6193
    endloop
  endfacet
  facet normal 0.382648 0 0.923894
    outer loop
      vertex 97.4941 161.4 11.6193
      vertex 96.65 163.8 11.9689
      vertex 96.65 161.4 11.9689
    endloop
  endfacet
  facet normal -0.923739 0 -0.383022
    outer loop
      vertex 101.781 161.4 15.9059
      vertex 101.431 163.8 16.75
      vertex 101.781 163.8 15.9059
    endloop
  endfacet
  facet normal -0.923739 -0 -0.383022
    outer loop
      vertex 101.431 163.8 16.75
      vertex 101.781 161.4 15.9059
      vertex 101.431 161.4 16.75
    endloop
  endfacet
  facet normal 0.608737 0 -0.793372
    outer loop
      vertex 95.9251 161.4 17.4749
      vertex 96.65 163.8 18.0311
      vertex 96.65 161.4 18.0311
    endloop
  endfacet
  facet normal 0.608737 0 -0.793372
    outer loop
      vertex 96.65 163.8 18.0311
      vertex 95.9251 161.4 17.4749
      vertex 95.9251 163.8 17.4749
    endloop
  endfacet
  facet normal -0.793478 0 0.608599
    outer loop
      vertex 100.875 161.4 12.5251
      vertex 101.431 163.8 13.25
      vertex 100.875 163.8 12.5251
    endloop
  endfacet
  facet normal -0.793478 0 0.608599
    outer loop
      vertex 101.431 163.8 13.25
      vertex 100.875 161.4 12.5251
      vertex 101.431 161.4 13.25
    endloop
  endfacet
  facet normal -0.923739 0 0.383022
    outer loop
      vertex 101.431 161.4 13.25
      vertex 101.781 163.8 14.0941
      vertex 101.431 163.8 13.25
    endloop
  endfacet
  facet normal -0.923739 0 0.383022
    outer loop
      vertex 101.781 163.8 14.0941
      vertex 101.431 161.4 13.25
      vertex 101.781 161.4 14.0941
    endloop
  endfacet
  facet normal -0.130565 0 0.99144
    outer loop
      vertex 98.4 163.8 11.5
      vertex 99.3059 161.4 11.6193
      vertex 99.3059 163.8 11.6193
    endloop
  endfacet
  facet normal -0.130565 0 0.99144
    outer loop
      vertex 99.3059 161.4 11.6193
      vertex 98.4 163.8 11.5
      vertex 98.4 161.4 11.5
    endloop
  endfacet
  facet normal 0.793372 -0 0.608737
    outer loop
      vertex 95.3689 161.4 13.25
      vertex 95.9251 163.8 12.5251
      vertex 95.3689 163.8 13.25
    endloop
  endfacet
  facet normal 0.793372 0 0.608737
    outer loop
      vertex 95.9251 163.8 12.5251
      vertex 95.3689 161.4 13.25
      vertex 95.9251 161.4 12.5251
    endloop
  endfacet
  facet normal 0.923894 -0 0.382648
    outer loop
      vertex 95.0193 161.4 14.0941
      vertex 95.3689 163.8 13.25
      vertex 95.0193 163.8 14.0941
    endloop
  endfacet
  facet normal 0.923894 0 0.382648
    outer loop
      vertex 95.3689 163.8 13.25
      vertex 95.0193 161.4 14.0941
      vertex 95.3689 161.4 13.25
    endloop
  endfacet
  facet normal -0.991482 0 -0.130242
    outer loop
      vertex 101.9 161.4 15
      vertex 101.781 163.8 15.9059
      vertex 101.9 163.8 15
    endloop
  endfacet
  facet normal -0.991482 -0 -0.130242
    outer loop
      vertex 101.781 163.8 15.9059
      vertex 101.9 161.4 15
      vertex 101.781 161.4 15.9059
    endloop
  endfacet
  facet normal -0.130565 0 -0.99144
    outer loop
      vertex 98.4 161.4 18.5
      vertex 99.3059 163.8 18.3807
      vertex 99.3059 161.4 18.3807
    endloop
  endfacet
  facet normal -0.130565 0 -0.99144
    outer loop
      vertex 99.3059 163.8 18.3807
      vertex 98.4 161.4 18.5
      vertex 98.4 163.8 18.5
    endloop
  endfacet
  facet normal -0.608684 0 -0.793413
    outer loop
      vertex 100.15 161.4 18.0311
      vertex 100.875 163.8 17.4749
      vertex 100.875 161.4 17.4749
    endloop
  endfacet
  facet normal -0.608684 0 -0.793413
    outer loop
      vertex 100.875 163.8 17.4749
      vertex 100.15 161.4 18.0311
      vertex 100.15 163.8 18.0311
    endloop
  endfacet
  facet normal 0.382648 0 -0.923894
    outer loop
      vertex 96.65 161.4 18.0311
      vertex 97.4941 163.8 18.3807
      vertex 97.4941 161.4 18.3807
    endloop
  endfacet
  facet normal 0.382648 0 -0.923894
    outer loop
      vertex 97.4941 163.8 18.3807
      vertex 96.65 161.4 18.0311
      vertex 96.65 163.8 18.0311
    endloop
  endfacet
  facet normal 0.793372 0 -0.608737
    outer loop
      vertex 95.9251 161.4 17.4749
      vertex 95.3689 163.8 16.75
      vertex 95.9251 163.8 17.4749
    endloop
  endfacet
  facet normal 0.793372 0 -0.608737
    outer loop
      vertex 95.3689 163.8 16.75
      vertex 95.9251 161.4 17.4749
      vertex 95.3689 161.4 16.75
    endloop
  endfacet
  facet normal 0.99144 0 -0.130565
    outer loop
      vertex 95.0193 161.4 15.9059
      vertex 94.9 163.8 15
      vertex 95.0193 163.8 15.9059
    endloop
  endfacet
  facet normal 0.99144 0 -0.130565
    outer loop
      vertex 94.9 163.8 15
      vertex 95.0193 161.4 15.9059
      vertex 94.9 161.4 15
    endloop
  endfacet
  facet normal -0.382648 0 -0.923894
    outer loop
      vertex 99.3059 161.4 18.3807
      vertex 100.15 163.8 18.0311
      vertex 100.15 161.4 18.0311
    endloop
  endfacet
  facet normal -0.382648 0 -0.923894
    outer loop
      vertex 100.15 163.8 18.0311
      vertex 99.3059 161.4 18.3807
      vertex 99.3059 163.8 18.3807
    endloop
  endfacet
  facet normal -0.793478 0 -0.608599
    outer loop
      vertex 101.431 161.4 16.75
      vertex 100.875 163.8 17.4749
      vertex 101.431 163.8 16.75
    endloop
  endfacet
  facet normal -0.793478 -0 -0.608599
    outer loop
      vertex 100.875 163.8 17.4749
      vertex 101.431 161.4 16.75
      vertex 100.875 161.4 17.4749
    endloop
  endfacet
  facet normal 0.130565 0 -0.99144
    outer loop
      vertex 97.4941 161.4 18.3807
      vertex 98.4 163.8 18.5
      vertex 98.4 161.4 18.5
    endloop
  endfacet
  facet normal 0.130565 0 -0.99144
    outer loop
      vertex 98.4 163.8 18.5
      vertex 97.4941 161.4 18.3807
      vertex 97.4941 163.8 18.3807
    endloop
  endfacet
  facet normal 0.923894 0 -0.382648
    outer loop
      vertex 95.3689 161.4 16.75
      vertex 95.0193 163.8 15.9059
      vertex 95.3689 163.8 16.75
    endloop
  endfacet
  facet normal 0.923894 0 -0.382648
    outer loop
      vertex 95.0193 163.8 15.9059
      vertex 95.3689 161.4 16.75
      vertex 95.0193 161.4 15.9059
    endloop
  endfacet
  facet normal -0.991482 0 0.130242
    outer loop
      vertex 117.781 161.4 14.0941
      vertex 117.9 163.8 15
      vertex 117.781 163.8 14.0941
    endloop
  endfacet
  facet normal -0.991482 0 0.130242
    outer loop
      vertex 117.9 163.8 15
      vertex 117.781 161.4 14.0941
      vertex 117.9 161.4 15
    endloop
  endfacet
  facet normal 0.991482 -0 0.130242
    outer loop
      vertex 110.9 161.4 15
      vertex 111.019 163.8 14.0941
      vertex 110.9 163.8 15
    endloop
  endfacet
  facet normal 0.991482 0 0.130242
    outer loop
      vertex 111.019 163.8 14.0941
      vertex 110.9 161.4 15
      vertex 111.019 161.4 14.0941
    endloop
  endfacet
  facet normal 0.130551 0 0.991442
    outer loop
      vertex 113.494 163.8 11.6193
      vertex 114.4 161.4 11.5
      vertex 114.4 163.8 11.5
    endloop
  endfacet
  facet normal 0.130551 0 0.991442
    outer loop
      vertex 114.4 161.4 11.5
      vertex 113.494 163.8 11.6193
      vertex 113.494 161.4 11.6193
    endloop
  endfacet
  facet normal -0.608684 0 0.793413
    outer loop
      vertex 116.15 163.8 11.9689
      vertex 116.875 161.4 12.5251
      vertex 116.875 163.8 12.5251
    endloop
  endfacet
  facet normal -0.608684 0 0.793413
    outer loop
      vertex 116.875 161.4 12.5251
      vertex 116.15 163.8 11.9689
      vertex 116.15 161.4 11.9689
    endloop
  endfacet
  facet normal -0.382687 0 0.923878
    outer loop
      vertex 115.306 163.8 11.6193
      vertex 116.15 161.4 11.9689
      vertex 116.15 163.8 11.9689
    endloop
  endfacet
  facet normal -0.382687 0 0.923878
    outer loop
      vertex 116.15 161.4 11.9689
      vertex 115.306 163.8 11.6193
      vertex 115.306 161.4 11.6193
    endloop
  endfacet
  facet normal 0.608684 0 0.793413
    outer loop
      vertex 111.925 163.8 12.5251
      vertex 112.65 161.4 11.9689
      vertex 112.65 163.8 11.9689
    endloop
  endfacet
  facet normal 0.608684 0 0.793413
    outer loop
      vertex 112.65 161.4 11.9689
      vertex 111.925 163.8 12.5251
      vertex 111.925 161.4 12.5251
    endloop
  endfacet
  facet normal 0.382687 0 0.923878
    outer loop
      vertex 112.65 163.8 11.9689
      vertex 113.494 161.4 11.6193
      vertex 113.494 163.8 11.6193
    endloop
  endfacet
  facet normal 0.382687 0 0.923878
    outer loop
      vertex 113.494 161.4 11.6193
      vertex 112.65 163.8 11.9689
      vertex 112.65 161.4 11.9689
    endloop
  endfacet
  facet normal -0.923739 0 -0.383022
    outer loop
      vertex 117.781 161.4 15.9059
      vertex 117.431 163.8 16.75
      vertex 117.781 163.8 15.9059
    endloop
  endfacet
  facet normal -0.923739 -0 -0.383022
    outer loop
      vertex 117.431 163.8 16.75
      vertex 117.781 161.4 15.9059
      vertex 117.431 161.4 16.75
    endloop
  endfacet
  facet normal 0.608684 0 -0.793413
    outer loop
      vertex 111.925 161.4 17.4749
      vertex 112.65 163.8 18.0311
      vertex 112.65 161.4 18.0311
    endloop
  endfacet
  facet normal 0.608684 0 -0.793413
    outer loop
      vertex 112.65 163.8 18.0311
      vertex 111.925 161.4 17.4749
      vertex 111.925 163.8 17.4749
    endloop
  endfacet
  facet normal -0.793478 0 0.608599
    outer loop
      vertex 116.875 161.4 12.5251
      vertex 117.431 163.8 13.25
      vertex 116.875 163.8 12.5251
    endloop
  endfacet
  facet normal -0.793478 0 0.608599
    outer loop
      vertex 117.431 163.8 13.25
      vertex 116.875 161.4 12.5251
      vertex 117.431 161.4 13.25
    endloop
  endfacet
  facet normal -0.923739 0 0.383022
    outer loop
      vertex 117.431 161.4 13.25
      vertex 117.781 163.8 14.0941
      vertex 117.431 163.8 13.25
    endloop
  endfacet
  facet normal -0.923739 0 0.383022
    outer loop
      vertex 117.781 163.8 14.0941
      vertex 117.431 161.4 13.25
      vertex 117.781 161.4 14.0941
    endloop
  endfacet
  facet normal -0.130551 0 0.991442
    outer loop
      vertex 114.4 163.8 11.5
      vertex 115.306 161.4 11.6193
      vertex 115.306 163.8 11.6193
    endloop
  endfacet
  facet normal -0.130551 0 0.991442
    outer loop
      vertex 115.306 161.4 11.6193
      vertex 114.4 163.8 11.5
      vertex 114.4 161.4 11.5
    endloop
  endfacet
  facet normal 0.793478 -0 0.608599
    outer loop
      vertex 111.369 161.4 13.25
      vertex 111.925 163.8 12.5251
      vertex 111.369 163.8 13.25
    endloop
  endfacet
  facet normal 0.793478 0 0.608599
    outer loop
      vertex 111.925 163.8 12.5251
      vertex 111.369 161.4 13.25
      vertex 111.925 161.4 12.5251
    endloop
  endfacet
  facet normal 0.923739 -0 0.383022
    outer loop
      vertex 111.019 161.4 14.0941
      vertex 111.369 163.8 13.25
      vertex 111.019 163.8 14.0941
    endloop
  endfacet
  facet normal 0.923739 0 0.383022
    outer loop
      vertex 111.369 163.8 13.25
      vertex 111.019 161.4 14.0941
      vertex 111.369 161.4 13.25
    endloop
  endfacet
  facet normal -0.991482 0 -0.130242
    outer loop
      vertex 117.9 161.4 15
      vertex 117.781 163.8 15.9059
      vertex 117.9 163.8 15
    endloop
  endfacet
  facet normal -0.991482 -0 -0.130242
    outer loop
      vertex 117.781 163.8 15.9059
      vertex 117.9 161.4 15
      vertex 117.781 161.4 15.9059
    endloop
  endfacet
  facet normal -0.130551 0 -0.991442
    outer loop
      vertex 114.4 161.4 18.5
      vertex 115.306 163.8 18.3807
      vertex 115.306 161.4 18.3807
    endloop
  endfacet
  facet normal -0.130551 0 -0.991442
    outer loop
      vertex 115.306 163.8 18.3807
      vertex 114.4 161.4 18.5
      vertex 114.4 163.8 18.5
    endloop
  endfacet
  facet normal -0.608684 0 -0.793413
    outer loop
      vertex 116.15 161.4 18.0311
      vertex 116.875 163.8 17.4749
      vertex 116.875 161.4 17.4749
    endloop
  endfacet
  facet normal -0.608684 0 -0.793413
    outer loop
      vertex 116.875 163.8 17.4749
      vertex 116.15 161.4 18.0311
      vertex 116.15 163.8 18.0311
    endloop
  endfacet
  facet normal 0.382687 0 -0.923878
    outer loop
      vertex 112.65 161.4 18.0311
      vertex 113.494 163.8 18.3807
      vertex 113.494 161.4 18.3807
    endloop
  endfacet
  facet normal 0.382687 0 -0.923878
    outer loop
      vertex 113.494 163.8 18.3807
      vertex 112.65 161.4 18.0311
      vertex 112.65 163.8 18.0311
    endloop
  endfacet
  facet normal 0.793478 0 -0.608599
    outer loop
      vertex 111.925 161.4 17.4749
      vertex 111.369 163.8 16.75
      vertex 111.925 163.8 17.4749
    endloop
  endfacet
  facet normal 0.793478 0 -0.608599
    outer loop
      vertex 111.369 163.8 16.75
      vertex 111.925 161.4 17.4749
      vertex 111.369 161.4 16.75
    endloop
  endfacet
  facet normal 0.991482 0 -0.130242
    outer loop
      vertex 111.019 161.4 15.9059
      vertex 110.9 163.8 15
      vertex 111.019 163.8 15.9059
    endloop
  endfacet
  facet normal 0.991482 0 -0.130242
    outer loop
      vertex 110.9 163.8 15
      vertex 111.019 161.4 15.9059
      vertex 110.9 161.4 15
    endloop
  endfacet
  facet normal -0.382687 0 -0.923878
    outer loop
      vertex 115.306 161.4 18.3807
      vertex 116.15 163.8 18.0311
      vertex 116.15 161.4 18.0311
    endloop
  endfacet
  facet normal -0.382687 0 -0.923878
    outer loop
      vertex 116.15 163.8 18.0311
      vertex 115.306 161.4 18.3807
      vertex 115.306 163.8 18.3807
    endloop
  endfacet
  facet normal -0.793478 0 -0.608599
    outer loop
      vertex 117.431 161.4 16.75
      vertex 116.875 163.8 17.4749
      vertex 117.431 163.8 16.75
    endloop
  endfacet
  facet normal -0.793478 -0 -0.608599
    outer loop
      vertex 116.875 163.8 17.4749
      vertex 117.431 161.4 16.75
      vertex 116.875 161.4 17.4749
    endloop
  endfacet
  facet normal 0.130551 0 -0.991442
    outer loop
      vertex 113.494 161.4 18.3807
      vertex 114.4 163.8 18.5
      vertex 114.4 161.4 18.5
    endloop
  endfacet
  facet normal 0.130551 0 -0.991442
    outer loop
      vertex 114.4 163.8 18.5
      vertex 113.494 161.4 18.3807
      vertex 113.494 163.8 18.3807
    endloop
  endfacet
  facet normal 0.923739 0 -0.383022
    outer loop
      vertex 111.369 161.4 16.75
      vertex 111.019 163.8 15.9059
      vertex 111.369 163.8 16.75
    endloop
  endfacet
  facet normal 0.923739 0 -0.383022
    outer loop
      vertex 111.019 163.8 15.9059
      vertex 111.369 161.4 16.75
      vertex 111.019 161.4 15.9059
    endloop
  endfacet
  facet normal 1 -0 0
    outer loop
      vertex 76.4 135.4 3
      vertex 76.4 152.4 1.5
      vertex 76.4 152.4 3
    endloop
  endfacet
  facet normal 1 0 0
    outer loop
      vertex 76.4 152.4 1.5
      vertex 76.4 135.4 3
      vertex 76.4 135.4 1.5
    endloop
  endfacet
  facet normal -1 0 0
    outer loop
      vertex 98.4 135.4 1.5
      vertex 98.4 152.4 3
      vertex 98.4 152.4 1.5
    endloop
  endfacet
  facet normal -1 -0 0
    outer loop
      vertex 98.4 152.4 3
      vertex 98.4 135.4 1.5
      vertex 98.4 135.4 3
    endloop
  endfacet
  facet normal -0 0 1
    outer loop
      vertex 76.4 152.4 1.5
      vertex 98.4 135.4 1.5
      vertex 98.4 152.4 1.5
    endloop
  endfacet
  facet normal 0 0 1
    outer loop
      vertex 98.4 135.4 1.5
      vertex 76.4 152.4 1.5
      vertex 76.4 135.4 1.5
    endloop
  endfacet
  facet normal 0 1 -0
    outer loop
      vertex 98.4 135.4 1.5
      vertex 76.4 135.4 3
      vertex 98.4 135.4 3
    endloop
  endfacet
  facet normal 0 1 0
    outer loop
      vertex 76.4 135.4 3
      vertex 98.4 135.4 1.5
      vertex 76.4 135.4 1.5
    endloop
  endfacet
  facet normal 0 -1 0
    outer loop
      vertex 76.4 152.4 1.5
      vertex 98.4 152.4 3
      vertex 76.4 152.4 3
    endloop
  endfacet
  facet normal 0 -1 -0
    outer loop
      vertex 98.4 152.4 3
      vertex 76.4 152.4 1.5
      vertex 98.4 152.4 1.5
    endloop
  endfacet
  facet normal 1 -0 0
    outer loop
      vertex 105.4 135.4 3
      vertex 105.4 152.4 1.5
      vertex 105.4 152.4 3
    endloop
  endfacet
  facet normal 1 0 0
    outer loop
      vertex 105.4 152.4 1.5
      vertex 105.4 135.4 3
      vertex 105.4 135.4 1.5
    endloop
  endfacet
  facet normal -1 0 0
    outer loop
      vertex 127.4 135.4 1.5
      vertex 127.4 152.4 3
      vertex 127.4 152.4 1.5
    endloop
  endfacet
  facet normal -1 -0 0
    outer loop
      vertex 127.4 152.4 3
      vertex 127.4 135.4 1.5
      vertex 127.4 135.4 3
    endloop
  endfacet
  facet normal 0 -1 0
    outer loop
      vertex 105.4 152.4 1.5
      vertex 127.4 152.4 3
      vertex 105.4 152.4 3
    endloop
  endfacet
  facet normal 0 -1 -0
    outer loop
      vertex 127.4 152.4 3
      vertex 105.4 152.4 1.5
      vertex 127.4 152.4 1.5
    endloop
  endfacet
  facet normal -0 0 1
    outer loop
      vertex 105.4 152.4 1.5
      vertex 127.4 135.4 1.5
      vertex 127.4 152.4 1.5
    endloop
  endfacet
  facet normal 0 0 1
    outer loop
      vertex 127.4 135.4 1.5
      vertex 105.4 152.4 1.5
      vertex 105.4 135.4 1.5
    endloop
  endfacet
  facet normal 0 1 -0
    outer loop
      vertex 127.4 135.4 1.5
      vertex 105.4 135.4 3
      vertex 127.4 135.4 3
    endloop
  endfacet
  facet normal 0 1 0
    outer loop
      vertex 105.4 135.4 3
      vertex 127.4 135.4 1.5
      vertex 105.4 135.4 1.5
    endloop
  endfacet
  facet normal 1 -0 0
    outer loop
      vertex -11.5 125.8 3
      vertex -11.5 137.8 0
      vertex -11.5 137.8 3
    endloop
  endfacet
  facet normal 1 0 0
    outer loop
      vertex -11.5 137.8 0
      vertex -11.5 125.8 3
      vertex -11.5 125.8 0
    endloop
  endfacet
  facet normal -1 0 0
    outer loop
      vertex -6.5 125.8 0
      vertex -6.5 137.8 3
      vertex -6.5 137.8 0
    endloop
  endfacet
  facet normal -1 -0 0
    outer loop
      vertex -6.5 137.8 3
      vertex -6.5 125.8 0
      vertex -6.5 125.8 3
    endloop
  endfacet
  facet normal 0 -1 0
    outer loop
      vertex -11.5 137.8 0
      vertex -6.5 137.8 3
      vertex -11.5 137.8 3
    endloop
  endfacet
  facet normal 0 -1 -0
    outer loop
      vertex -6.5 137.8 3
      vertex -11.5 137.8 0
      vertex -6.5 137.8 0
    endloop
  endfacet
  facet normal 0 1 -0
    outer loop
      vertex -6.5 125.8 0
      vertex -11.5 125.8 3
      vertex -6.5 125.8 3
    endloop
  endfacet
  facet normal 0 1 0
    outer loop
      vertex -11.5 125.8 3
      vertex -6.5 125.8 0
      vertex -11.5 125.8 0
    endloop
  endfacet
  facet normal 1 -0 0
    outer loop
      vertex -11.5 143.8 3
      vertex -11.5 155.8 0
      vertex -11.5 155.8 3
    endloop
  endfacet
  facet normal 1 0 0
    outer loop
      vertex -11.5 155.8 0
      vertex -11.5 143.8 3
      vertex -11.5 143.8 0
    endloop
  endfacet
  facet normal -1 0 0
    outer loop
      vertex -6.5 143.8 0
      vertex -6.5 155.8 3
      vertex -6.5 155.8 0
    endloop
  endfacet
  facet normal -1 -0 0
    outer loop
      vertex -6.5 155.8 3
      vertex -6.5 143.8 0
      vertex -6.5 143.8 3
    endloop
  endfacet
  facet normal 0 -1 0
    outer loop
      vertex -11.5 155.8 0
      vertex -6.5 155.8 3
      vertex -11.5 155.8 3
    endloop
  endfacet
  facet normal 0 -1 -0
    outer loop
      vertex -6.5 155.8 3
      vertex -11.5 155.8 0
      vertex -6.5 155.8 0
    endloop
  endfacet
  facet normal 0 1 -0
    outer loop
      vertex -6.5 143.8 0
      vertex -11.5 143.8 3
      vertex -6.5 143.8 3
    endloop
  endfacet
  facet normal 0 1 0
    outer loop
      vertex -11.5 143.8 3
      vertex -6.5 143.8 0
      vertex -11.5 143.8 0
    endloop
  endfacet
  facet normal 1 -0 0
    outer loop
      vertex 145.3 125.8 3
      vertex 145.3 137.8 0
      vertex 145.3 137.8 3
    endloop
  endfacet
  facet normal 1 0 0
    outer loop
      vertex 145.3 137.8 0
      vertex 145.3 125.8 3
      vertex 145.3 125.8 0
    endloop
  endfacet
  facet normal -1 0 0
    outer loop
      vertex 150.3 125.8 0
      vertex 150.3 137.8 3
      vertex 150.3 137.8 0
    endloop
  endfacet
  facet normal -1 -0 0
    outer loop
      vertex 150.3 137.8 3
      vertex 150.3 125.8 0
      vertex 150.3 125.8 3
    endloop
  endfacet
  facet normal 0 -1 0
    outer loop
      vertex 145.3 137.8 0
      vertex 150.3 137.8 3
      vertex 145.3 137.8 3
    endloop
  endfacet
  facet normal 0 -1 -0
    outer loop
      vertex 150.3 137.8 3
      vertex 145.3 137.8 0
      vertex 150.3 137.8 0
    endloop
  endfacet
  facet normal 0 1 -0
    outer loop
      vertex 150.3 125.8 0
      vertex 145.3 125.8 3
      vertex 150.3 125.8 3
    endloop
  endfacet
  facet normal 0 1 0
    outer loop
      vertex 145.3 125.8 3
      vertex 150.3 125.8 0
      vertex 145.3 125.8 0
    endloop
  endfacet
  facet normal 1 -0 0
    outer loop
      vertex 145.3 143.8 3
      vertex 145.3 155.8 0
      vertex 145.3 155.8 3
    endloop
  endfacet
  facet normal 1 0 0
    outer loop
      vertex 145.3 155.8 0
      vertex 145.3 143.8 3
      vertex 145.3 143.8 0
    endloop
  endfacet
  facet normal -1 0 0
    outer loop
      vertex 150.3 143.8 0
      vertex 150.3 155.8 3
      vertex 150.3 155.8 0
    endloop
  endfacet
  facet normal -1 -0 0
    outer loop
      vertex 150.3 155.8 3
      vertex 150.3 143.8 0
      vertex 150.3 143.8 3
    endloop
  endfacet
  facet normal 0 -1 0
    outer loop
      vertex 145.3 155.8 0
      vertex 150.3 155.8 3
      vertex 145.3 155.8 3
    endloop
  endfacet
  facet normal 0 -1 -0
    outer loop
      vertex 150.3 155.8 3
      vertex 145.3 155.8 0
      vertex 150.3 155.8 0
    endloop
  endfacet
  facet normal 0 1 -0
    outer loop
      vertex 150.3 143.8 0
      vertex 145.3 143.8 3
      vertex 150.3 143.8 3
    endloop
  endfacet
  facet normal 0 1 0
    outer loop
      vertex 145.3 143.8 3
      vertex 150.3 143.8 0
      vertex 145.3 143.8 0
    endloop
  endfacet
  facet normal -0.991449 -0.130491 0
    outer loop
      vertex -6.3 140.8 0
      vertex -6.392 141.499 3
      vertex -6.392 141.499 0
    endloop
  endfacet
  facet normal -0.991449 -0.130491 0
    outer loop
      vertex -6.392 141.499 3
      vertex -6.3 140.8 0
      vertex -6.3 140.8 3
    endloop
  endfacet
  facet normal -0.130526 -0.991445 0
    outer loop
      vertex -9 143.5 0
      vertex -8.30119 143.408 3
      vertex -9 143.5 3
    endloop
  endfacet
  facet normal -0.130526 -0.991445 -0
    outer loop
      vertex -8.30119 143.408 3
      vertex -9 143.5 0
      vertex -8.30119 143.408 0
    endloop
  endfacet
  facet normal 0.923856 -0.38274 0
    outer loop
      vertex -11.608 141.499 3
      vertex -11.3383 142.15 0
      vertex -11.3383 142.15 3
    endloop
  endfacet
  facet normal 0.923856 -0.38274 0
    outer loop
      vertex -11.3383 142.15 0
      vertex -11.608 141.499 3
      vertex -11.608 141.499 0
    endloop
  endfacet
  facet normal -0.793254 -0.60889 0
    outer loop
      vertex -6.66173 142.15 0
      vertex -7.09081 142.709 3
      vertex -7.09081 142.709 0
    endloop
  endfacet
  facet normal -0.793254 -0.60889 0
    outer loop
      vertex -7.09081 142.709 3
      vertex -6.66173 142.15 0
      vertex -6.66173 142.15 3
    endloop
  endfacet
  facet normal -0.923841 -0.382777 0
    outer loop
      vertex -6.392 141.499 0
      vertex -6.66173 142.15 3
      vertex -6.66173 142.15 0
    endloop
  endfacet
  facet normal -0.923841 -0.382777 0
    outer loop
      vertex -6.66173 142.15 3
      vertex -6.392 141.499 0
      vertex -6.392 141.499 3
    endloop
  endfacet
  facet normal 0.383008 -0.923745 0
    outer loop
      vertex -10.35 143.138 0
      vertex -9.69881 143.408 3
      vertex -10.35 143.138 3
    endloop
  endfacet
  facet normal 0.383008 -0.923745 0
    outer loop
      vertex -9.69881 143.408 3
      vertex -10.35 143.138 0
      vertex -9.69881 143.408 0
    endloop
  endfacet
  facet normal 0.608682 -0.793414 0
    outer loop
      vertex -10.9092 142.709 0
      vertex -10.35 143.138 3
      vertex -10.9092 142.709 3
    endloop
  endfacet
  facet normal 0.608682 -0.793414 0
    outer loop
      vertex -10.35 143.138 3
      vertex -10.9092 142.709 0
      vertex -10.35 143.138 0
    endloop
  endfacet
  facet normal -0.383008 0.923745 0
    outer loop
      vertex -7.65 138.462 0
      vertex -8.30119 138.192 3
      vertex -7.65 138.462 3
    endloop
  endfacet
  facet normal -0.383008 0.923745 0
    outer loop
      vertex -8.30119 138.192 3
      vertex -7.65 138.462 0
      vertex -8.30119 138.192 0
    endloop
  endfacet
  facet normal -0.608689 -0.793409 0
    outer loop
      vertex -7.65 143.138 0
      vertex -7.09081 142.709 3
      vertex -7.65 143.138 3
    endloop
  endfacet
  facet normal -0.608689 -0.793409 -0
    outer loop
      vertex -7.09081 142.709 3
      vertex -7.65 143.138 0
      vertex -7.09081 142.709 0
    endloop
  endfacet
  facet normal -0.383008 -0.923745 0
    outer loop
      vertex -8.30119 143.408 0
      vertex -7.65 143.138 3
      vertex -8.30119 143.408 3
    endloop
  endfacet
  facet normal -0.383008 -0.923745 -0
    outer loop
      vertex -7.65 143.138 3
      vertex -8.30119 143.408 0
      vertex -7.65 143.138 0
    endloop
  endfacet
  facet normal 0.991449 -0.130491 0
    outer loop
      vertex -11.7 140.8 3
      vertex -11.608 141.499 0
      vertex -11.608 141.499 3
    endloop
  endfacet
  facet normal 0.991449 -0.130491 0
    outer loop
      vertex -11.608 141.499 0
      vertex -11.7 140.8 3
      vertex -11.7 140.8 0
    endloop
  endfacet
  facet normal 0.793241 -0.608908 0
    outer loop
      vertex -11.3383 142.15 3
      vertex -10.9092 142.709 0
      vertex -10.9092 142.709 3
    endloop
  endfacet
  facet normal 0.793241 -0.608908 0
    outer loop
      vertex -10.9092 142.709 0
      vertex -11.3383 142.15 3
      vertex -11.3383 142.15 0
    endloop
  endfacet
  facet normal 0.130526 -0.991445 0
    outer loop
      vertex -9.69881 143.408 0
      vertex -9 143.5 3
      vertex -9.69881 143.408 3
    endloop
  endfacet
  facet normal 0.130526 -0.991445 0
    outer loop
      vertex -9 143.5 3
      vertex -9.69881 143.408 0
      vertex -9 143.5 0
    endloop
  endfacet
  facet normal -0.923841 0.382777 0
    outer loop
      vertex -6.66173 139.45 0
      vertex -6.392 140.101 3
      vertex -6.392 140.101 0
    endloop
  endfacet
  facet normal -0.923841 0.382777 0
    outer loop
      vertex -6.392 140.101 3
      vertex -6.66173 139.45 0
      vertex -6.66173 139.45 3
    endloop
  endfacet
  facet normal 0.608682 0.793414 -0
    outer loop
      vertex -10.35 138.462 0
      vertex -10.9092 138.891 3
      vertex -10.35 138.462 3
    endloop
  endfacet
  facet normal 0.608682 0.793414 0
    outer loop
      vertex -10.9092 138.891 3
      vertex -10.35 138.462 0
      vertex -10.9092 138.891 0
    endloop
  endfacet
  facet normal 0.793241 0.608908 0
    outer loop
      vertex -10.9092 138.891 3
      vertex -11.3383 139.45 0
      vertex -11.3383 139.45 3
    endloop
  endfacet
  facet normal 0.793241 0.608908 0
    outer loop
      vertex -11.3383 139.45 0
      vertex -10.9092 138.891 3
      vertex -10.9092 138.891 0
    endloop
  endfacet
  facet normal -0.793254 0.60889 0
    outer loop
      vertex -7.09081 138.891 0
      vertex -6.66173 139.45 3
      vertex -6.66173 139.45 0
    endloop
  endfacet
  facet normal -0.793254 0.60889 0
    outer loop
      vertex -6.66173 139.45 3
      vertex -7.09081 138.891 0
      vertex -7.09081 138.891 3
    endloop
  endfacet
  facet normal -0.991449 0.130491 0
    outer loop
      vertex -6.392 140.101 0
      vertex -6.3 140.8 3
      vertex -6.3 140.8 0
    endloop
  endfacet
  facet normal -0.991449 0.130491 0
    outer loop
      vertex -6.3 140.8 3
      vertex -6.392 140.101 0
      vertex -6.392 140.101 3
    endloop
  endfacet
  facet normal 0.991449 0.130491 0
    outer loop
      vertex -11.608 140.101 3
      vertex -11.7 140.8 0
      vertex -11.7 140.8 3
    endloop
  endfacet
  facet normal 0.991449 0.130491 0
    outer loop
      vertex -11.7 140.8 0
      vertex -11.608 140.101 3
      vertex -11.608 140.101 0
    endloop
  endfacet
  facet normal -0.608689 0.793409 0
    outer loop
      vertex -7.09081 138.891 0
      vertex -7.65 138.462 3
      vertex -7.09081 138.891 3
    endloop
  endfacet
  facet normal -0.608689 0.793409 0
    outer loop
      vertex -7.65 138.462 3
      vertex -7.09081 138.891 0
      vertex -7.65 138.462 0
    endloop
  endfacet
  facet normal -0.130526 0.991445 0
    outer loop
      vertex -8.30119 138.192 0
      vertex -9 138.1 3
      vertex -8.30119 138.192 3
    endloop
  endfacet
  facet normal -0.130526 0.991445 0
    outer loop
      vertex -9 138.1 3
      vertex -8.30119 138.192 0
      vertex -9 138.1 0
    endloop
  endfacet
  facet normal 0.130526 0.991445 -0
    outer loop
      vertex -9 138.1 0
      vertex -9.69881 138.192 3
      vertex -9 138.1 3
    endloop
  endfacet
  facet normal 0.130526 0.991445 0
    outer loop
      vertex -9.69881 138.192 3
      vertex -9 138.1 0
      vertex -9.69881 138.192 0
    endloop
  endfacet
  facet normal 0.923856 0.38274 0
    outer loop
      vertex -11.3383 139.45 3
      vertex -11.608 140.101 0
      vertex -11.608 140.101 3
    endloop
  endfacet
  facet normal 0.923856 0.38274 0
    outer loop
      vertex -11.608 140.101 0
      vertex -11.3383 139.45 3
      vertex -11.3383 139.45 0
    endloop
  endfacet
  facet normal 0.383008 0.923745 -0
    outer loop
      vertex -9.69881 138.192 0
      vertex -10.35 138.462 3
      vertex -9.69881 138.192 3
    endloop
  endfacet
  facet normal 0.383008 0.923745 0
    outer loop
      vertex -10.35 138.462 3
      vertex -9.69881 138.192 0
      vertex -10.35 138.462 0
    endloop
  endfacet
  facet normal -0.991449 -0.130491 0
    outer loop
      vertex 150.5 140.8 0
      vertex 150.408 141.499 3
      vertex 150.408 141.499 0
    endloop
  endfacet
  facet normal -0.991449 -0.130491 0
    outer loop
      vertex 150.408 141.499 3
      vertex 150.5 140.8 0
      vertex 150.5 140.8 3
    endloop
  endfacet
  facet normal -0.383104 -0.923705 0
    outer loop
      vertex 148.499 143.408 0
      vertex 149.15 143.138 3
      vertex 148.499 143.408 3
    endloop
  endfacet
  facet normal -0.383104 -0.923705 -0
    outer loop
      vertex 149.15 143.138 3
      vertex 148.499 143.408 0
      vertex 149.15 143.138 0
    endloop
  endfacet
  facet normal 0.130491 0.991449 -0
    outer loop
      vertex 147.8 138.1 0
      vertex 147.101 138.192 3
      vertex 147.8 138.1 3
    endloop
  endfacet
  facet normal 0.130491 0.991449 0
    outer loop
      vertex 147.101 138.192 3
      vertex 147.8 138.1 0
      vertex 147.101 138.192 0
    endloop
  endfacet
  facet normal -0.923705 -0.383104 0
    outer loop
      vertex 150.408 141.499 0
      vertex 150.138 142.15 3
      vertex 150.138 142.15 0
    endloop
  endfacet
  facet normal -0.923705 -0.383104 0
    outer loop
      vertex 150.138 142.15 3
      vertex 150.408 141.499 0
      vertex 150.408 141.499 3
    endloop
  endfacet
  facet normal 0.130491 -0.991449 0
    outer loop
      vertex 147.101 143.408 0
      vertex 147.8 143.5 3
      vertex 147.101 143.408 3
    endloop
  endfacet
  facet normal 0.130491 -0.991449 0
    outer loop
      vertex 147.8 143.5 3
      vertex 147.101 143.408 0
      vertex 147.8 143.5 0
    endloop
  endfacet
  facet normal 0.383104 -0.923705 0
    outer loop
      vertex 146.45 143.138 0
      vertex 147.101 143.408 3
      vertex 146.45 143.138 3
    endloop
  endfacet
  facet normal 0.383104 -0.923705 0
    outer loop
      vertex 147.101 143.408 3
      vertex 146.45 143.138 0
      vertex 147.101 143.408 0
    endloop
  endfacet
  facet normal -0.793309 0.608819 0
    outer loop
      vertex 149.709 138.891 0
      vertex 150.138 139.45 3
      vertex 150.138 139.45 0
    endloop
  endfacet
  facet normal -0.793309 0.608819 0
    outer loop
      vertex 150.138 139.45 3
      vertex 149.709 138.891 0
      vertex 149.709 138.891 3
    endloop
  endfacet
  facet normal 0.793309 0.608819 0
    outer loop
      vertex 145.891 138.891 3
      vertex 145.462 139.45 0
      vertex 145.462 139.45 3
    endloop
  endfacet
  facet normal 0.793309 0.608819 0
    outer loop
      vertex 145.462 139.45 0
      vertex 145.891 138.891 3
      vertex 145.891 138.891 0
    endloop
  endfacet
  facet normal 0.383104 0.923705 -0
    outer loop
      vertex 147.101 138.192 0
      vertex 146.45 138.462 3
      vertex 147.101 138.192 3
    endloop
  endfacet
  facet normal 0.383104 0.923705 0
    outer loop
      vertex 146.45 138.462 3
      vertex 147.101 138.192 0
      vertex 146.45 138.462 0
    endloop
  endfacet
  facet normal 0.608819 0.793309 -0
    outer loop
      vertex 146.45 138.462 0
      vertex 145.891 138.891 3
      vertex 146.45 138.462 3
    endloop
  endfacet
  facet normal 0.608819 0.793309 0
    outer loop
      vertex 145.891 138.891 3
      vertex 146.45 138.462 0
      vertex 145.891 138.891 0
    endloop
  endfacet
  facet normal -0.793309 -0.608819 0
    outer loop
      vertex 150.138 142.15 0
      vertex 149.709 142.709 3
      vertex 149.709 142.709 0
    endloop
  endfacet
  facet normal -0.793309 -0.608819 0
    outer loop
      vertex 149.709 142.709 3
      vertex 150.138 142.15 0
      vertex 150.138 142.15 3
    endloop
  endfacet
  facet normal -0.608819 -0.793309 0
    outer loop
      vertex 149.15 143.138 0
      vertex 149.709 142.709 3
      vertex 149.15 143.138 3
    endloop
  endfacet
  facet normal -0.608819 -0.793309 -0
    outer loop
      vertex 149.709 142.709 3
      vertex 149.15 143.138 0
      vertex 149.709 142.709 0
    endloop
  endfacet
  facet normal -0.130491 -0.991449 0
    outer loop
      vertex 147.8 143.5 0
      vertex 148.499 143.408 3
      vertex 147.8 143.5 3
    endloop
  endfacet
  facet normal -0.130491 -0.991449 -0
    outer loop
      vertex 148.499 143.408 3
      vertex 147.8 143.5 0
      vertex 148.499 143.408 0
    endloop
  endfacet
  facet normal 0.991449 0.130491 0
    outer loop
      vertex 145.192 140.101 3
      vertex 145.1 140.8 0
      vertex 145.1 140.8 3
    endloop
  endfacet
  facet normal 0.991449 0.130491 0
    outer loop
      vertex 145.1 140.8 0
      vertex 145.192 140.101 3
      vertex 145.192 140.101 0
    endloop
  endfacet
  facet normal 0.923705 -0.383104 0
    outer loop
      vertex 145.192 141.499 3
      vertex 145.462 142.15 0
      vertex 145.462 142.15 3
    endloop
  endfacet
  facet normal 0.923705 -0.383104 0
    outer loop
      vertex 145.462 142.15 0
      vertex 145.192 141.499 3
      vertex 145.192 141.499 0
    endloop
  endfacet
  facet normal 0.608819 -0.793309 0
    outer loop
      vertex 145.891 142.709 0
      vertex 146.45 143.138 3
      vertex 145.891 142.709 3
    endloop
  endfacet
  facet normal 0.608819 -0.793309 0
    outer loop
      vertex 146.45 143.138 3
      vertex 145.891 142.709 0
      vertex 146.45 143.138 0
    endloop
  endfacet
  facet normal 0.793309 -0.608819 0
    outer loop
      vertex 145.462 142.15 3
      vertex 145.891 142.709 0
      vertex 145.891 142.709 3
    endloop
  endfacet
  facet normal 0.793309 -0.608819 0
    outer loop
      vertex 145.891 142.709 0
      vertex 145.462 142.15 3
      vertex 145.462 142.15 0
    endloop
  endfacet
  facet normal -0.923705 0.383104 0
    outer loop
      vertex 150.138 139.45 0
      vertex 150.408 140.101 3
      vertex 150.408 140.101 0
    endloop
  endfacet
  facet normal -0.923705 0.383104 0
    outer loop
      vertex 150.408 140.101 3
      vertex 150.138 139.45 0
      vertex 150.138 139.45 3
    endloop
  endfacet
  facet normal -0.383104 0.923705 0
    outer loop
      vertex 149.15 138.462 0
      vertex 148.499 138.192 3
      vertex 149.15 138.462 3
    endloop
  endfacet
  facet normal -0.383104 0.923705 0
    outer loop
      vertex 148.499 138.192 3
      vertex 149.15 138.462 0
      vertex 148.499 138.192 0
    endloop
  endfacet
  facet normal -0.608819 0.793309 0
    outer loop
      vertex 149.709 138.891 0
      vertex 149.15 138.462 3
      vertex 149.709 138.891 3
    endloop
  endfacet
  facet normal -0.608819 0.793309 0
    outer loop
      vertex 149.15 138.462 3
      vertex 149.709 138.891 0
      vertex 149.15 138.462 0
    endloop
  endfacet
  facet normal -0.130491 0.991449 0
    outer loop
      vertex 148.499 138.192 0
      vertex 147.8 138.1 3
      vertex 148.499 138.192 3
    endloop
  endfacet
  facet normal -0.130491 0.991449 0
    outer loop
      vertex 147.8 138.1 3
      vertex 148.499 138.192 0
      vertex 147.8 138.1 0
    endloop
  endfacet
  facet normal 0.923705 0.383104 0
    outer loop
      vertex 145.462 139.45 3
      vertex 145.192 140.101 0
      vertex 145.192 140.101 3
    endloop
  endfacet
  facet normal 0.923705 0.383104 0
    outer loop
      vertex 145.192 140.101 0
      vertex 145.462 139.45 3
      vertex 145.462 139.45 0
    endloop
  endfacet
  facet normal 0.991449 -0.130491 0
    outer loop
      vertex 145.1 140.8 3
      vertex 145.192 141.499 0
      vertex 145.192 141.499 3
    endloop
  endfacet
  facet normal 0.991449 -0.130491 0
    outer loop
      vertex 145.192 141.499 0
      vertex 145.1 140.8 3
      vertex 145.1 140.8 0
    endloop
  endfacet
  facet normal -0.991449 0.130491 0
    outer loop
      vertex 150.408 140.101 0
      vertex 150.5 140.8 3
      vertex 150.5 140.8 0
    endloop
  endfacet
  facet normal -0.991449 0.130491 0
    outer loop
      vertex 150.5 140.8 3
      vertex 150.408 140.101 0
      vertex 150.408 140.101 3
    endloop
  endfacet
  facet normal -0.886976 0.461815 0
    outer loop
      vertex 135.547 33.3122 3
      vertex 136.4 34.9505 54.8
      vertex 136.4 34.9505 3
    endloop
  endfacet
  facet normal -0.886976 0.461815 0
    outer loop
      vertex 136.4 34.9505 54.8
      vertex 135.547 33.3122 3
      vertex 135.547 33.3122 54.8
    endloop
  endfacet
  facet normal 0.433875 -0.900973 0
    outer loop
      vertex 2.83634 160.647 3
      vertex 4.4 161.4 54.8
      vertex 2.83634 160.647 54.8
    endloop
  endfacet
  facet normal 0.433875 -0.900973 0
    outer loop
      vertex 4.4 161.4 54.8
      vertex 2.83634 160.647 3
      vertex 4.4 161.4 3
    endloop
  endfacet
  facet normal -0.573093 0.81949 0
    outer loop
      vertex 106 12.623 8
      vertex 105.851 12.5188 9.51552
      vertex 106 12.623 9.60517
    endloop
  endfacet
  facet normal -0.573711 0.819058 5.47768e-05
    outer loop
      vertex 105 11.9228 8
      vertex 104.262 11.4058 8.99559
      vertex 104.486 11.5627 9.01353
    endloop
  endfacet
  facet normal -0.573498 0.819207 0.000215906
    outer loop
      vertex 104.858 11.8231 9.10382
      vertex 105 11.9228 8
      vertex 104.486 11.5627 9.01353
    endloop
  endfacet
  facet normal -0.574224 0.818698 7.64963e-05
    outer loop
      vertex 105.078 11.9774 9.15732
      vertex 105 11.9228 8
      vertex 104.858 11.8231 9.10382
    endloop
  endfacet
  facet normal -0.572931 0.819604 -5.33556e-05
    outer loop
      vertex 105.291 12.1263 9.24546
      vertex 105 11.9228 8
      vertex 105.078 11.9774 9.15732
    endloop
  endfacet
  facet normal -0.573572 0.819155 0.000169821
    outer loop
      vertex 105 11.9228 8
      vertex 105.291 12.1263 9.24546
      vertex 106 12.623 8
    endloop
  endfacet
  facet normal -0.573645 0.819104 0.00010776
    outer loop
      vertex 105.65 12.3777 9.39424
      vertex 106 12.623 8
      vertex 105.291 12.1263 9.24546
    endloop
  endfacet
  facet normal -0.574473 0.818523 -0.000202164
    outer loop
      vertex 105.851 12.5188 9.51552
      vertex 106 12.623 8
      vertex 105.65 12.3777 9.39424
    endloop
  endfacet
  facet normal -0.573579 0.819151 -1.27951e-06
    outer loop
      vertex 105.078 11.9774 20.0427
      vertex 91.9166 2.76169 54.8
      vertex 135.547 33.3122 54.8
    endloop
  endfacet
  facet normal -0.572861 0.819652 0.000374589
    outer loop
      vertex 91.9166 2.76169 54.8
      vertex 104.262 11.4058 20.2044
      vertex 103.883 11.1409 20.2347
    endloop
  endfacet
  facet normal -0.573712 0.819057 -7.75296e-05
    outer loop
      vertex 91.9166 2.76169 54.8
      vertex 104.486 11.5627 20.1865
      vertex 104.262 11.4058 20.2044
    endloop
  endfacet
  facet normal -0.574274 0.818663 -0.000381616
    outer loop
      vertex 91.9166 2.76169 54.8
      vertex 104.706 11.717 20.133
      vertex 104.486 11.5627 20.1865
    endloop
  endfacet
  facet normal -0.573451 0.81924 7.08603e-05
    outer loop
      vertex 91.9166 2.76169 54.8
      vertex 105.078 11.9774 20.0427
      vertex 104.706 11.717 20.133
    endloop
  endfacet
  facet normal -0.573606 0.819131 3.43511e-05
    outer loop
      vertex 135.547 33.3122 54.8
      vertex 105.437 12.2288 19.8939
      vertex 105.078 11.9774 20.0427
    endloop
  endfacet
  facet normal -0.573112 0.819477 -0.000599939
    outer loop
      vertex 135.547 33.3122 54.8
      vertex 105.65 12.3777 19.8058
      vertex 105.437 12.2288 19.8939
    endloop
  endfacet
  facet normal -0.574225 0.818697 0.000816536
    outer loop
      vertex 135.547 33.3122 54.8
      vertex 105.851 12.5188 19.6845
      vertex 105.65 12.3777 19.8058
    endloop
  endfacet
  facet normal -0.573608 0.81913 3.91698e-05
    outer loop
      vertex 135.547 33.3122 54.8
      vertex 106.191 12.7569 19.4798
      vertex 105.851 12.5188 19.6845
    endloop
  endfacet
  facet normal -0.573716 0.819054 0.000173216
    outer loop
      vertex 135.547 33.3122 54.8
      vertex 106.506 12.9776 19.2226
      vertex 106.191 12.7569 19.4798
    endloop
  endfacet
  facet normal -0.57333 0.819324 -0.000296441
    outer loop
      vertex 135.547 33.3122 54.8
      vertex 106.693 13.1084 19.0703
      vertex 106.506 12.9776 19.2226
    endloop
  endfacet
  facet normal -0.573341 0.819317 -0.000283857
    outer loop
      vertex 135.547 33.3122 54.8
      vertex 106.862 13.2266 18.8895
      vertex 106.693 13.1084 19.0703
    endloop
  endfacet
  facet normal -0.57362 0.819121 4.8744e-05
    outer loop
      vertex 135.547 33.3122 54.8
      vertex 107.147 13.4262 18.5843
      vertex 106.862 13.2266 18.8895
    endloop
  endfacet
  facet normal -0.5737 0.819065 0.000142584
    outer loop
      vertex 135.547 33.3122 54.8
      vertex 107.295 13.5299 18.3782
      vertex 107.147 13.4262 18.5843
    endloop
  endfacet
  facet normal -0.573522 0.81919 -6.38061e-05
    outer loop
      vertex 135.547 33.3122 54.8
      vertex 107.545 13.7049 18.0302
      vertex 107.295 13.5299 18.3782
    endloop
  endfacet
  facet normal -0.573312 0.819337 -0.000302573
    outer loop
      vertex 135.547 33.3122 54.8
      vertex 107.756 13.8524 17.6453
      vertex 107.545 13.7049 18.0302
    endloop
  endfacet
  facet normal -0.573346 0.819313 -0.000264253
    outer loop
      vertex 135.547 33.3122 54.8
      vertex 107.881 13.9398 17.4173
      vertex 107.756 13.8524 17.6453
    endloop
  endfacet
  facet normal -0.573586 0.819146 0
    outer loop
      vertex 135.547 33.3122 3
      vertex 107.881 13.9398 17.4173
      vertex 135.547 33.3122 54.8
    endloop
  endfacet
  facet normal -0.573175 0.819432 0.00117158
    outer loop
      vertex 107.881 13.9398 17.4173
      vertex 135.547 33.3122 3
      vertex 107.98 14.0094 17.1714
    endloop
  endfacet
  facet normal -0.573783 0.819007 -0.000587857
    outer loop
      vertex 107.98 14.0094 17.1714
      vertex 135.547 33.3122 3
      vertex 108.148 14.1268 16.7563
    endloop
  endfacet
  facet normal -0.573165 0.819439 0.00124378
    outer loop
      vertex 108.148 14.1268 16.7563
      vertex 135.547 33.3122 3
      vertex 108.269 14.2121 16.318
    endloop
  endfacet
  facet normal -0.574188 0.818721 -0.00188164
    outer loop
      vertex 108.269 14.2121 16.318
      vertex 135.547 33.3122 3
      vertex 108.342 14.2627 16.0584
    endloop
  endfacet
  facet normal -0.572955 0.819585 0.0019487
    outer loop
      vertex 108.342 14.2627 16.0584
      vertex 135.547 33.3122 3
      vertex 108.385 14.2934 15.7894
    endloop
  endfacet
  facet normal -0.573581 0.819149 -2.87577e-05
    outer loop
      vertex 108.385 14.2934 15.7894
      vertex 135.547 33.3122 3
      vertex 108.459 14.3452 15.3355
    endloop
  endfacet
  facet normal -0.573686 0.819075 -0.000372678
    outer loop
      vertex 108.459 14.3452 15.3355
      vertex 135.547 33.3122 3
      vertex 108.484 14.3625 14.8736
    endloop
  endfacet
  facet normal -0.573759 0.819024 -0.000622978
    outer loop
      vertex 108.484 14.3625 14.8736
      vertex 135.547 33.3122 3
      vertex 108.499 14.3728 14.6
    endloop
  endfacet
  facet normal -0.573409 0.819269 0.000594533
    outer loop
      vertex 108.499 14.3728 14.6
      vertex 135.547 33.3122 3
      vertex 108.484 14.3625 14.3264
    endloop
  endfacet
  facet normal -0.573476 0.819222 0.000355833
    outer loop
      vertex 108.484 14.3625 14.3264
      vertex 135.547 33.3122 3
      vertex 108.459 14.3452 13.8645
    endloop
  endfacet
  facet normal -0.573565 0.81916 2.4989e-05
    outer loop
      vertex 108.459 14.3452 13.8645
      vertex 135.547 33.3122 3
      vertex 108.385 14.2934 13.4106
    endloop
  endfacet
  facet normal -0.574007 0.818849 -0.00169647
    outer loop
      vertex 108.385 14.2934 13.4106
      vertex 135.547 33.3122 3
      vertex 108.342 14.2627 13.1416
    endloop
  endfacet
  facet normal -0.573214 0.819404 0.00147446
    outer loop
      vertex 108.342 14.2627 13.1416
      vertex 135.547 33.3122 3
      vertex 108.269 14.2121 12.882
    endloop
  endfacet
  facet normal -0.573811 0.818987 -0.000977759
    outer loop
      vertex 108.269 14.2121 12.882
      vertex 135.547 33.3122 3
      vertex 108.148 14.1268 12.4437
    endloop
  endfacet
  facet normal -0.57349 0.819213 0.000411166
    outer loop
      vertex 108.148 14.1268 12.4437
      vertex 135.547 33.3122 3
      vertex 107.98 14.0094 12.0286
    endloop
  endfacet
  facet normal -0.57376 0.819023 -0.000820458
    outer loop
      vertex 107.98 14.0094 12.0286
      vertex 135.547 33.3122 3
      vertex 107.881 13.9398 11.7827
    endloop
  endfacet
  facet normal -0.57358 0.81915 2.68851e-05
    outer loop
      vertex 107 13.3232 3
      vertex 107.881 13.9398 11.7827
      vertex 135.547 33.3122 3
    endloop
  endfacet
  facet normal -0.572838 0.819669 -8.39671e-05
    outer loop
      vertex 107.881 13.9398 11.7827
      vertex 107 13.3232 3
      vertex 107.67 13.7923 11.3978
    endloop
  endfacet
  facet normal -0.572933 0.819602 -7.26431e-05
    outer loop
      vertex 107.67 13.7923 11.3978
      vertex 107 13.3232 3
      vertex 107.545 13.7049 11.1698
    endloop
  endfacet
  facet normal -0.573851 0.81896 1.85923e-05
    outer loop
      vertex 107.545 13.7049 11.1698
      vertex 107 13.3232 3
      vertex 107.397 13.6012 10.9637
    endloop
  endfacet
  facet normal -0.573452 0.819239 -1.10543e-05
    outer loop
      vertex 107.397 13.6012 10.9637
      vertex 107 13.3232 3
      vertex 107.147 13.4262 10.6157
    endloop
  endfacet
  facet normal -0.573836 0.81897 0
    outer loop
      vertex 107.147 13.4262 10.6157
      vertex 107 13.3232 3
      vertex 107 13.3232 10.4582
    endloop
  endfacet
  facet normal -0.57389 0.818932 -0.000156
    outer loop
      vertex 103.505 10.876 20.2044
      vertex 91.9166 2.76169 54.8
      vertex 103.883 11.1409 20.2347
    endloop
  endfacet
  facet normal -0.573943 0.818895 -0.000182509
    outer loop
      vertex 103.281 10.719 20.1865
      vertex 91.9166 2.76169 54.8
      vertex 103.505 10.876 20.2044
    endloop
  endfacet
  facet normal -0.573933 0.818902 -0.000177492
    outer loop
      vertex 103.061 10.5648 20.133
      vertex 91.9166 2.76169 54.8
      vertex 103.281 10.719 20.1865
    endloop
  endfacet
  facet normal -0.57347 0.819227 4.44991e-05
    outer loop
      vertex 102.689 10.3044 20.0427
      vertex 91.9166 2.76169 54.8
      vertex 103.061 10.5648 20.133
    endloop
  endfacet
  facet normal -0.57361 0.819129 -2.02717e-05
    outer loop
      vertex 102.33 10.053 19.8939
      vertex 91.9166 2.76169 54.8
      vertex 102.689 10.3044 20.0427
    endloop
  endfacet
  facet normal -0.573037 0.81953 0.000234468
    outer loop
      vertex 102.117 9.90409 19.8058
      vertex 91.9166 2.76169 54.8
      vertex 102.33 10.053 19.8939
    endloop
  endfacet
  facet normal -0.574316 0.818634 -0.000321274
    outer loop
      vertex 101.916 9.76303 19.6845
      vertex 91.9166 2.76169 54.8
      vertex 102.117 9.90409 19.8058
    endloop
  endfacet
  facet normal -0.572636 0.81981 0.000391731
    outer loop
      vertex 101.575 9.52494 19.4798
      vertex 91.9166 2.76169 54.8
      vertex 101.916 9.76303 19.6845
    endloop
  endfacet
  facet normal -0.573829 0.818975 -9.45622e-05
    outer loop
      vertex 101.26 9.3042 19.2226
      vertex 91.9166 2.76169 54.8
      vertex 101.575 9.52494 19.4798
    endloop
  endfacet
  facet normal -0.573169 0.819437 0.00016366
    outer loop
      vertex 101.073 9.17343 19.0703
      vertex 91.9166 2.76169 54.8
      vertex 101.26 9.3042 19.2226
    endloop
  endfacet
  facet normal -0.573643 0.819106 -1.71389e-05
    outer loop
      vertex 100.788 8.97383 18.7651
      vertex 91.9166 2.76169 54.8
      vertex 101.073 9.17343 19.0703
    endloop
  endfacet
  facet normal -0.575168 0.818035 -0.000577224
    outer loop
      vertex 100.62 8.85558 18.5843
      vertex 91.9166 2.76169 54.8
      vertex 100.788 8.97383 18.7651
    endloop
  endfacet
  facet normal -0.571821 0.820378 0.000621513
    outer loop
      vertex 100.471 8.75188 18.3782
      vertex 91.9166 2.76169 54.8
      vertex 100.62 8.85558 18.5843
    endloop
  endfacet
  facet normal -0.573562 0.819162 1.25646e-05
    outer loop
      vertex 100.221 8.57684 18.0302
      vertex 91.9166 2.76169 54.8
      vertex 100.471 8.75188 18.3782
    endloop
  endfacet
  facet normal -0.575315 0.817932 -0.000577986
    outer loop
      vertex 100.097 8.48946 17.8022
      vertex 91.9166 2.76169 54.8
      vertex 100.221 8.57684 18.0302
    endloop
  endfacet
  facet normal -0.573101 0.819485 0.000152021
    outer loop
      vertex 99.886 8.34197 17.4173
      vertex 91.9166 2.76169 54.8
      vertex 100.097 8.48946 17.8022
    endloop
  endfacet
  facet normal -0.573546 0.819174 1.07518e-05
    outer loop
      vertex 99.7183 8.22456 17.0022
      vertex 91.9166 2.76169 54.8
      vertex 99.886 8.34197 17.4173
    endloop
  endfacet
  facet normal -0.573722 0.81905 -4.35071e-05
    outer loop
      vertex 99.619 8.15499 16.7563
      vertex 91.9166 2.76169 54.8
      vertex 99.7183 8.22456 17.0022
    endloop
  endfacet
  facet normal -0.573617 0.819124 3.24849e-05
    outer loop
      vertex 91.9166 2.76169 3
      vertex 99.619 8.15499 16.7563
      vertex 99.5468 8.10444 16.4966
    endloop
  endfacet
  facet normal -0.573647 0.819103 5.78555e-05
    outer loop
      vertex 91.9166 2.76169 3
      vertex 99.5468 8.10444 16.4966
      vertex 99.4249 8.0191 16.0584
    endloop
  endfacet
  facet normal -0.573655 0.819097 6.48863e-05
    outer loop
      vertex 91.9166 2.76169 3
      vertex 99.4249 8.0191 16.0584
      vertex 99.3509 7.96731 15.6044
    endloop
  endfacet
  facet normal -0.573531 0.819184 -4.42526e-05
    outer loop
      vertex 91.9166 2.76169 3
      vertex 99.3509 7.96731 15.6044
      vertex 99.3071 7.93663 15.3355
    endloop
  endfacet
  facet normal -0.57357 0.819156 -9.08656e-06
    outer loop
      vertex 91.9166 2.76169 3
      vertex 99.3071 7.93663 15.3355
      vertex 99.2823 7.91926 14.8736
    endloop
  endfacet
  facet normal -0.573627 0.819117 4.31129e-05
    outer loop
      vertex 91.9166 2.76169 3
      vertex 99.2823 7.91926 14.8736
      vertex 99.2676 7.90898 14.6
    endloop
  endfacet
  facet normal -0.573543 0.819176 -3.63763e-05
    outer loop
      vertex 91.9166 2.76169 3
      vertex 99.2676 7.90898 14.6
      vertex 99.2823 7.91926 14.3264
    endloop
  endfacet
  facet normal -0.573588 0.819144 7.66698e-06
    outer loop
      vertex 91.9166 2.76169 3
      vertex 99.2823 7.91926 14.3264
      vertex 99.3071 7.93663 13.8645
    endloop
  endfacet
  facet normal -0.573606 0.819131 2.59949e-05
    outer loop
      vertex 91.9166 2.76169 3
      vertex 99.3071 7.93663 13.8645
      vertex 99.3509 7.96731 13.5956
    endloop
  endfacet
  facet normal -0.573545 0.819174 -3.8107e-05
    outer loop
      vertex 91.9166 2.76169 3
      vertex 99.3509 7.96731 13.5956
      vertex 99.4249 8.0191 13.1416
    endloop
  endfacet
  facet normal -0.573568 0.819158 -1.21981e-05
    outer loop
      vertex 91.9166 2.76169 3
      vertex 99.5468 8.10444 12.7034
      vertex 99.619 8.15499 12.4437
    endloop
  endfacet
  facet normal -0.573564 0.819161 -2.15376e-05
    outer loop
      vertex 91.9166 2.76169 3
      vertex 99.7183 8.22456 12.1978
      vertex 99.886 8.34197 11.7827
    endloop
  endfacet
  facet normal -0.573622 0.81912 4.60839e-05
    outer loop
      vertex 91.9166 2.76169 3
      vertex 100.788 8.97383 10.4349
      vertex 101.073 9.17343 10.1297
    endloop
  endfacet
  facet normal -0.574769 0.818315 -0.000800541
    outer loop
      vertex 105 11.9228 3
      vertex 101.916 9.76303 9.51552
      vertex 102.117 9.90409 9.39424
    endloop
  endfacet
  facet normal -0.572931 0.819603 0.000916258
    outer loop
      vertex 104.262 11.4058 8.99559
      vertex 105 11.9228 8
      vertex 103.883 11.1409 8.96532
    endloop
  endfacet
  facet normal -0.573943 0.818895 -0.00082884
    outer loop
      vertex 103.883 11.1409 8.96532
      vertex 105 11.9228 8
      vertex 103.505 10.876 8.99559
    endloop
  endfacet
  facet normal -0.574005 0.818851 -0.00096747
    outer loop
      vertex 103.505 10.876 8.99559
      vertex 105 11.9228 8
      vertex 103.281 10.719 9.01353
    endloop
  endfacet
  facet normal -0.573622 0.81912 0
    outer loop
      vertex 105 11.9228 3
      vertex 103.281 10.719 9.01353
      vertex 105 11.9228 8
    endloop
  endfacet
  facet normal -0.573292 0.819351 0.00014086
    outer loop
      vertex 103.281 10.719 9.01353
      vertex 105 11.9228 3
      vertex 102.909 10.4587 9.10382
    endloop
  endfacet
  facet normal -0.57427 0.818666 -0.000358665
    outer loop
      vertex 102.909 10.4587 9.10382
      vertex 105 11.9228 3
      vertex 102.689 10.3044 9.15732
    endloop
  endfacet
  facet normal -0.57282 0.819681 0.000452305
    outer loop
      vertex 102.689 10.3044 9.15732
      vertex 105 11.9228 3
      vertex 102.476 10.1555 9.24546
    endloop
  endfacet
  facet normal -0.573643 0.819106 -4.3066e-05
    outer loop
      vertex 102.476 10.1555 9.24546
      vertex 105 11.9228 3
      vertex 102.117 9.90409 9.39424
    endloop
  endfacet
  facet normal -0.573577 0.819152 4.10471e-05
    outer loop
      vertex 91.9166 2.76169 3
      vertex 101.916 9.76303 9.51552
      vertex 105 11.9228 3
    endloop
  endfacet
  facet normal -0.572996 0.819557 -0.00128629
    outer loop
      vertex 101.916 9.76303 9.51552
      vertex 91.9166 2.76169 3
      vertex 101.575 9.52494 9.72023
    endloop
  endfacet
  facet normal -0.573728 0.819046 0.000279779
    outer loop
      vertex 101.575 9.52494 9.72023
      vertex 91.9166 2.76169 3
      vertex 101.26 9.3042 9.97737
    endloop
  endfacet
  facet normal -0.573345 0.819314 -0.000484417
    outer loop
      vertex 101.26 9.3042 9.97737
      vertex 91.9166 2.76169 3
      vertex 101.073 9.17343 10.1297
    endloop
  endfacet
  facet normal -0.574467 0.818526 0.00155027
    outer loop
      vertex 100.788 8.97383 10.4349
      vertex 91.9166 2.76169 3
      vertex 100.62 8.85558 10.6157
    endloop
  endfacet
  facet normal -0.572661 0.819791 -0.00152481
    outer loop
      vertex 100.62 8.85558 10.6157
      vertex 91.9166 2.76169 3
      vertex 100.471 8.75188 10.8218
    endloop
  endfacet
  facet normal -0.573578 0.819151 0
    outer loop
      vertex 99.619 8.15499 16.7563
      vertex 91.9166 2.76169 3
      vertex 91.9166 2.76169 54.8
    endloop
  endfacet
  facet normal -0.57356 0.819164 -2.17092e-05
    outer loop
      vertex 99.5468 8.10444 12.7034
      vertex 91.9166 2.76169 3
      vertex 99.4249 8.0191 13.1416
    endloop
  endfacet
  facet normal -0.57365 0.819101 8.71456e-05
    outer loop
      vertex 99.7183 8.22456 12.1978
      vertex 91.9166 2.76169 3
      vertex 99.619 8.15499 12.4437
    endloop
  endfacet
  facet normal -0.573329 0.819325 -0.000338394
    outer loop
      vertex 100.097 8.48946 11.3978
      vertex 91.9166 2.76169 3
      vertex 99.886 8.34197 11.7827
    endloop
  endfacet
  facet normal -0.574446 0.818541 0.00128419
    outer loop
      vertex 100.221 8.57684 11.1698
      vertex 91.9166 2.76169 3
      vertex 100.097 8.48946 11.3978
    endloop
  endfacet
  facet normal -0.573579 0.81915 -3.07779e-05
    outer loop
      vertex 100.471 8.75188 10.8218
      vertex 91.9166 2.76169 3
      vertex 100.221 8.57684 11.1698
    endloop
  endfacet
  facet normal 0.573572 -0.819155 -1.75329e-05
    outer loop
      vertex 106.862 13.2266 10.3105
      vertex 107 13.3232 11.6
      vertex 105 11.9228 11.6
    endloop
  endfacet
  facet normal 0.573462 -0.819232 0
    outer loop
      vertex 107 13.3232 11.6
      vertex 106.862 13.2266 10.3105
      vertex 107 13.3232 10.4582
    endloop
  endfacet
  facet normal 0.573586 -0.819145 1.2052e-05
    outer loop
      vertex 106 12.623 9.9
      vertex 106.862 13.2266 10.3105
      vertex 105 11.9228 11.6
    endloop
  endfacet
  facet normal 0.573953 -0.818888 -0.00113636
    outer loop
      vertex 106.862 13.2266 10.3105
      vertex 106 12.623 9.9
      vertex 106.693 13.1084 10.1297
    endloop
  endfacet
  facet normal 0.573572 -0.819155 0
    outer loop
      vertex 106 12.623 9.9
      vertex 105 11.9228 11.6
      vertex 105 11.9228 9.9
    endloop
  endfacet
  facet normal 0.574064 -0.818809 -0.00163995
    outer loop
      vertex 106.693 13.1084 10.1297
      vertex 106 12.623 9.9
      vertex 106.506 12.9776 9.97737
    endloop
  endfacet
  facet normal 0.573916 -0.818914 -0.000192064
    outer loop
      vertex 106 12.623 9.9
      vertex 106.191 12.7569 9.72023
      vertex 106.506 12.9776 9.97737
    endloop
  endfacet
  facet normal 0.574038 -0.818829 0
    outer loop
      vertex 106.191 12.7569 9.72023
      vertex 106 12.623 9.9
      vertex 106 12.623 9.60517
    endloop
  endfacet
  facet normal 0 0 1
    outer loop
      vertex 14.0213 118.779 3
      vertex 58.7787 118.779 3
      vertex 14.4981 119.4 3
    endloop
  endfacet
  facet normal 0 0 1
    outer loop
      vertex 58.7787 65.0213 3
      vertex 14.7978 63.6765 3
      vertex 14.9 62.9 3
    endloop
  endfacet
  facet normal 0 0 1
    outer loop
      vertex 58.7787 118.779 3
      vertex 14.0213 118.779 3
      vertex 58.7787 65.0213 3
    endloop
  endfacet
  facet normal 0 0 1
    outer loop
      vertex 58.7787 65.0213 3
      vertex 14.4981 64.4 3
      vertex 14.7978 63.6765 3
    endloop
  endfacet
  facet normal 0 0 1
    outer loop
      vertex 14.0213 65.0213 3
      vertex 58.7787 65.0213 3
      vertex 14.0213 118.779 3
    endloop
  endfacet
  facet normal 0 0 1
    outer loop
      vertex 58.7787 65.0213 3
      vertex 14.0213 65.0213 3
      vertex 14.4981 64.4 3
    endloop
  endfacet
  facet normal -0 0 1
    outer loop
      vertex 13.4 118.302 3
      vertex 14.0213 65.0213 3
      vertex 14.0213 118.779 3
    endloop
  endfacet
  facet normal 0 0 1
    outer loop
      vertex 13.4 118.302 3
      vertex 13.4 65.4981 3
      vertex 14.0213 65.0213 3
    endloop
  endfacet
  facet normal -0 0 1
    outer loop
      vertex 12.6765 118.002 3
      vertex 13.4 65.4981 3
      vertex 13.4 118.302 3
    endloop
  endfacet
  facet normal 0 0 1
    outer loop
      vertex 12.6765 118.002 3
      vertex 12.6765 65.7978 3
      vertex 13.4 65.4981 3
    endloop
  endfacet
  facet normal -0 0 1
    outer loop
      vertex 11.9 117.9 3
      vertex 12.6765 65.7978 3
      vertex 12.6765 118.002 3
    endloop
  endfacet
  facet normal 0 0 1
    outer loop
      vertex 11.9 117.9 3
      vertex 11.9 65.9 3
      vertex 12.6765 65.7978 3
    endloop
  endfacet
  facet normal 0 0 1
    outer loop
      vertex 11.1235 118.002 3
      vertex 11.9 65.9 3
      vertex 11.9 117.9 3
    endloop
  endfacet
  facet normal 0 0 1
    outer loop
      vertex 11.1235 118.002 3
      vertex 11.1235 65.7978 3
      vertex 11.9 65.9 3
    endloop
  endfacet
  facet normal 0 0 1
    outer loop
      vertex 10.4 118.302 3
      vertex 11.1235 65.7978 3
      vertex 11.1235 118.002 3
    endloop
  endfacet
  facet normal 0 0 1
    outer loop
      vertex 10.4 118.302 3
      vertex 10.4 65.4981 3
      vertex 11.1235 65.7978 3
    endloop
  endfacet
  facet normal 0 0 1
    outer loop
      vertex 9.77868 118.779 3
      vertex 10.4 65.4981 3
      vertex 10.4 118.302 3
    endloop
  endfacet
  facet normal 0 0 1
    outer loop
      vertex 9.77868 118.779 3
      vertex 9.77868 65.0213 3
      vertex 10.4 65.4981 3
    endloop
  endfacet
  facet normal 0 0 1
    outer loop
      vertex 9.30192 119.4 3
      vertex 9.77868 65.0213 3
      vertex 9.77868 118.779 3
    endloop
  endfacet
  facet normal 0 0 1
    outer loop
      vertex 9.30192 119.4 3
      vertex 9.30192 64.4 3
      vertex 9.77868 65.0213 3
    endloop
  endfacet
  facet normal 0 0 1
    outer loop
      vertex 9.00222 120.124 3
      vertex 9.30192 64.4 3
      vertex 9.30192 119.4 3
    endloop
  endfacet
  facet normal 0 0 1
    outer loop
      vertex 9.00222 120.124 3
      vertex 9.00222 63.6765 3
      vertex 9.30192 64.4 3
    endloop
  endfacet
  facet normal 0 0 1
    outer loop
      vertex 2.4 34.9505 3
      vertex 9.00222 120.124 3
      vertex 8.9 120.9 3
    endloop
  endfacet
  facet normal 0 0 1
    outer loop
      vertex 9.00222 120.124 3
      vertex 2.4 34.9505 3
      vertex 9.00222 63.6765 3
    endloop
  endfacet
  facet normal -0 0 1
    outer loop
      vertex 63.0213 118.779 3
      vertex 105 53.4 3
      vertex 63.4981 119.4 3
    endloop
  endfacet
  facet normal 0 0 1
    outer loop
      vertex 70.4 59.4 3
      vertex 63.7978 63.6765 3
      vertex 63.9 62.9 3
    endloop
  endfacet
  facet normal 0 0 1
    outer loop
      vertex 105 53.4 3
      vertex 63.0213 118.779 3
      vertex 70.4 59.4 3
    endloop
  endfacet
  facet normal 0 0 1
    outer loop
      vertex 70.4 59.4 3
      vertex 63.4981 64.4 3
      vertex 63.7978 63.6765 3
    endloop
  endfacet
  facet normal -0 0 1
    outer loop
      vertex 63.0213 65.0213 3
      vertex 70.4 59.4 3
      vertex 63.0213 118.779 3
    endloop
  endfacet
  facet normal 0 0 1
    outer loop
      vertex 70.4 59.4 3
      vertex 63.0213 65.0213 3
      vertex 63.4981 64.4 3
    endloop
  endfacet
  facet normal -0 0 1
    outer loop
      vertex 62.4 118.302 3
      vertex 63.0213 65.0213 3
      vertex 63.0213 118.779 3
    endloop
  endfacet
  facet normal 0 0 1
    outer loop
      vertex 62.4 118.302 3
      vertex 62.4 65.4981 3
      vertex 63.0213 65.0213 3
    endloop
  endfacet
  facet normal -0 0 1
    outer loop
      vertex 61.6765 118.002 3
      vertex 62.4 65.4981 3
      vertex 62.4 118.302 3
    endloop
  endfacet
  facet normal 0 0 1
    outer loop
      vertex 61.6765 118.002 3
      vertex 61.6765 65.7978 3
      vertex 62.4 65.4981 3
    endloop
  endfacet
  facet normal -0 0 1
    outer loop
      vertex 60.9 117.9 3
      vertex 61.6765 65.7978 3
      vertex 61.6765 118.002 3
    endloop
  endfacet
  facet normal 0 0 1
    outer loop
      vertex 60.9 117.9 3
      vertex 60.9 65.9 3
      vertex 61.6765 65.7978 3
    endloop
  endfacet
  facet normal 0 0 1
    outer loop
      vertex 60.1235 118.002 3
      vertex 60.9 65.9 3
      vertex 60.9 117.9 3
    endloop
  endfacet
  facet normal 0 0 1
    outer loop
      vertex 60.1235 118.002 3
      vertex 60.1235 65.7978 3
      vertex 60.9 65.9 3
    endloop
  endfacet
  facet normal 0 0 1
    outer loop
      vertex 59.4 118.302 3
      vertex 60.1235 65.7978 3
      vertex 60.1235 118.002 3
    endloop
  endfacet
  facet normal 0 0 1
    outer loop
      vertex 59.4 118.302 3
      vertex 59.4 65.4981 3
      vertex 60.1235 65.7978 3
    endloop
  endfacet
  facet normal 0 0 1
    outer loop
      vertex 58.7787 118.779 3
      vertex 59.4 65.4981 3
      vertex 59.4 118.302 3
    endloop
  endfacet
  facet normal 0 0 1
    outer loop
      vertex 58.7787 118.779 3
      vertex 58.7787 65.0213 3
      vertex 59.4 65.4981 3
    endloop
  endfacet
  facet normal 0 0 1
    outer loop
      vertex 58.0022 120.124 3
      vertex 14.7978 120.124 3
      vertex 58.3019 119.4 3
    endloop
  endfacet
  facet normal 0 0 1
    outer loop
      vertex 14.4981 119.4 3
      vertex 58.3019 119.4 3
      vertex 14.7978 120.124 3
    endloop
  endfacet
  facet normal 0 0 1
    outer loop
      vertex 14.7978 120.124 3
      vertex 58.0022 120.124 3
      vertex 14.9 120.9 3
    endloop
  endfacet
  facet normal 0 0 1
    outer loop
      vertex 58.3019 119.4 3
      vertex 14.4981 119.4 3
      vertex 58.7787 118.779 3
    endloop
  endfacet
  facet normal -0 0 1
    outer loop
      vertex 14.9 120.9 3
      vertex 58.0022 120.124 3
      vertex 57.9 120.9 3
    endloop
  endfacet
  facet normal 0 0 1
    outer loop
      vertex 58.7787 65.0213 3
      vertex 14.9 62.9 3
      vertex 58.3019 64.4 3
    endloop
  endfacet
  facet normal 0 0 1
    outer loop
      vertex 61.6765 123.798 3
      vertex 76.4 135.4 3
      vertex 67.4 149.4 3
    endloop
  endfacet
  facet normal 0 0 1
    outer loop
      vertex 63.7978 120.124 3
      vertex 76.4 135.4 3
      vertex 63.9 120.9 3
    endloop
  endfacet
  facet normal 0 0 1
    outer loop
      vertex 130.4 59.4 3
      vertex 105.4 135.4 3
      vertex 107 53.4 3
    endloop
  endfacet
  facet normal 0 0 1
    outer loop
      vertex 107 53.4 3
      vertex 105.4 135.4 3
      vertex 105 53.4 3
    endloop
  endfacet
  facet normal 0 0 1
    outer loop
      vertex 127.4 135.4 3
      vertex 133.4 149.4 3
      vertex 130.4 149.4 3
    endloop
  endfacet
  facet normal 0 0 1
    outer loop
      vertex 133.4 149.4 3
      vertex 127.4 135.4 3
      vertex 133.4 59.4 3
    endloop
  endfacet
  facet normal 0 0 1
    outer loop
      vertex 134.4 161.4 3
      vertex 130.4 152.4 3
      vertex 133.4 152.4 3
    endloop
  endfacet
  facet normal -0 0 1
    outer loop
      vertex 127.4 152.4 3
      vertex 130.4 149.4 3
      vertex 130.4 152.4 3
    endloop
  endfacet
  facet normal 0 0 1
    outer loop
      vertex 133.4 59.4 3
      vertex 127.4 135.4 3
      vertex 130.4 59.4 3
    endloop
  endfacet
  facet normal 0 0 1
    outer loop
      vertex 130.4 149.4 3
      vertex 127.4 152.4 3
      vertex 127.4 135.4 3
    endloop
  endfacet
  facet normal 0 0 1
    outer loop
      vertex 134.4 161.4 3
      vertex 127.4 152.4 3
      vertex 130.4 152.4 3
    endloop
  endfacet
  facet normal 0 0 1
    outer loop
      vertex 134.4 161.4 3
      vertex 105.4 152.4 3
      vertex 127.4 152.4 3
    endloop
  endfacet
  facet normal 0 0 1
    outer loop
      vertex 98.4 135.4 3
      vertex 105.4 135.4 3
      vertex 105.4 152.4 3
    endloop
  endfacet
  facet normal 0 0 1
    outer loop
      vertex 105.4 135.4 3
      vertex 98.4 135.4 3
      vertex 105 53.4 3
    endloop
  endfacet
  facet normal 0 0 1
    outer loop
      vertex 98.4 135.4 3
      vertex 105.4 152.4 3
      vertex 98.4 152.4 3
    endloop
  endfacet
  facet normal 0 0 1
    outer loop
      vertex 134.4 161.4 3
      vertex 98.4 152.4 3
      vertex 105.4 152.4 3
    endloop
  endfacet
  facet normal 0 0 1
    outer loop
      vertex 134.4 161.4 3
      vertex 76.4 152.4 3
      vertex 98.4 152.4 3
    endloop
  endfacet
  facet normal 0 0 1
    outer loop
      vertex 70.4 149.4 3
      vertex 76.4 152.4 3
      vertex 70.4 152.4 3
    endloop
  endfacet
  facet normal 0 0 1
    outer loop
      vertex 134.4 161.4 3
      vertex 70.4 152.4 3
      vertex 76.4 152.4 3
    endloop
  endfacet
  facet normal 0 0 1
    outer loop
      vertex 134.4 161.4 3
      vertex 67.4 152.4 3
      vertex 70.4 152.4 3
    endloop
  endfacet
  facet normal 0 0 1
    outer loop
      vertex 4.4 161.4 3
      vertex 67.4 149.4 3
      vertex 67.4 152.4 3
    endloop
  endfacet
  facet normal 0 0 1
    outer loop
      vertex 98.4 135.4 3
      vertex 63.4981 119.4 3
      vertex 105 53.4 3
    endloop
  endfacet
  facet normal 0 0 1
    outer loop
      vertex 70.4 59.4 3
      vertex 63.9 62.9 3
      vertex 67.4 59.4 3
    endloop
  endfacet
  facet normal 0 0 1
    outer loop
      vertex 76.4 135.4 3
      vertex 63.7978 121.676 3
      vertex 63.9 120.9 3
    endloop
  endfacet
  facet normal 0 0 1
    outer loop
      vertex 76.4 135.4 3
      vertex 63.4981 122.4 3
      vertex 63.7978 121.676 3
    endloop
  endfacet
  facet normal 0 0 1
    outer loop
      vertex 76.4 135.4 3
      vertex 63.0213 123.021 3
      vertex 63.4981 122.4 3
    endloop
  endfacet
  facet normal 0 0 1
    outer loop
      vertex 76.4 135.4 3
      vertex 62.4 123.498 3
      vertex 63.0213 123.021 3
    endloop
  endfacet
  facet normal 0 0 1
    outer loop
      vertex 76.4 135.4 3
      vertex 61.6765 123.798 3
      vertex 62.4 123.498 3
    endloop
  endfacet
  facet normal 0 0 1
    outer loop
      vertex 67.4 149.4 3
      vertex 60.9 123.9 3
      vertex 61.6765 123.798 3
    endloop
  endfacet
  facet normal 0 0 1
    outer loop
      vertex 67.4 149.4 3
      vertex 60.1235 123.798 3
      vertex 60.9 123.9 3
    endloop
  endfacet
  facet normal 0 0 1
    outer loop
      vertex 67.4 149.4 3
      vertex 59.4 123.498 3
      vertex 60.1235 123.798 3
    endloop
  endfacet
  facet normal 0 0 1
    outer loop
      vertex 67.4 149.4 3
      vertex 58.7787 123.021 3
      vertex 59.4 123.498 3
    endloop
  endfacet
  facet normal 0 0 1
    outer loop
      vertex 67.4 149.4 3
      vertex 14.0213 123.021 3
      vertex 58.7787 123.021 3
    endloop
  endfacet
  facet normal 0 0 1
    outer loop
      vertex 58.7787 123.021 3
      vertex 14.0213 123.021 3
      vertex 58.3019 122.4 3
    endloop
  endfacet
  facet normal 0 0 1
    outer loop
      vertex 58.3019 64.4 3
      vertex 33.8 53.4 3
      vertex 58.0022 63.6765 3
    endloop
  endfacet
  facet normal 0 0 1
    outer loop
      vertex 57.9 62.9 3
      vertex 33.8 53.4 3
      vertex 53.8 6.4 3
    endloop
  endfacet
  facet normal 0 0 1
    outer loop
      vertex 51.8 6.4 3
      vertex 48.0306 2.4 3
      vertex 51.8 2.4 3
    endloop
  endfacet
  facet normal 0 0 1
    outer loop
      vertex 53.8 6.4 3
      vertex 33.8 53.4 3
      vertex 51.8 6.4 3
    endloop
  endfacet
  facet normal -0 0 1
    outer loop
      vertex 33.8 11.9228 3
      vertex 51.8 6.4 3
      vertex 33.8 53.4 3
    endloop
  endfacet
  facet normal 0 -0 1
    outer loop
      vertex 46.8834 2.76169 3
      vertex 51.8 6.4 3
      vertex 33.8 11.9228 3
    endloop
  endfacet
  facet normal 0 0 1
    outer loop
      vertex 14.9 120.9 3
      vertex 57.9 120.9 3
      vertex 58.0022 121.676 3
    endloop
  endfacet
  facet normal 0 -0 1
    outer loop
      vertex 14.4981 122.4 3
      vertex 58.3019 122.4 3
      vertex 14.0213 123.021 3
    endloop
  endfacet
  facet normal 0 -0 1
    outer loop
      vertex 33.8 53.4 3
      vertex 58.3019 64.4 3
      vertex 14.9 62.9 3
    endloop
  endfacet
  facet normal 0 0 1
    outer loop
      vertex 33.8 53.4 3
      vertex 14.9 62.9 3
      vertex 31.8 53.4 3
    endloop
  endfacet
  facet normal 0 0 1
    outer loop
      vertex 58.0022 63.6765 3
      vertex 33.8 53.4 3
      vertex 57.9 62.9 3
    endloop
  endfacet
  facet normal 0 0 1
    outer loop
      vertex 58.0022 121.676 3
      vertex 14.7978 121.676 3
      vertex 14.9 120.9 3
    endloop
  endfacet
  facet normal 0 0 1
    outer loop
      vertex 58.0022 121.676 3
      vertex 14.4981 122.4 3
      vertex 14.7978 121.676 3
    endloop
  endfacet
  facet normal 0 0 1
    outer loop
      vertex 58.3019 122.4 3
      vertex 14.4981 122.4 3
      vertex 58.0022 121.676 3
    endloop
  endfacet
  facet normal 0 0 1
    outer loop
      vertex 67.4 149.4 3
      vertex 4.4 161.4 3
      vertex 14.0213 123.021 3
    endloop
  endfacet
  facet normal 0 0 1
    outer loop
      vertex 14.0213 123.021 3
      vertex 4.4 161.4 3
      vertex 13.4 123.498 3
    endloop
  endfacet
  facet normal 0 0 1
    outer loop
      vertex 13.4 123.498 3
      vertex 4.4 161.4 3
      vertex 12.6765 123.798 3
    endloop
  endfacet
  facet normal -0 0 1
    outer loop
      vertex 2.4 159.4 3
      vertex 12.6765 123.798 3
      vertex 4.4 161.4 3
    endloop
  endfacet
  facet normal 0 0 1
    outer loop
      vertex 12.6765 123.798 3
      vertex 2.4 159.4 3
      vertex 11.9 123.9 3
    endloop
  endfacet
  facet normal 0 0 1
    outer loop
      vertex 9.00222 121.676 3
      vertex 2.4 159.4 3
      vertex 8.9 120.9 3
    endloop
  endfacet
  facet normal 0 0 1
    outer loop
      vertex 9.30192 122.4 3
      vertex 2.4 159.4 3
      vertex 9.00222 121.676 3
    endloop
  endfacet
  facet normal 0 0 1
    outer loop
      vertex 9.77868 123.021 3
      vertex 2.4 159.4 3
      vertex 9.30192 122.4 3
    endloop
  endfacet
  facet normal 0 0 1
    outer loop
      vertex 10.4 123.498 3
      vertex 2.4 159.4 3
      vertex 9.77868 123.021 3
    endloop
  endfacet
  facet normal 0 0 1
    outer loop
      vertex 11.1235 123.798 3
      vertex 2.4 159.4 3
      vertex 10.4 123.498 3
    endloop
  endfacet
  facet normal 0 0 1
    outer loop
      vertex 11.9 123.9 3
      vertex 2.4 159.4 3
      vertex 11.1235 123.798 3
    endloop
  endfacet
  facet normal -0 0 1
    outer loop
      vertex 4.4 161.4 3
      vertex 67.4 152.4 3
      vertex 134.4 161.4 3
    endloop
  endfacet
  facet normal 0 0 1
    outer loop
      vertex 134.4 161.4 3
      vertex 136.4 159.4 3
      vertex 135.647 160.964 3
    endloop
  endfacet
  facet normal 0 0 1
    outer loop
      vertex 136.4 159.4 3
      vertex 133.4 59.4 3
      vertex 136.4 34.9505 3
    endloop
  endfacet
  facet normal 0 0 1
    outer loop
      vertex 136.4 159.4 3
      vertex 134.4 161.4 3
      vertex 133.4 152.4 3
    endloop
  endfacet
  facet normal 0 0 1
    outer loop
      vertex 136.4 159.4 3
      vertex 133.4 152.4 3
      vertex 133.4 149.4 3
    endloop
  endfacet
  facet normal 0 0 1
    outer loop
      vertex 136.4 159.4 3
      vertex 133.4 149.4 3
      vertex 133.4 59.4 3
    endloop
  endfacet
  facet normal -0 0 1
    outer loop
      vertex 133.4 56.4 3
      vertex 136.4 34.9505 3
      vertex 133.4 59.4 3
    endloop
  endfacet
  facet normal -0 0 1
    outer loop
      vertex 130.4 56.4 3
      vertex 136.4 34.9505 3
      vertex 133.4 56.4 3
    endloop
  endfacet
  facet normal 0 0 1
    outer loop
      vertex 136.4 34.9505 3
      vertex 130.4 56.4 3
      vertex 135.547 33.3122 3
    endloop
  endfacet
  facet normal -0 0 1
    outer loop
      vertex 105.4 135.4 3
      vertex 130.4 59.4 3
      vertex 127.4 135.4 3
    endloop
  endfacet
  facet normal 0 0 1
    outer loop
      vertex 130.4 59.4 3
      vertex 107 53.4 3
      vertex 130.4 56.4 3
    endloop
  endfacet
  facet normal -0 0 1
    outer loop
      vertex 107 53.4 3
      vertex 135.547 33.3122 3
      vertex 130.4 56.4 3
    endloop
  endfacet
  facet normal 0 0 1
    outer loop
      vertex 135.547 33.3122 3
      vertex 107 53.4 3
      vertex 107 13.3232 3
    endloop
  endfacet
  facet normal 0 0 1
    outer loop
      vertex 63.4981 119.4 3
      vertex 98.4 135.4 3
      vertex 63.7978 120.124 3
    endloop
  endfacet
  facet normal -0 0 1
    outer loop
      vertex 70.4 56.4 3
      vertex 105 53.4 3
      vertex 70.4 59.4 3
    endloop
  endfacet
  facet normal 0 -0 1
    outer loop
      vertex 87 6.4 3
      vertex 105 53.4 3
      vertex 70.4 56.4 3
    endloop
  endfacet
  facet normal 0 0 1
    outer loop
      vertex 105 53.4 3
      vertex 87 6.4 3
      vertex 105 11.9228 3
    endloop
  endfacet
  facet normal 0 0 1
    outer loop
      vertex 105 11.9228 3
      vertex 87 6.4 3
      vertex 91.9166 2.76169 3
    endloop
  endfacet
  facet normal 0 0 1
    outer loop
      vertex 63.7978 120.124 3
      vertex 98.4 135.4 3
      vertex 76.4 135.4 3
    endloop
  endfacet
  facet normal 0 0 1
    outer loop
      vertex 91.9166 2.76169 3
      vertex 87 6.4 3
      vertex 90.7694 2.4 3
    endloop
  endfacet
  facet normal 0 0 1
    outer loop
      vertex 76.4 152.4 3
      vertex 70.4 149.4 3
      vertex 76.4 135.4 3
    endloop
  endfacet
  facet normal -0 0 1
    outer loop
      vertex 67.4 149.4 3
      vertex 76.4 135.4 3
      vertex 70.4 149.4 3
    endloop
  endfacet
  facet normal 0 0 1
    outer loop
      vertex 87 6.4 3
      vertex 70.4 56.4 3
      vertex 85 6.4 3
    endloop
  endfacet
  facet normal 0 0 1
    outer loop
      vertex 53.8 6.4 3
      vertex 85 6.4 3
      vertex 70.4 56.4 3
    endloop
  endfacet
  facet normal 0 0 1
    outer loop
      vertex 53.8 6.4 3
      vertex 70.4 56.4 3
      vertex 67.4 56.4 3
    endloop
  endfacet
  facet normal -0 0 1
    outer loop
      vertex 63.7978 62.1235 3
      vertex 67.4 59.4 3
      vertex 63.9 62.9 3
    endloop
  endfacet
  facet normal -0 0 1
    outer loop
      vertex 63.4981 61.4 3
      vertex 67.4 59.4 3
      vertex 63.7978 62.1235 3
    endloop
  endfacet
  facet normal -0 0 1
    outer loop
      vertex 63.0213 60.7787 3
      vertex 67.4 59.4 3
      vertex 63.4981 61.4 3
    endloop
  endfacet
  facet normal -0 0 1
    outer loop
      vertex 62.4 60.3019 3
      vertex 67.4 59.4 3
      vertex 63.0213 60.7787 3
    endloop
  endfacet
  facet normal 0 0 1
    outer loop
      vertex 67.4 59.4 3
      vertex 62.4 60.3019 3
      vertex 67.4 56.4 3
    endloop
  endfacet
  facet normal -0 0 1
    outer loop
      vertex 61.6765 60.0022 3
      vertex 67.4 56.4 3
      vertex 62.4 60.3019 3
    endloop
  endfacet
  facet normal -0 0 1
    outer loop
      vertex 60.9 59.9 3
      vertex 67.4 56.4 3
      vertex 61.6765 60.0022 3
    endloop
  endfacet
  facet normal 0 0 1
    outer loop
      vertex 60.1235 60.0022 3
      vertex 67.4 56.4 3
      vertex 60.9 59.9 3
    endloop
  endfacet
  facet normal 0 0 1
    outer loop
      vertex 67.4 56.4 3
      vertex 60.1235 60.0022 3
      vertex 53.8 6.4 3
    endloop
  endfacet
  facet normal 0 0 1
    outer loop
      vertex 53.8 6.4 3
      vertex 60.1235 60.0022 3
      vertex 59.4 60.3019 3
    endloop
  endfacet
  facet normal 0 0 1
    outer loop
      vertex 53.8 6.4 3
      vertex 59.4 60.3019 3
      vertex 58.7787 60.7787 3
    endloop
  endfacet
  facet normal 0 0 1
    outer loop
      vertex 53.8 6.4 3
      vertex 58.7787 60.7787 3
      vertex 58.3019 61.4 3
    endloop
  endfacet
  facet normal 0 0 1
    outer loop
      vertex 53.8 6.4 3
      vertex 58.0022 62.1235 3
      vertex 57.9 62.9 3
    endloop
  endfacet
  facet normal 0 0 1
    outer loop
      vertex 53.8 6.4 3
      vertex 58.3019 61.4 3
      vertex 58.0022 62.1235 3
    endloop
  endfacet
  facet normal 0 0 1
    outer loop
      vertex 85 6.4 3
      vertex 53.8 6.4 3
      vertex 85 2.4 3
    endloop
  endfacet
  facet normal 0 0 1
    outer loop
      vertex 85 2.4 3
      vertex 53.8 6.4 3
      vertex 53.8 2.4 3
    endloop
  endfacet
  facet normal 0 0 1
    outer loop
      vertex 90.7694 2.4 3
      vertex 87 6.4 3
      vertex 87 2.4 3
    endloop
  endfacet
  facet normal 0 0 1
    outer loop
      vertex 51.8 6.4 3
      vertex 46.8834 2.76169 3
      vertex 48.0306 2.4 3
    endloop
  endfacet
  facet normal -0 0 1
    outer loop
      vertex 14.7978 62.1235 3
      vertex 31.8 53.4 3
      vertex 14.9 62.9 3
    endloop
  endfacet
  facet normal -0 0 1
    outer loop
      vertex 14.4981 61.4 3
      vertex 31.8 53.4 3
      vertex 14.7978 62.1235 3
    endloop
  endfacet
  facet normal -0 0 1
    outer loop
      vertex 14.0213 60.7787 3
      vertex 31.8 53.4 3
      vertex 14.4981 61.4 3
    endloop
  endfacet
  facet normal -0 0 1
    outer loop
      vertex 13.4 60.3019 3
      vertex 31.8 53.4 3
      vertex 14.0213 60.7787 3
    endloop
  endfacet
  facet normal -0 0 1
    outer loop
      vertex 12.6765 60.0022 3
      vertex 31.8 53.4 3
      vertex 13.4 60.3019 3
    endloop
  endfacet
  facet normal 0 0 1
    outer loop
      vertex 2.4 34.9505 3
      vertex 31.8 53.4 3
      vertex 12.6765 60.0022 3
    endloop
  endfacet
  facet normal 0 0 1
    outer loop
      vertex 2.4 34.9505 3
      vertex 12.6765 60.0022 3
      vertex 11.9 59.9 3
    endloop
  endfacet
  facet normal 0 0 1
    outer loop
      vertex 2.4 34.9505 3
      vertex 11.9 59.9 3
      vertex 11.1235 60.0022 3
    endloop
  endfacet
  facet normal 0 0 1
    outer loop
      vertex 2.4 34.9505 3
      vertex 11.1235 60.0022 3
      vertex 10.4 60.3019 3
    endloop
  endfacet
  facet normal 0 0 1
    outer loop
      vertex 2.4 34.9505 3
      vertex 10.4 60.3019 3
      vertex 9.77868 60.7787 3
    endloop
  endfacet
  facet normal 0 0 1
    outer loop
      vertex 2.4 34.9505 3
      vertex 9.77868 60.7787 3
      vertex 9.30192 61.4 3
    endloop
  endfacet
  facet normal 0 0 1
    outer loop
      vertex 31.8 53.4 3
      vertex 3.25284 33.3122 3
      vertex 31.8 13.3232 3
    endloop
  endfacet
  facet normal 0 0 1
    outer loop
      vertex 2.4 34.9505 3
      vertex 9.30192 61.4 3
      vertex 9.00222 62.1235 3
    endloop
  endfacet
  facet normal 0 0 1
    outer loop
      vertex 2.4 34.9505 3
      vertex 9.00222 62.1235 3
      vertex 8.9 62.9 3
    endloop
  endfacet
  facet normal 0 0 1
    outer loop
      vertex 2.4 34.9505 3
      vertex 8.9 120.9 3
      vertex 2.4 159.4 3
    endloop
  endfacet
  facet normal 0 0 1
    outer loop
      vertex 2.4 159.4 3
      vertex 4.4 161.4 3
      vertex 2.83634 160.647 3
    endloop
  endfacet
  facet normal 0 0 1
    outer loop
      vertex 9.00222 63.6765 3
      vertex 2.4 34.9505 3
      vertex 8.9 62.9 3
    endloop
  endfacet
  facet normal 0 0 1
    outer loop
      vertex 31.8 53.4 3
      vertex 2.4 34.9505 3
      vertex 3.25284 33.3122 3
    endloop
  endfacet
  facet normal 0 0 1
    outer loop
      vertex 12.9163 63.3209 3
      vertex 12.9163 62.479 3
      vertex 13 62.9 3
    endloop
  endfacet
  facet normal 0 0 1
    outer loop
      vertex 12.6778 63.6778 3
      vertex 12.9163 62.479 3
      vertex 12.9163 63.3209 3
    endloop
  endfacet
  facet normal 0 0 1
    outer loop
      vertex 12.6778 63.6778 3
      vertex 12.6778 62.1222 3
      vertex 12.9163 62.479 3
    endloop
  endfacet
  facet normal 0 0 1
    outer loop
      vertex 12.321 63.9163 3
      vertex 12.6778 62.1222 3
      vertex 12.6778 63.6778 3
    endloop
  endfacet
  facet normal 0 0 1
    outer loop
      vertex 12.321 63.9163 3
      vertex 12.321 61.8837 3
      vertex 12.6778 62.1222 3
    endloop
  endfacet
  facet normal 0 0 1
    outer loop
      vertex 11.9 64 3
      vertex 12.321 61.8837 3
      vertex 12.321 63.9163 3
    endloop
  endfacet
  facet normal 0 0 1
    outer loop
      vertex 11.9 64 3
      vertex 11.9 61.8 3
      vertex 12.321 61.8837 3
    endloop
  endfacet
  facet normal -0 0 1
    outer loop
      vertex 11.479 63.9163 3
      vertex 11.9 61.8 3
      vertex 11.9 64 3
    endloop
  endfacet
  facet normal 0 0 1
    outer loop
      vertex 11.479 63.9163 3
      vertex 11.479 61.8837 3
      vertex 11.9 61.8 3
    endloop
  endfacet
  facet normal -0 0 1
    outer loop
      vertex 11.1222 63.6778 3
      vertex 11.479 61.8837 3
      vertex 11.479 63.9163 3
    endloop
  endfacet
  facet normal 0 0 1
    outer loop
      vertex 11.1222 63.6778 3
      vertex 11.1222 62.1222 3
      vertex 11.479 61.8837 3
    endloop
  endfacet
  facet normal -0 0 1
    outer loop
      vertex 10.8837 63.3209 3
      vertex 11.1222 62.1222 3
      vertex 11.1222 63.6778 3
    endloop
  endfacet
  facet normal 0 0 1
    outer loop
      vertex 10.8837 63.3209 3
      vertex 10.8837 62.479 3
      vertex 11.1222 62.1222 3
    endloop
  endfacet
  facet normal 0 -0 1
    outer loop
      vertex 10.8837 62.479 3
      vertex 10.8837 63.3209 3
      vertex 10.8 62.9 3
    endloop
  endfacet
  facet normal 0 0 1
    outer loop
      vertex 61.9163 63.3209 3
      vertex 61.9163 62.479 3
      vertex 62 62.9 3
    endloop
  endfacet
  facet normal 0 0 1
    outer loop
      vertex 61.6778 63.6778 3
      vertex 61.9163 62.479 3
      vertex 61.9163 63.3209 3
    endloop
  endfacet
  facet normal 0 0 1
    outer loop
      vertex 61.6778 63.6778 3
      vertex 61.6778 62.1222 3
      vertex 61.9163 62.479 3
    endloop
  endfacet
  facet normal 0 0 1
    outer loop
      vertex 61.3209 63.9163 3
      vertex 61.6778 62.1222 3
      vertex 61.6778 63.6778 3
    endloop
  endfacet
  facet normal 0 0 1
    outer loop
      vertex 61.3209 63.9163 3
      vertex 61.3209 61.8837 3
      vertex 61.6778 62.1222 3
    endloop
  endfacet
  facet normal 0 0 1
    outer loop
      vertex 60.9 64 3
      vertex 61.3209 61.8837 3
      vertex 61.3209 63.9163 3
    endloop
  endfacet
  facet normal 0 0 1
    outer loop
      vertex 60.9 64 3
      vertex 60.9 61.8 3
      vertex 61.3209 61.8837 3
    endloop
  endfacet
  facet normal -0 0 1
    outer loop
      vertex 60.479 63.9163 3
      vertex 60.9 61.8 3
      vertex 60.9 64 3
    endloop
  endfacet
  facet normal 0 0 1
    outer loop
      vertex 60.479 63.9163 3
      vertex 60.479 61.8837 3
      vertex 60.9 61.8 3
    endloop
  endfacet
  facet normal -0 0 1
    outer loop
      vertex 60.1222 63.6778 3
      vertex 60.479 61.8837 3
      vertex 60.479 63.9163 3
    endloop
  endfacet
  facet normal 0 0 1
    outer loop
      vertex 60.1222 63.6778 3
      vertex 60.1222 62.1222 3
      vertex 60.479 61.8837 3
    endloop
  endfacet
  facet normal -0 0 1
    outer loop
      vertex 59.8837 63.3209 3
      vertex 60.1222 62.1222 3
      vertex 60.1222 63.6778 3
    endloop
  endfacet
  facet normal 0 0 1
    outer loop
      vertex 59.8837 63.3209 3
      vertex 59.8837 62.479 3
      vertex 60.1222 62.1222 3
    endloop
  endfacet
  facet normal 0 -0 1
    outer loop
      vertex 59.8837 62.479 3
      vertex 59.8837 63.3209 3
      vertex 59.8 62.9 3
    endloop
  endfacet
  facet normal 0 0 1
    outer loop
      vertex 12.9163 121.321 3
      vertex 12.9163 120.479 3
      vertex 13 120.9 3
    endloop
  endfacet
  facet normal 0 0 1
    outer loop
      vertex 12.6778 121.678 3
      vertex 12.9163 120.479 3
      vertex 12.9163 121.321 3
    endloop
  endfacet
  facet normal 0 0 1
    outer loop
      vertex 12.6778 121.678 3
      vertex 12.6778 120.122 3
      vertex 12.9163 120.479 3
    endloop
  endfacet
  facet normal 0 0 1
    outer loop
      vertex 12.321 121.916 3
      vertex 12.6778 120.122 3
      vertex 12.6778 121.678 3
    endloop
  endfacet
  facet normal 0 0 1
    outer loop
      vertex 12.321 121.916 3
      vertex 12.321 119.884 3
      vertex 12.6778 120.122 3
    endloop
  endfacet
  facet normal 0 0 1
    outer loop
      vertex 11.9 122 3
      vertex 12.321 119.884 3
      vertex 12.321 121.916 3
    endloop
  endfacet
  facet normal 0 0 1
    outer loop
      vertex 11.9 122 3
      vertex 11.9 119.8 3
      vertex 12.321 119.884 3
    endloop
  endfacet
  facet normal -0 0 1
    outer loop
      vertex 11.479 121.916 3
      vertex 11.9 119.8 3
      vertex 11.9 122 3
    endloop
  endfacet
  facet normal 0 0 1
    outer loop
      vertex 11.479 121.916 3
      vertex 11.479 119.884 3
      vertex 11.9 119.8 3
    endloop
  endfacet
  facet normal -0 0 1
    outer loop
      vertex 11.1222 121.678 3
      vertex 11.479 119.884 3
      vertex 11.479 121.916 3
    endloop
  endfacet
  facet normal 0 0 1
    outer loop
      vertex 11.1222 121.678 3
      vertex 11.1222 120.122 3
      vertex 11.479 119.884 3
    endloop
  endfacet
  facet normal -0 0 1
    outer loop
      vertex 10.8837 121.321 3
      vertex 11.1222 120.122 3
      vertex 11.1222 121.678 3
    endloop
  endfacet
  facet normal 0 0 1
    outer loop
      vertex 10.8837 121.321 3
      vertex 10.8837 120.479 3
      vertex 11.1222 120.122 3
    endloop
  endfacet
  facet normal 0 -0 1
    outer loop
      vertex 10.8837 120.479 3
      vertex 10.8837 121.321 3
      vertex 10.8 120.9 3
    endloop
  endfacet
  facet normal 0 0 1
    outer loop
      vertex 61.9163 121.321 3
      vertex 61.9163 120.479 3
      vertex 62 120.9 3
    endloop
  endfacet
  facet normal 0 0 1
    outer loop
      vertex 61.6778 121.678 3
      vertex 61.9163 120.479 3
      vertex 61.9163 121.321 3
    endloop
  endfacet
  facet normal 0 0 1
    outer loop
      vertex 61.6778 121.678 3
      vertex 61.6778 120.122 3
      vertex 61.9163 120.479 3
    endloop
  endfacet
  facet normal 0 0 1
    outer loop
      vertex 61.3209 121.916 3
      vertex 61.6778 120.122 3
      vertex 61.6778 121.678 3
    endloop
  endfacet
  facet normal 0 0 1
    outer loop
      vertex 61.3209 121.916 3
      vertex 61.3209 119.884 3
      vertex 61.6778 120.122 3
    endloop
  endfacet
  facet normal 0 0 1
    outer loop
      vertex 60.9 122 3
      vertex 61.3209 119.884 3
      vertex 61.3209 121.916 3
    endloop
  endfacet
  facet normal 0 0 1
    outer loop
      vertex 60.9 122 3
      vertex 60.9 119.8 3
      vertex 61.3209 119.884 3
    endloop
  endfacet
  facet normal -0 0 1
    outer loop
      vertex 60.479 121.916 3
      vertex 60.9 119.8 3
      vertex 60.9 122 3
    endloop
  endfacet
  facet normal 0 0 1
    outer loop
      vertex 60.479 121.916 3
      vertex 60.479 119.884 3
      vertex 60.9 119.8 3
    endloop
  endfacet
  facet normal -0 0 1
    outer loop
      vertex 60.1222 121.678 3
      vertex 60.479 119.884 3
      vertex 60.479 121.916 3
    endloop
  endfacet
  facet normal 0 0 1
    outer loop
      vertex 60.1222 121.678 3
      vertex 60.1222 120.122 3
      vertex 60.479 119.884 3
    endloop
  endfacet
  facet normal -0 0 1
    outer loop
      vertex 59.8837 121.321 3
      vertex 60.1222 120.122 3
      vertex 60.1222 121.678 3
    endloop
  endfacet
  facet normal 0 0 1
    outer loop
      vertex 59.8837 121.321 3
      vertex 59.8837 120.479 3
      vertex 60.1222 120.122 3
    endloop
  endfacet
  facet normal 0 -0 1
    outer loop
      vertex 59.8837 120.479 3
      vertex 59.8837 121.321 3
      vertex 59.8 120.9 3
    endloop
  endfacet
  facet normal -0.90101 -0.433798 0
    outer loop
      vertex 136.4 159.4 3
      vertex 135.647 160.964 54.8
      vertex 135.647 160.964 3
    endloop
  endfacet
  facet normal -0.90101 -0.433798 0
    outer loop
      vertex 135.647 160.964 54.8
      vertex 136.4 159.4 3
      vertex 136.4 159.4 54.8
    endloop
  endfacet
  facet normal 0.573594 0.81914 -7.96927e-06
    outer loop
      vertex 34.5384 11.4058 20.2044
      vertex 46.8834 2.76169 54.8
      vertex 34.9167 11.1409 20.2347
    endloop
  endfacet
  facet normal 0.573593 0.819141 -7.53923e-06
    outer loop
      vertex 46.8834 2.76169 54.8
      vertex 35.295 10.876 20.2044
      vertex 34.9167 11.1409 20.2347
    endloop
  endfacet
  facet normal 0.573609 0.81913 -1.54798e-05
    outer loop
      vertex 46.8834 2.76169 54.8
      vertex 35.5192 10.719 20.1865
      vertex 35.295 10.876 20.2044
    endloop
  endfacet
  facet normal 0.573448 0.819242 6.32594e-05
    outer loop
      vertex 46.8834 2.76169 54.8
      vertex 35.7395 10.5648 20.133
      vertex 35.5192 10.719 20.1865
    endloop
  endfacet
  facet normal 0.573663 0.819092 -3.98044e-05
    outer loop
      vertex 46.8834 2.76169 54.8
      vertex 36.1113 10.3044 20.0427
      vertex 35.7395 10.5648 20.133
    endloop
  endfacet
  facet normal 0.573611 0.819128 -1.58843e-05
    outer loop
      vertex 46.8834 2.76169 54.8
      vertex 36.4703 10.053 19.8939
      vertex 36.1113 10.3044 20.0427
    endloop
  endfacet
  facet normal 0.573521 0.819191 2.42476e-05
    outer loop
      vertex 46.8834 2.76169 54.8
      vertex 36.683 9.90409 19.8058
      vertex 36.4703 10.053 19.8939
    endloop
  endfacet
  facet normal 0.573503 0.819204 3.21386e-05
    outer loop
      vertex 46.8834 2.76169 54.8
      vertex 36.8845 9.76303 19.6845
      vertex 36.683 9.90409 19.8058
    endloop
  endfacet
  facet normal 0.573604 0.819133 -1.06887e-05
    outer loop
      vertex 46.8834 2.76169 54.8
      vertex 37.2245 9.52494 19.4798
      vertex 36.8845 9.76303 19.6845
    endloop
  endfacet
  facet normal 0.573526 0.819187 2.08779e-05
    outer loop
      vertex 46.8834 2.76169 54.8
      vertex 37.5398 9.3042 19.2226
      vertex 37.2245 9.52494 19.4798
    endloop
  endfacet
  facet normal 0.573677 0.819082 -3.81804e-05
    outer loop
      vertex 46.8834 2.76169 54.8
      vertex 37.7265 9.17343 19.0703
      vertex 37.5398 9.3042 19.2226
    endloop
  endfacet
  facet normal 0.573532 0.819183 1.70279e-05
    outer loop
      vertex 46.8834 2.76169 54.8
      vertex 38.0116 8.97383 18.7651
      vertex 37.7265 9.17343 19.0703
    endloop
  endfacet
  facet normal 0.573538 0.819179 1.49231e-05
    outer loop
      vertex 46.8834 2.76169 54.8
      vertex 38.1805 8.85558 18.5843
      vertex 38.0116 8.97383 18.7651
    endloop
  endfacet
  facet normal 0.573575 0.819153 1.6457e-06
    outer loop
      vertex 46.8834 2.76169 54.8
      vertex 38.3286 8.75188 18.3782
      vertex 38.1805 8.85558 18.5843
    endloop
  endfacet
  facet normal 0.573558 0.819165 7.8176e-06
    outer loop
      vertex 46.8834 2.76169 54.8
      vertex 38.5786 8.57684 18.0302
      vertex 38.3286 8.75188 18.3782
    endloop
  endfacet
  facet normal 0.573778 0.819011 -6.62698e-05
    outer loop
      vertex 46.8834 2.76169 54.8
      vertex 38.7033 8.48946 17.8022
      vertex 38.5786 8.57684 18.0302
    endloop
  endfacet
  facet normal 0.573495 0.819209 2.68123e-05
    outer loop
      vertex 46.8834 2.76169 54.8
      vertex 38.914 8.34197 17.4173
      vertex 38.7033 8.48946 17.8022
    endloop
  endfacet
  facet normal 0.573684 0.819077 -3.31658e-05
    outer loop
      vertex 46.8834 2.76169 54.8
      vertex 39.0133 8.27241 17.1714
      vertex 38.914 8.34197 17.4173
    endloop
  endfacet
  facet normal 0.573566 0.819159 3.47278e-06
    outer loop
      vertex 46.8834 2.76169 54.8
      vertex 39.181 8.15499 16.7563
      vertex 39.0133 8.27241 17.1714
    endloop
  endfacet
  facet normal 0.573578 0.819151 -0
    outer loop
      vertex 46.8834 2.76169 3
      vertex 39.181 8.15499 16.7563
      vertex 46.8834 2.76169 54.8
    endloop
  endfacet
  facet normal 0.573692 0.819071 9.51983e-05
    outer loop
      vertex 39.181 8.15499 16.7563
      vertex 46.8834 2.76169 3
      vertex 39.3029 8.06966 16.318
    endloop
  endfacet
  facet normal 0.573547 0.819173 -2.82023e-05
    outer loop
      vertex 39.3029 8.06966 16.318
      vertex 46.8834 2.76169 3
      vertex 39.3751 8.0191 16.0584
    endloop
  endfacet
  facet normal 0.573527 0.819187 -4.53146e-05
    outer loop
      vertex 39.3751 8.0191 16.0584
      vertex 46.8834 2.76169 3
      vertex 39.4189 7.98842 15.7894
    endloop
  endfacet
  facet normal 0.573653 0.819099 6.42623e-05
    outer loop
      vertex 39.4189 7.98842 15.7894
      vertex 46.8834 2.76169 3
      vertex 39.4929 7.93663 15.3355
    endloop
  endfacet
  facet normal 0.57357 0.819156 -9.08656e-06
    outer loop
      vertex 39.4929 7.93663 15.3355
      vertex 46.8834 2.76169 3
      vertex 39.5177 7.91926 14.8736
    endloop
  endfacet
  facet normal 0.573627 0.819117 4.31129e-05
    outer loop
      vertex 39.5177 7.91926 14.8736
      vertex 46.8834 2.76169 3
      vertex 39.5324 7.90898 14.6
    endloop
  endfacet
  facet normal 0.573543 0.819176 -3.63763e-05
    outer loop
      vertex 39.5324 7.90898 14.6
      vertex 46.8834 2.76169 3
      vertex 39.5177 7.91926 14.3264
    endloop
  endfacet
  facet normal 0.573588 0.819144 7.66698e-06
    outer loop
      vertex 39.5177 7.91926 14.3264
      vertex 46.8834 2.76169 3
      vertex 39.4929 7.93663 13.8645
    endloop
  endfacet
  facet normal 0.573543 0.819175 -3.77358e-05
    outer loop
      vertex 39.4929 7.93663 13.8645
      vertex 46.8834 2.76169 3
      vertex 39.4189 7.98842 13.4106
    endloop
  endfacet
  facet normal 0.573535 0.819181 -5.96637e-05
    outer loop
      vertex 46.8834 2.76169 3
      vertex 38.7033 8.48946 11.3978
      vertex 38.914 8.34197 11.7827
    endloop
  endfacet
  facet normal 0.573636 0.81911 0.000112968
    outer loop
      vertex 46.8834 2.76169 3
      vertex 37.5398 9.3042 9.97737
      vertex 37.7265 9.17343 10.1297
    endloop
  endfacet
  facet normal 0.573594 0.81914 3.50747e-05
    outer loop
      vertex 46.8834 2.76169 3
      vertex 36.8845 9.76303 9.51552
      vertex 37.2245 9.52494 9.72023
    endloop
  endfacet
  facet normal 0.573596 0.819138 -5.20585e-05
    outer loop
      vertex 35.295 10.876 8.99559
      vertex 33.8 11.9228 8
      vertex 34.9167 11.1409 8.96532
    endloop
  endfacet
  facet normal 0.573614 0.819125 -9.35948e-05
    outer loop
      vertex 35.5192 10.719 9.01353
      vertex 33.8 11.9228 8
      vertex 35.295 10.876 8.99559
    endloop
  endfacet
  facet normal 0.573517 0.819193 2.56239e-05
    outer loop
      vertex 33.8 11.9228 3
      vertex 35.5192 10.719 9.01353
      vertex 35.891 10.4587 9.10382
    endloop
  endfacet
  facet normal 0.573698 0.819067 -6.64859e-05
    outer loop
      vertex 33.8 11.9228 3
      vertex 35.891 10.4587 9.10382
      vertex 36.1113 10.3044 9.15732
    endloop
  endfacet
  facet normal 0.573471 0.819226 6.00821e-05
    outer loop
      vertex 33.8 11.9228 3
      vertex 36.1113 10.3044 9.15732
      vertex 36.324 10.1555 9.24546
    endloop
  endfacet
  facet normal 0.573643 0.819106 -4.3066e-05
    outer loop
      vertex 33.8 11.9228 3
      vertex 36.324 10.1555 9.24546
      vertex 36.683 9.90409 9.39424
    endloop
  endfacet
  facet normal 0.573604 0.819133 2.66245e-05
    outer loop
      vertex 39.4189 7.98842 13.4106
      vertex 46.8834 2.76169 3
      vertex 39.3751 8.0191 13.1416
    endloop
  endfacet
  facet normal 0.573589 0.819143 1.05841e-05
    outer loop
      vertex 46.8834 2.76169 3
      vertex 39.3029 8.06966 12.882
      vertex 39.3751 8.0191 13.1416
    endloop
  endfacet
  facet normal 0.573549 0.819172 -3.57329e-05
    outer loop
      vertex 46.8834 2.76169 3
      vertex 39.181 8.15499 12.4437
      vertex 39.3029 8.06966 12.882
    endloop
  endfacet
  facet normal 0.573572 0.819155 -6.9566e-06
    outer loop
      vertex 46.8834 2.76169 3
      vertex 39.0133 8.27241 12.0286
      vertex 39.181 8.15499 12.4437
    endloop
  endfacet
  facet normal 0.573629 0.819115 6.64306e-05
    outer loop
      vertex 46.8834 2.76169 3
      vertex 38.914 8.34197 11.7827
      vertex 39.0133 8.27241 12.0286
    endloop
  endfacet
  facet normal 0.573678 0.819081 0.000147438
    outer loop
      vertex 38.7033 8.48946 11.3978
      vertex 46.8834 2.76169 3
      vertex 38.5786 8.57684 11.1698
    endloop
  endfacet
  facet normal 0.573578 0.819151 -4.47347e-06
    outer loop
      vertex 46.8834 2.76169 3
      vertex 38.4305 8.68054 10.9637
      vertex 38.5786 8.57684 11.1698
    endloop
  endfacet
  facet normal 0.573568 0.819158 -1.94112e-05
    outer loop
      vertex 46.8834 2.76169 3
      vertex 38.1805 8.85558 10.6157
      vertex 38.4305 8.68054 10.9637
    endloop
  endfacet
  facet normal 0.573556 0.819166 -4.01297e-05
    outer loop
      vertex 46.8834 2.76169 3
      vertex 38.0116 8.97383 10.4349
      vertex 38.1805 8.85558 10.6157
    endloop
  endfacet
  facet normal 0.573553 0.819168 -4.57889e-05
    outer loop
      vertex 46.8834 2.76169 3
      vertex 37.7265 9.17343 10.1297
      vertex 38.0116 8.97383 10.4349
    endloop
  endfacet
  facet normal 0.573548 0.819172 -6.17842e-05
    outer loop
      vertex 37.5398 9.3042 9.97737
      vertex 46.8834 2.76169 3
      vertex 37.2245 9.52494 9.72023
    endloop
  endfacet
  facet normal 0.573577 0.819152 -2.96907e-06
    outer loop
      vertex 33.8 11.9228 3
      vertex 36.8845 9.76303 9.51552
      vertex 46.8834 2.76169 3
    endloop
  endfacet
  facet normal 0.573456 0.819236 8.21034e-05
    outer loop
      vertex 36.8845 9.76303 9.51552
      vertex 33.8 11.9228 3
      vertex 36.683 9.90409 9.39424
    endloop
  endfacet
  facet normal 0.573577 0.819151 0
    outer loop
      vertex 35.5192 10.719 9.01353
      vertex 33.8 11.9228 3
      vertex 33.8 11.9228 8
    endloop
  endfacet
  facet normal 0.573358 0.819305 0.000117313
    outer loop
      vertex 34.3142 11.5627 20.1865
      vertex 46.8834 2.76169 54.8
      vertex 34.5384 11.4058 20.2044
    endloop
  endfacet
  facet normal 0.573698 0.819067 -6.6565e-05
    outer loop
      vertex 34.0939 11.717 20.133
      vertex 46.8834 2.76169 54.8
      vertex 34.3142 11.5627 20.1865
    endloop
  endfacet
  facet normal 0.573678 0.819081 -5.59494e-05
    outer loop
      vertex 33.7221 11.9774 20.0427
      vertex 46.8834 2.76169 54.8
      vertex 34.0939 11.717 20.133
    endloop
  endfacet
  facet normal 0.573577 0.819151 1.16721e-06
    outer loop
      vertex 46.8834 2.76169 54.8
      vertex 33.7221 11.9774 20.0427
      vertex 3.25284 33.3122 54.8
    endloop
  endfacet
  facet normal 0.573605 0.819132 3.74983e-05
    outer loop
      vertex 33.3631 12.2288 19.8939
      vertex 3.25284 33.3122 54.8
      vertex 33.7221 11.9774 20.0427
    endloop
  endfacet
  facet normal 0.573511 0.819198 -8.30369e-05
    outer loop
      vertex 33.1504 12.3777 19.8058
      vertex 3.25284 33.3122 54.8
      vertex 33.3631 12.2288 19.8939
    endloop
  endfacet
  facet normal 0.573591 0.819142 1.87155e-05
    outer loop
      vertex 32.9489 12.5188 19.6845
      vertex 3.25284 33.3122 54.8
      vertex 33.1504 12.3777 19.8058
    endloop
  endfacet
  facet normal 0.573608 0.81913 3.98192e-05
    outer loop
      vertex 32.6089 12.7569 19.4798
      vertex 3.25284 33.3122 54.8
      vertex 32.9489 12.5188 19.6845
    endloop
  endfacet
  facet normal 0.573498 0.819207 -9.66051e-05
    outer loop
      vertex 32.2936 12.9776 19.2226
      vertex 3.25284 33.3122 54.8
      vertex 32.6089 12.7569 19.4798
    endloop
  endfacet
  facet normal 0.573703 0.819064 0.000152602
    outer loop
      vertex 32.1069 13.1084 19.0703
      vertex 3.25284 33.3122 54.8
      vertex 32.2936 12.9776 19.2226
    endloop
  endfacet
  facet normal 0.573463 0.819232 -0.000136296
    outer loop
      vertex 31.938 13.2266 18.8895
      vertex 3.25284 33.3122 54.8
      vertex 32.1069 13.1084 19.0703
    endloop
  endfacet
  facet normal 0.573546 0.819173 -3.65155e-05
    outer loop
      vertex 31.6529 13.4262 18.5843
      vertex 3.25284 33.3122 54.8
      vertex 31.938 13.2266 18.8895
    endloop
  endfacet
  facet normal 0.573576 0.819153 -2.21848e-06
    outer loop
      vertex 31.5048 13.5299 18.3782
      vertex 3.25284 33.3122 54.8
      vertex 31.6529 13.4262 18.5843
    endloop
  endfacet
  facet normal 0.573596 0.819138 2.14689e-05
    outer loop
      vertex 31.2549 13.7049 18.0302
      vertex 3.25284 33.3122 54.8
      vertex 31.5048 13.5299 18.3782
    endloop
  endfacet
  facet normal 0.57354 0.819177 -4.21966e-05
    outer loop
      vertex 31.0442 13.8524 17.6453
      vertex 3.25284 33.3122 54.8
      vertex 31.2549 13.7049 18.0302
    endloop
  endfacet
  facet normal 0.573604 0.819133 2.85022e-05
    outer loop
      vertex 30.9194 13.9398 17.4173
      vertex 3.25284 33.3122 54.8
      vertex 31.0442 13.8524 17.6453
    endloop
  endfacet
  facet normal 0.573476 0.819223 0.000291792
    outer loop
      vertex 3.25284 33.3122 3
      vertex 30.9194 13.9398 17.4173
      vertex 30.8201 14.0094 17.1714
    endloop
  endfacet
  facet normal 0.573598 0.819137 -6.17279e-05
    outer loop
      vertex 3.25284 33.3122 3
      vertex 30.8201 14.0094 17.1714
      vertex 30.6524 14.1268 16.7563
    endloop
  endfacet
  facet normal 0.573617 0.819123 -0.000120327
    outer loop
      vertex 3.25284 33.3122 3
      vertex 30.6524 14.1268 16.7563
      vertex 30.5305 14.2121 16.318
    endloop
  endfacet
  facet normal 0.573524 0.819188 0.000163628
    outer loop
      vertex 3.25284 33.3122 3
      vertex 30.5305 14.2121 16.318
      vertex 30.4583 14.2627 16.0584
    endloop
  endfacet
  facet normal 0.573544 0.819175 0.000101939
    outer loop
      vertex 3.25284 33.3122 3
      vertex 30.4583 14.2627 16.0584
      vertex 30.4145 14.2934 15.7894
    endloop
  endfacet
  facet normal 0.573586 0.819145 -3.00254e-05
    outer loop
      vertex 3.25284 33.3122 3
      vertex 30.4145 14.2934 15.7894
      vertex 30.3405 14.3452 15.3355
    endloop
  endfacet
  facet normal 0.573613 0.819126 -0.000118453
    outer loop
      vertex 3.25284 33.3122 3
      vertex 30.3405 14.3452 15.3355
      vertex 30.3157 14.3625 14.8736
    endloop
  endfacet
  facet normal 0.573572 0.819155 2.11725e-05
    outer loop
      vertex 3.25284 33.3122 3
      vertex 30.3157 14.3625 14.8736
      vertex 30.301 14.3728 14.6
    endloop
  endfacet
  facet normal 0.573584 0.819147 -2.02185e-05
    outer loop
      vertex 3.25284 33.3122 3
      vertex 30.301 14.3728 14.6
      vertex 30.3157 14.3625 14.3264
    endloop
  endfacet
  facet normal 0.573546 0.819173 0.000113127
    outer loop
      vertex 3.25284 33.3122 3
      vertex 30.3157 14.3625 14.3264
      vertex 30.3405 14.3452 13.8645
    endloop
  endfacet
  facet normal 0.57357 0.819157 2.60906e-05
    outer loop
      vertex 3.25284 33.3122 3
      vertex 30.3405 14.3452 13.8645
      vertex 30.4145 14.2934 13.4106
    endloop
  endfacet
  facet normal 0.573599 0.819136 -8.85907e-05
    outer loop
      vertex 3.25284 33.3122 3
      vertex 30.4145 14.2934 13.4106
      vertex 30.4583 14.2627 13.1416
    endloop
  endfacet
  facet normal 0.573609 0.819129 -0.000128456
    outer loop
      vertex 3.25284 33.3122 3
      vertex 30.4583 14.2627 13.1416
      vertex 30.5305 14.2121 12.882
    endloop
  endfacet
  facet normal 0.573555 0.819167 9.44746e-05
    outer loop
      vertex 3.25284 33.3122 3
      vertex 30.5305 14.2121 12.882
      vertex 30.6524 14.1268 12.4437
    endloop
  endfacet
  facet normal 0.573567 0.819159 4.31942e-05
    outer loop
      vertex 3.25284 33.3122 3
      vertex 30.6524 14.1268 12.4437
      vertex 30.8201 14.0094 12.0286
    endloop
  endfacet
  facet normal 0.573621 0.819121 -0.000204185
    outer loop
      vertex 3.25284 33.3122 3
      vertex 30.8201 14.0094 12.0286
      vertex 30.9194 13.9398 11.7827
    endloop
  endfacet
  facet normal 0.573469 0.819227 -1.57822e-05
    outer loop
      vertex 31.8 13.3232 3
      vertex 30.9194 13.9398 11.7827
      vertex 31.1301 13.7923 11.3978
    endloop
  endfacet
  facet normal 0.573645 0.819104 5.10506e-06
    outer loop
      vertex 31.8 13.3232 3
      vertex 31.1301 13.7923 11.3978
      vertex 31.2549 13.7049 11.1698
    endloop
  endfacet
  facet normal 0.573574 0.819153 -0
    outer loop
      vertex 31.8 13.3232 3
      vertex 31.6529 13.4262 10.6157
      vertex 31.8 13.3232 10.4582
    endloop
  endfacet
  facet normal 0.573617 0.819123 1.23843e-06
    outer loop
      vertex 31.8 13.3232 3
      vertex 31.403 13.6012 10.9637
      vertex 31.6529 13.4262 10.6157
    endloop
  endfacet
  facet normal 0.573572 0.819155 -2.16431e-06
    outer loop
      vertex 31.8 13.3232 3
      vertex 31.2549 13.7049 11.1698
      vertex 31.403 13.6012 10.9637
    endloop
  endfacet
  facet normal 0.573578 0.819151 4.3958e-07
    outer loop
      vertex 30.9194 13.9398 11.7827
      vertex 31.8 13.3232 3
      vertex 3.25284 33.3122 3
    endloop
  endfacet
  facet normal 0.573578 0.819151 0
    outer loop
      vertex 30.9194 13.9398 17.4173
      vertex 3.25284 33.3122 3
      vertex 3.25284 33.3122 54.8
    endloop
  endfacet
  facet normal 0.573585 0.819146 -3.41653e-05
    outer loop
      vertex 32.8 12.623 8
      vertex 32.9489 12.5188 9.51552
      vertex 33.1504 12.3777 9.39424
    endloop
  endfacet
  facet normal 0.573591 0.819142 -4.32378e-05
    outer loop
      vertex 33.8 11.9228 8
      vertex 34.5384 11.4058 8.99559
      vertex 34.9167 11.1409 8.96532
    endloop
  endfacet
  facet normal 0.573375 0.819293 0.000195556
    outer loop
      vertex 33.8 11.9228 8
      vertex 34.3142 11.5627 9.01353
      vertex 34.5384 11.4058 8.99559
    endloop
  endfacet
  facet normal 0.573665 0.81909 -2.41901e-05
    outer loop
      vertex 33.8 11.9228 8
      vertex 33.9424 11.8231 9.10382
      vertex 34.3142 11.5627 9.01353
    endloop
  endfacet
  facet normal 0.573682 0.819078 -2.7467e-05
    outer loop
      vertex 33.8 11.9228 8
      vertex 33.7221 11.9774 9.15732
      vertex 33.9424 11.8231 9.10382
    endloop
  endfacet
  facet normal 0.573475 0.819223 -4.83052e-05
    outer loop
      vertex 33.8 11.9228 8
      vertex 33.5094 12.1263 9.24546
      vertex 33.7221 11.9774 9.15732
    endloop
  endfacet
  facet normal 0.573572 0.819155 -1.43908e-05
    outer loop
      vertex 32.8 12.623 8
      vertex 33.5094 12.1263 9.24546
      vertex 33.8 11.9228 8
    endloop
  endfacet
  facet normal 0.573604 0.819133 -4.12927e-05
    outer loop
      vertex 33.5094 12.1263 9.24546
      vertex 32.8 12.623 8
      vertex 33.1504 12.3777 9.39424
    endloop
  endfacet
  facet normal 0.573352 0.819309 0
    outer loop
      vertex 32.9489 12.5188 9.51552
      vertex 32.8 12.623 8
      vertex 32.8 12.623 9.60517
    endloop
  endfacet
  facet normal -0.573627 -0.819117 -0.000332071
    outer loop
      vertex 32.6089 12.7569 9.72023
      vertex 32.8 12.623 9.9
      vertex 32.2936 12.9776 9.97737
    endloop
  endfacet
  facet normal -0.573836 -0.81897 -0
    outer loop
      vertex 32.8 12.623 9.9
      vertex 32.6089 12.7569 9.72023
      vertex 32.8 12.623 9.60517
    endloop
  endfacet
  facet normal -0.573462 -0.819232 0
    outer loop
      vertex 31.938 13.2266 10.3105
      vertex 31.8 13.3232 11.6
      vertex 31.8 13.3232 10.4582
    endloop
  endfacet
  facet normal -0.573572 -0.819155 -1.75329e-05
    outer loop
      vertex 31.8 13.3232 11.6
      vertex 31.938 13.2266 10.3105
      vertex 33.8 11.9228 11.6
    endloop
  endfacet
  facet normal -0.57377 -0.819016 -0.00056459
    outer loop
      vertex 32.8 12.623 9.9
      vertex 31.938 13.2266 10.3105
      vertex 32.1069 13.1084 10.1297
    endloop
  endfacet
  facet normal -0.573548 -0.819172 0.000435098
    outer loop
      vertex 32.8 12.623 9.9
      vertex 32.1069 13.1084 10.1297
      vertex 32.2936 12.9776 9.97737
    endloop
  endfacet
  facet normal -0.573586 -0.819145 1.2052e-05
    outer loop
      vertex 31.938 13.2266 10.3105
      vertex 32.8 12.623 9.9
      vertex 33.8 11.9228 11.6
    endloop
  endfacet
  facet normal -0.573572 -0.819155 -0
    outer loop
      vertex 33.8 11.9228 11.6
      vertex 32.8 12.623 9.9
      vertex 33.8 11.9228 9.9
    endloop
  endfacet
  facet normal -1 0 0
    outer loop
      vertex 136.4 142.4 19
      vertex 136.4 159.4 3
      vertex 136.4 142.4 7
    endloop
  endfacet
  facet normal -1 0 0
    outer loop
      vertex 136.4 159.4 3
      vertex 136.4 61.4 7
      vertex 136.4 142.4 7
    endloop
  endfacet
  facet normal -1 -0 0
    outer loop
      vertex 136.4 61.4 7
      vertex 136.4 34.9505 3
      vertex 136.4 61.4 19
    endloop
  endfacet
  facet normal -1 0 0
    outer loop
      vertex 136.4 34.9505 3
      vertex 136.4 61.4 7
      vertex 136.4 159.4 3
    endloop
  endfacet
  facet normal -1 0 0
    outer loop
      vertex 136.4 159.4 3
      vertex 136.4 142.4 19
      vertex 136.4 159.4 54.8
    endloop
  endfacet
  facet normal -1 0 0
    outer loop
      vertex 136.4 61.4 19
      vertex 136.4 159.4 54.8
      vertex 136.4 142.4 19
    endloop
  endfacet
  facet normal -1 0 0
    outer loop
      vertex 136.4 61.4 19
      vertex 136.4 34.9505 54.8
      vertex 136.4 159.4 54.8
    endloop
  endfacet
  facet normal -1 0 0
    outer loop
      vertex 136.4 34.9505 54.8
      vertex 136.4 61.4 19
      vertex 136.4 34.9505 3
    endloop
  endfacet
  facet normal 1 -0 0
    outer loop
      vertex 2.4 34.9505 54.8
      vertex 2.4 159.4 3
      vertex 2.4 159.4 54.8
    endloop
  endfacet
  facet normal 1 0 0
    outer loop
      vertex 2.4 159.4 3
      vertex 2.4 34.9505 54.8
      vertex 2.4 34.9505 3
    endloop
  endfacet
  facet normal 0.943884 -0.330276 0
    outer loop
      vertex 2.4 159.4 54.8
      vertex 2.83634 160.647 3
      vertex 2.83634 160.647 54.8
    endloop
  endfacet
  facet normal 0.943884 -0.330276 0
    outer loop
      vertex 2.83634 160.647 3
      vertex 2.4 159.4 54.8
      vertex 2.4 159.4 3
    endloop
  endfacet
  facet normal 0.887012 0.461746 0
    outer loop
      vertex 3.25284 33.3122 54.8
      vertex 2.4 34.9505 3
      vertex 2.4 34.9505 54.8
    endloop
  endfacet
  facet normal 0.887012 0.461746 0
    outer loop
      vertex 2.4 34.9505 3
      vertex 3.25284 33.3122 54.8
      vertex 3.25284 33.3122 3
    endloop
  endfacet
  facet normal -0.330047 -0.943965 0
    outer loop
      vertex 134.4 161.4 3
      vertex 135.647 160.964 54.8
      vertex 134.4 161.4 54.8
    endloop
  endfacet
  facet normal -0.330047 -0.943965 -0
    outer loop
      vertex 135.647 160.964 54.8
      vertex 134.4 161.4 3
      vertex 135.647 160.964 3
    endloop
  endfacet
  facet normal 0 -1 0
    outer loop
      vertex 113.494 161.4 18.3807
      vertex 134.4 161.4 54.8
      vertex 99.3059 161.4 18.3807
    endloop
  endfacet
  facet normal 0 -1 0
    outer loop
      vertex 134.4 161.4 54.8
      vertex 113.494 161.4 18.3807
      vertex 114.4 161.4 18.5
    endloop
  endfacet
  facet normal 0 -1 0
    outer loop
      vertex 100.15 161.4 18.0311
      vertex 113.494 161.4 18.3807
      vertex 99.3059 161.4 18.3807
    endloop
  endfacet
  facet normal 0 -1 0
    outer loop
      vertex 100.15 161.4 18.0311
      vertex 112.65 161.4 18.0311
      vertex 113.494 161.4 18.3807
    endloop
  endfacet
  facet normal 0 -1 0
    outer loop
      vertex 100.875 161.4 17.4749
      vertex 112.65 161.4 18.0311
      vertex 100.15 161.4 18.0311
    endloop
  endfacet
  facet normal 0 -1 0
    outer loop
      vertex 100.875 161.4 17.4749
      vertex 111.925 161.4 17.4749
      vertex 112.65 161.4 18.0311
    endloop
  endfacet
  facet normal 0 -1 0
    outer loop
      vertex 101.431 161.4 16.75
      vertex 111.925 161.4 17.4749
      vertex 100.875 161.4 17.4749
    endloop
  endfacet
  facet normal 0 -1 0
    outer loop
      vertex 101.431 161.4 16.75
      vertex 111.369 161.4 16.75
      vertex 111.925 161.4 17.4749
    endloop
  endfacet
  facet normal 0 -1 0
    outer loop
      vertex 101.781 161.4 15.9059
      vertex 111.369 161.4 16.75
      vertex 101.431 161.4 16.75
    endloop
  endfacet
  facet normal 0 -1 0
    outer loop
      vertex 101.781 161.4 15.9059
      vertex 111.019 161.4 15.9059
      vertex 111.369 161.4 16.75
    endloop
  endfacet
  facet normal 0 -1 0
    outer loop
      vertex 101.9 161.4 15
      vertex 111.019 161.4 15.9059
      vertex 101.781 161.4 15.9059
    endloop
  endfacet
  facet normal 0 -1 0
    outer loop
      vertex 101.9 161.4 15
      vertex 110.9 161.4 15
      vertex 111.019 161.4 15.9059
    endloop
  endfacet
  facet normal 0 -1 0
    outer loop
      vertex 101.781 161.4 14.0941
      vertex 110.9 161.4 15
      vertex 101.9 161.4 15
    endloop
  endfacet
  facet normal 0 -1 0
    outer loop
      vertex 101.781 161.4 14.0941
      vertex 111.019 161.4 14.0941
      vertex 110.9 161.4 15
    endloop
  endfacet
  facet normal 0 -1 0
    outer loop
      vertex 101.431 161.4 13.25
      vertex 111.019 161.4 14.0941
      vertex 101.781 161.4 14.0941
    endloop
  endfacet
  facet normal 0 -1 0
    outer loop
      vertex 101.431 161.4 13.25
      vertex 111.369 161.4 13.25
      vertex 111.019 161.4 14.0941
    endloop
  endfacet
  facet normal 0 -1 0
    outer loop
      vertex 100.875 161.4 12.5251
      vertex 111.369 161.4 13.25
      vertex 101.431 161.4 13.25
    endloop
  endfacet
  facet normal 0 -1 0
    outer loop
      vertex 100.875 161.4 12.5251
      vertex 111.925 161.4 12.5251
      vertex 111.369 161.4 13.25
    endloop
  endfacet
  facet normal 0 -1 0
    outer loop
      vertex 100.15 161.4 11.9689
      vertex 111.925 161.4 12.5251
      vertex 100.875 161.4 12.5251
    endloop
  endfacet
  facet normal 0 -1 0
    outer loop
      vertex 100.15 161.4 11.9689
      vertex 112.65 161.4 11.9689
      vertex 111.925 161.4 12.5251
    endloop
  endfacet
  facet normal 0 -1 0
    outer loop
      vertex 99.3059 161.4 11.6193
      vertex 112.65 161.4 11.9689
      vertex 100.15 161.4 11.9689
    endloop
  endfacet
  facet normal 0 -1 0
    outer loop
      vertex 99.3059 161.4 11.6193
      vertex 113.494 161.4 11.6193
      vertex 112.65 161.4 11.9689
    endloop
  endfacet
  facet normal 0 -1 0
    outer loop
      vertex 134.4 161.4 3
      vertex 99.3059 161.4 11.6193
      vertex 98.4 161.4 11.5
    endloop
  endfacet
  facet normal 0 -1 0
    outer loop
      vertex 99.3059 161.4 11.6193
      vertex 134.4 161.4 3
      vertex 113.494 161.4 11.6193
    endloop
  endfacet
  facet normal 0 -1 0
    outer loop
      vertex 97.4941 161.4 18.3807
      vertex 134.4 161.4 54.8
      vertex 83.3059 161.4 18.3807
    endloop
  endfacet
  facet normal 0 -1 0
    outer loop
      vertex 134.4 161.4 54.8
      vertex 97.4941 161.4 18.3807
      vertex 98.4 161.4 18.5
    endloop
  endfacet
  facet normal 0 -1 0
    outer loop
      vertex 84.15 161.4 18.0311
      vertex 97.4941 161.4 18.3807
      vertex 83.3059 161.4 18.3807
    endloop
  endfacet
  facet normal 0 -1 0
    outer loop
      vertex 84.15 161.4 18.0311
      vertex 96.65 161.4 18.0311
      vertex 97.4941 161.4 18.3807
    endloop
  endfacet
  facet normal 0 -1 0
    outer loop
      vertex 84.8749 161.4 17.4749
      vertex 96.65 161.4 18.0311
      vertex 84.15 161.4 18.0311
    endloop
  endfacet
  facet normal 0 -1 0
    outer loop
      vertex 84.8749 161.4 17.4749
      vertex 95.9251 161.4 17.4749
      vertex 96.65 161.4 18.0311
    endloop
  endfacet
  facet normal 0 -1 0
    outer loop
      vertex 85.4311 161.4 16.75
      vertex 95.9251 161.4 17.4749
      vertex 84.8749 161.4 17.4749
    endloop
  endfacet
  facet normal 0 -1 0
    outer loop
      vertex 85.4311 161.4 16.75
      vertex 95.3689 161.4 16.75
      vertex 95.9251 161.4 17.4749
    endloop
  endfacet
  facet normal 0 -1 0
    outer loop
      vertex 85.7807 161.4 15.9059
      vertex 95.3689 161.4 16.75
      vertex 85.4311 161.4 16.75
    endloop
  endfacet
  facet normal 0 -1 0
    outer loop
      vertex 85.7807 161.4 15.9059
      vertex 95.0193 161.4 15.9059
      vertex 95.3689 161.4 16.75
    endloop
  endfacet
  facet normal 0 -1 0
    outer loop
      vertex 85.9 161.4 15
      vertex 95.0193 161.4 15.9059
      vertex 85.7807 161.4 15.9059
    endloop
  endfacet
  facet normal 0 -1 0
    outer loop
      vertex 85.9 161.4 15
      vertex 94.9 161.4 15
      vertex 95.0193 161.4 15.9059
    endloop
  endfacet
  facet normal 0 -1 0
    outer loop
      vertex 85.7807 161.4 14.0941
      vertex 94.9 161.4 15
      vertex 85.9 161.4 15
    endloop
  endfacet
  facet normal 0 -1 0
    outer loop
      vertex 85.7807 161.4 14.0941
      vertex 95.0193 161.4 14.0941
      vertex 94.9 161.4 15
    endloop
  endfacet
  facet normal 0 -1 0
    outer loop
      vertex 85.4311 161.4 13.25
      vertex 95.0193 161.4 14.0941
      vertex 85.7807 161.4 14.0941
    endloop
  endfacet
  facet normal 0 -1 0
    outer loop
      vertex 85.4311 161.4 13.25
      vertex 95.3689 161.4 13.25
      vertex 95.0193 161.4 14.0941
    endloop
  endfacet
  facet normal 0 -1 0
    outer loop
      vertex 84.8749 161.4 12.5251
      vertex 95.3689 161.4 13.25
      vertex 85.4311 161.4 13.25
    endloop
  endfacet
  facet normal 0 -1 0
    outer loop
      vertex 84.8749 161.4 12.5251
      vertex 95.9251 161.4 12.5251
      vertex 95.3689 161.4 13.25
    endloop
  endfacet
  facet normal 0 -1 0
    outer loop
      vertex 84.15 161.4 11.9689
      vertex 95.9251 161.4 12.5251
      vertex 84.8749 161.4 12.5251
    endloop
  endfacet
  facet normal 0 -1 0
    outer loop
      vertex 84.15 161.4 11.9689
      vertex 96.65 161.4 11.9689
      vertex 95.9251 161.4 12.5251
    endloop
  endfacet
  facet normal 0 -1 0
    outer loop
      vertex 83.3059 161.4 11.6193
      vertex 96.65 161.4 11.9689
      vertex 84.15 161.4 11.9689
    endloop
  endfacet
  facet normal 0 -1 0
    outer loop
      vertex 83.3059 161.4 11.6193
      vertex 97.4941 161.4 11.6193
      vertex 96.65 161.4 11.9689
    endloop
  endfacet
  facet normal 0 -1 0
    outer loop
      vertex 82.4 161.4 11.5
      vertex 97.4941 161.4 11.6193
      vertex 83.3059 161.4 11.6193
    endloop
  endfacet
  facet normal 0 -1 -0
    outer loop
      vertex 97.4941 161.4 11.6193
      vertex 82.4 161.4 11.5
      vertex 98.4 161.4 11.5
    endloop
  endfacet
  facet normal 0 -1 0
    outer loop
      vertex 65.4 161.4 25
      vertex 81.4941 161.4 18.3807
      vertex 82.4 161.4 18.5
    endloop
  endfacet
  facet normal 0 -1 0
    outer loop
      vertex 65.4 161.4 25
      vertex 80.65 161.4 18.0311
      vertex 81.4941 161.4 18.3807
    endloop
  endfacet
  facet normal 0 -1 0
    outer loop
      vertex 65.4 161.4 25
      vertex 79.9251 161.4 17.4749
      vertex 80.65 161.4 18.0311
    endloop
  endfacet
  facet normal 0 -1 0
    outer loop
      vertex 65.4 161.4 25
      vertex 79.3689 161.4 16.75
      vertex 79.9251 161.4 17.4749
    endloop
  endfacet
  facet normal 0 -1 0
    outer loop
      vertex 65.4 161.4 25
      vertex 79.0193 161.4 15.9059
      vertex 79.3689 161.4 16.75
    endloop
  endfacet
  facet normal 0 -1 0
    outer loop
      vertex 65.4 161.4 25
      vertex 78.9 161.4 15
      vertex 79.0193 161.4 15.9059
    endloop
  endfacet
  facet normal 0 -1 0
    outer loop
      vertex 65.4 161.4 7
      vertex 78.9 161.4 15
      vertex 65.4 161.4 25
    endloop
  endfacet
  facet normal 0 -1 -0
    outer loop
      vertex 78.9 161.4 15
      vertex 65.4 161.4 7
      vertex 79.0193 161.4 14.0941
    endloop
  endfacet
  facet normal 0 -1 -0
    outer loop
      vertex 79.0193 161.4 14.0941
      vertex 65.4 161.4 7
      vertex 79.3689 161.4 13.25
    endloop
  endfacet
  facet normal 0 -1 0
    outer loop
      vertex 65.4 161.4 7
      vertex 98.4 161.4 11.5
      vertex 82.4 161.4 11.5
    endloop
  endfacet
  facet normal 0 -1 -0
    outer loop
      vertex 98.4 161.4 11.5
      vertex 65.4 161.4 7
      vertex 134.4 161.4 3
    endloop
  endfacet
  facet normal 0 -1 -0
    outer loop
      vertex 81.4941 161.4 11.6193
      vertex 65.4 161.4 7
      vertex 82.4 161.4 11.5
    endloop
  endfacet
  facet normal 0 -1 -0
    outer loop
      vertex 80.65 161.4 11.9689
      vertex 65.4 161.4 7
      vertex 81.4941 161.4 11.6193
    endloop
  endfacet
  facet normal 0 -1 -0
    outer loop
      vertex 79.9251 161.4 12.5251
      vertex 65.4 161.4 7
      vertex 80.65 161.4 11.9689
    endloop
  endfacet
  facet normal 0 -1 -0
    outer loop
      vertex 79.3689 161.4 13.25
      vertex 65.4 161.4 7
      vertex 79.9251 161.4 12.5251
    endloop
  endfacet
  facet normal 0 -1 0
    outer loop
      vertex 65.4 161.4 25
      vertex 4.4 161.4 54.8
      vertex 7.4 161.4 25
    endloop
  endfacet
  facet normal 0 -1 0
    outer loop
      vertex 4.4 161.4 3
      vertex 7.4 161.4 25
      vertex 4.4 161.4 54.8
    endloop
  endfacet
  facet normal 0 -1 -0
    outer loop
      vertex 7.4 161.4 7
      vertex 4.4 161.4 3
      vertex 65.4 161.4 7
    endloop
  endfacet
  facet normal 0 -1 -0
    outer loop
      vertex 7.4 161.4 25
      vertex 4.4 161.4 3
      vertex 7.4 161.4 7
    endloop
  endfacet
  facet normal 0 -1 0
    outer loop
      vertex 4.4 161.4 54.8
      vertex 65.4 161.4 25
      vertex 134.4 161.4 54.8
    endloop
  endfacet
  facet normal 0 -1 0
    outer loop
      vertex 83.3059 161.4 18.3807
      vertex 65.4 161.4 25
      vertex 82.4 161.4 18.5
    endloop
  endfacet
  facet normal 0 -1 0
    outer loop
      vertex 65.4 161.4 25
      vertex 83.3059 161.4 18.3807
      vertex 134.4 161.4 54.8
    endloop
  endfacet
  facet normal 0 -1 0
    outer loop
      vertex 99.3059 161.4 18.3807
      vertex 134.4 161.4 54.8
      vertex 98.4 161.4 18.5
    endloop
  endfacet
  facet normal 0 -1 0
    outer loop
      vertex 115.306 161.4 18.3807
      vertex 134.4 161.4 54.8
      vertex 114.4 161.4 18.5
    endloop
  endfacet
  facet normal 0 -1 0
    outer loop
      vertex 116.15 161.4 18.0311
      vertex 134.4 161.4 54.8
      vertex 115.306 161.4 18.3807
    endloop
  endfacet
  facet normal 0 -1 0
    outer loop
      vertex 116.875 161.4 17.4749
      vertex 134.4 161.4 54.8
      vertex 116.15 161.4 18.0311
    endloop
  endfacet
  facet normal 0 -1 0
    outer loop
      vertex 117.431 161.4 16.75
      vertex 134.4 161.4 54.8
      vertex 116.875 161.4 17.4749
    endloop
  endfacet
  facet normal 0 -1 0
    outer loop
      vertex 134.4 161.4 3
      vertex 117.431 161.4 16.75
      vertex 117.781 161.4 15.9059
    endloop
  endfacet
  facet normal 0 -1 0
    outer loop
      vertex 134.4 161.4 3
      vertex 117.781 161.4 15.9059
      vertex 117.9 161.4 15
    endloop
  endfacet
  facet normal 0 -1 0
    outer loop
      vertex 134.4 161.4 3
      vertex 117.9 161.4 15
      vertex 117.781 161.4 14.0941
    endloop
  endfacet
  facet normal 0 -1 0
    outer loop
      vertex 117.431 161.4 16.75
      vertex 134.4 161.4 3
      vertex 134.4 161.4 54.8
    endloop
  endfacet
  facet normal 0 -1 0
    outer loop
      vertex 117.431 161.4 13.25
      vertex 134.4 161.4 3
      vertex 117.781 161.4 14.0941
    endloop
  endfacet
  facet normal 0 -1 0
    outer loop
      vertex 116.875 161.4 12.5251
      vertex 134.4 161.4 3
      vertex 117.431 161.4 13.25
    endloop
  endfacet
  facet normal 0 -1 0
    outer loop
      vertex 116.15 161.4 11.9689
      vertex 134.4 161.4 3
      vertex 116.875 161.4 12.5251
    endloop
  endfacet
  facet normal 0 -1 0
    outer loop
      vertex 115.306 161.4 11.6193
      vertex 134.4 161.4 3
      vertex 116.15 161.4 11.9689
    endloop
  endfacet
  facet normal 0 -1 0
    outer loop
      vertex 114.4 161.4 11.5
      vertex 134.4 161.4 3
      vertex 115.306 161.4 11.6193
    endloop
  endfacet
  facet normal 0 -1 0
    outer loop
      vertex 113.494 161.4 11.6193
      vertex 134.4 161.4 3
      vertex 114.4 161.4 11.5
    endloop
  endfacet
  facet normal 0 -1 0
    outer loop
      vertex 134.4 161.4 3
      vertex 65.4 161.4 7
      vertex 4.4 161.4 3
    endloop
  endfacet
  facet normal 0.30069 0.953722 -0
    outer loop
      vertex 48.0306 2.4 3
      vertex 46.8834 2.76169 54.8
      vertex 48.0306 2.4 54.8
    endloop
  endfacet
  facet normal 0.30069 0.953722 0
    outer loop
      vertex 46.8834 2.76169 54.8
      vertex 48.0306 2.4 3
      vertex 46.8834 2.76169 3
    endloop
  endfacet
  facet normal -0.30069 0.953722 0
    outer loop
      vertex 91.9166 2.76169 3
      vertex 90.7694 2.4 54.8
      vertex 91.9166 2.76169 54.8
    endloop
  endfacet
  facet normal -0.30069 0.953722 0
    outer loop
      vertex 90.7694 2.4 54.8
      vertex 91.9166 2.76169 3
      vertex 90.7694 2.4 3
    endloop
  endfacet
  facet normal 0 1 -0
    outer loop
      vertex 66.7634 2.4 19.1668
      vertex 66.4477 2.4 29.5726
      vertex 67.0148 2.4 19.2907
    endloop
  endfacet
  facet normal 0 1 0
    outer loop
      vertex 66.4477 2.4 29.5726
      vertex 66.7634 2.4 19.1668
      vertex 66.1938 2.4 29.6978
    endloop
  endfacet
  facet normal 0 1 0
    outer loop
      vertex 66.1938 2.4 29.6978
      vertex 66.7634 2.4 19.1668
      vertex 65.5427 2.4 30.0189
    endloop
  endfacet
  facet normal 0 1 -0
    outer loop
      vertex 66.4229 2.4 18.9393
      vertex 65.5427 2.4 30.0189
      vertex 66.7634 2.4 19.1668
    endloop
  endfacet
  facet normal 0 1 -0
    outer loop
      vertex 66.1898 2.4 18.7835
      vertex 65.5427 2.4 30.0189
      vertex 66.4229 2.4 18.9393
    endloop
  endfacet
  facet normal 0 1 -0
    outer loop
      vertex 65.882 2.4 18.5136
      vertex 65.5427 2.4 30.0189
      vertex 66.1898 2.4 18.7835
    endloop
  endfacet
  facet normal 0 1 -0
    outer loop
      vertex 65.6712 2.4 18.3287
      vertex 65.5427 2.4 30.0189
      vertex 65.882 2.4 18.5136
    endloop
  endfacet
  facet normal 0 1 0
    outer loop
      vertex 65.5427 2.4 30.0189
      vertex 65.6712 2.4 18.3287
      vertex 53.8 2.4 19.6
    endloop
  endfacet
  facet normal 0 1 -0
    outer loop
      vertex 65.4864 2.4 18.118
      vertex 53.8 2.4 19.6
      vertex 65.6712 2.4 18.3287
    endloop
  endfacet
  facet normal 0 1 -0
    outer loop
      vertex 65.2165 2.4 17.8101
      vertex 53.8 2.4 19.6
      vertex 65.4864 2.4 18.118
    endloop
  endfacet
  facet normal 0 1 -0
    outer loop
      vertex 65.0607 2.4 17.5771
      vertex 53.8 2.4 19.6
      vertex 65.2165 2.4 17.8101
    endloop
  endfacet
  facet normal 0 1 -0
    outer loop
      vertex 64.8332 2.4 17.2366
      vertex 53.8 2.4 19.6
      vertex 65.0607 2.4 17.5771
    endloop
  endfacet
  facet normal 0 1 -0
    outer loop
      vertex 64.7093 2.4 16.9852
      vertex 53.8 2.4 19.6
      vertex 64.8332 2.4 17.2366
    endloop
  endfacet
  facet normal 0 1 -0
    outer loop
      vertex 64.5282 2.4 16.618
      vertex 53.8 2.4 19.6
      vertex 64.7093 2.4 16.9852
    endloop
  endfacet
  facet normal 0 1 -0
    outer loop
      vertex 64.4381 2.4 16.3526
      vertex 53.8 2.4 19.6
      vertex 64.5282 2.4 16.618
    endloop
  endfacet
  facet normal 0 1 -0
    outer loop
      vertex 64.3064 2.4 15.9648
      vertex 53.8 2.4 19.6
      vertex 64.4381 2.4 16.3526
    endloop
  endfacet
  facet normal 0 1 -0
    outer loop
      vertex 64.2265 2.4 15.5632
      vertex 53.8 2.4 19.6
      vertex 64.3064 2.4 15.9648
    endloop
  endfacet
  facet normal 0 1 -0
    outer loop
      vertex 64.1719 2.4 15.2883
      vertex 53.8 2.4 19.6
      vertex 64.2265 2.4 15.5632
    endloop
  endfacet
  facet normal 0 1 -0
    outer loop
      vertex 64.1535 2.4 15.0086
      vertex 53.8 2.4 19.6
      vertex 64.1719 2.4 15.2883
    endloop
  endfacet
  facet normal 0 1 -0
    outer loop
      vertex 64.1268 2.4 14.6
      vertex 53.8 2.4 19.6
      vertex 64.1535 2.4 15.0086
    endloop
  endfacet
  facet normal 0 1 0
    outer loop
      vertex 64.1535 2.4 14.1914
      vertex 53.8 2.4 19.6
      vertex 64.1268 2.4 14.6
    endloop
  endfacet
  facet normal 0 1 0
    outer loop
      vertex 64.1719 2.4 13.9117
      vertex 53.8 2.4 19.6
      vertex 64.1535 2.4 14.1914
    endloop
  endfacet
  facet normal 0 1 0
    outer loop
      vertex 64.2265 2.4 13.6368
      vertex 53.8 2.4 19.6
      vertex 64.1719 2.4 13.9117
    endloop
  endfacet
  facet normal 0 1 0
    outer loop
      vertex 64.3064 2.4 13.2352
      vertex 53.8 2.4 19.6
      vertex 64.2265 2.4 13.6368
    endloop
  endfacet
  facet normal 0 1 0
    outer loop
      vertex 53.8 2.4 3
      vertex 64.3064 2.4 13.2352
      vertex 64.3965 2.4 12.9698
    endloop
  endfacet
  facet normal 0 1 0
    outer loop
      vertex 53.8 2.4 3
      vertex 64.3965 2.4 12.9698
      vertex 64.5282 2.4 12.582
    endloop
  endfacet
  facet normal 0 1 0
    outer loop
      vertex 53.8 2.4 3
      vertex 64.5282 2.4 12.582
      vertex 64.7093 2.4 12.2148
    endloop
  endfacet
  facet normal 0 1 0
    outer loop
      vertex 53.8 2.4 3
      vertex 64.7093 2.4 12.2148
      vertex 64.8332 2.4 11.9634
    endloop
  endfacet
  facet normal 0 1 0
    outer loop
      vertex 53.8 2.4 3
      vertex 64.8332 2.4 11.9634
      vertex 65.0607 2.4 11.6229
    endloop
  endfacet
  facet normal 0 1 0
    outer loop
      vertex 53.8 2.4 3
      vertex 65.0607 2.4 11.6229
      vertex 65.2165 2.4 11.3899
    endloop
  endfacet
  facet normal 0 1 0
    outer loop
      vertex 53.8 2.4 3
      vertex 65.2165 2.4 11.3899
      vertex 65.4013 2.4 11.1791
    endloop
  endfacet
  facet normal 0 1 0
    outer loop
      vertex 53.8 2.4 3
      vertex 65.4013 2.4 11.1791
      vertex 65.6712 2.4 10.8713
    endloop
  endfacet
  facet normal 0 1 0
    outer loop
      vertex 53.8 2.4 3
      vertex 65.6712 2.4 10.8713
      vertex 65.882 2.4 10.6864
    endloop
  endfacet
  facet normal 0 1 0
    outer loop
      vertex 53.8 2.4 3
      vertex 65.882 2.4 10.6864
      vertex 66.1898 2.4 10.4165
    endloop
  endfacet
  facet normal 0 1 0
    outer loop
      vertex 53.8 2.4 3
      vertex 66.4229 2.4 10.2607
      vertex 66.7634 2.4 10.0332
    endloop
  endfacet
  facet normal 0 1 0
    outer loop
      vertex 53.8 2.4 3
      vertex 67.0148 2.4 9.90926
      vertex 67.382 2.4 9.72816
    endloop
  endfacet
  facet normal 0 1 0
    outer loop
      vertex 53.8 2.4 3
      vertex 67.7698 2.4 9.59653
      vertex 68.0352 2.4 9.50644
    endloop
  endfacet
  facet normal 0 1 0
    outer loop
      vertex 53.8 2.4 3
      vertex 69.4 2.4 9.32675
      vertex 85 2.4 3
    endloop
  endfacet
  facet normal 0 1 0
    outer loop
      vertex 69.4 2.4 9.32675
      vertex 53.8 2.4 3
      vertex 68.9914 2.4 9.35353
    endloop
  endfacet
  facet normal 0 1 0
    outer loop
      vertex 68.9914 2.4 9.35353
      vertex 53.8 2.4 3
      vertex 68.7117 2.4 9.37187
    endloop
  endfacet
  facet normal 0 1 0
    outer loop
      vertex 68.7117 2.4 9.37187
      vertex 53.8 2.4 3
      vertex 68.3101 2.4 9.45175
    endloop
  endfacet
  facet normal 0 1 0
    outer loop
      vertex 68.3101 2.4 9.45175
      vertex 53.8 2.4 3
      vertex 68.0352 2.4 9.50644
    endloop
  endfacet
  facet normal 0 1 0
    outer loop
      vertex 64.3064 2.4 13.2352
      vertex 53.8 2.4 3
      vertex 53.8 2.4 19.6
    endloop
  endfacet
  facet normal 0 1 0
    outer loop
      vertex 66.4229 2.4 10.2607
      vertex 53.8 2.4 3
      vertex 66.1898 2.4 10.4165
    endloop
  endfacet
  facet normal 0 1 0
    outer loop
      vertex 67.0148 2.4 9.90926
      vertex 53.8 2.4 3
      vertex 66.7634 2.4 10.0332
    endloop
  endfacet
  facet normal 0 1 0
    outer loop
      vertex 67.7698 2.4 9.59653
      vertex 53.8 2.4 3
      vertex 67.382 2.4 9.72816
    endloop
  endfacet
  facet normal 0 1 0
    outer loop
      vertex 90.7694 2.4 54.8
      vertex 69.4 2.4 44.4146
      vertex 48.0306 2.4 54.8
    endloop
  endfacet
  facet normal 0 1 0
    outer loop
      vertex 90.7694 2.4 54.8
      vertex 69.6825 2.4 44.3961
      vertex 69.4 2.4 44.4146
    endloop
  endfacet
  facet normal 0 1 0
    outer loop
      vertex 90.7694 2.4 54.8
      vertex 70.407 2.4 44.3486
      vertex 69.6825 2.4 44.3961
    endloop
  endfacet
  facet normal 0 1 0
    outer loop
      vertex 90.7694 2.4 54.8
      vertex 71.119 2.4 44.207
      vertex 70.407 2.4 44.3486
    endloop
  endfacet
  facet normal 0 1 0
    outer loop
      vertex 90.7694 2.4 54.8
      vertex 71.3967 2.4 44.1518
      vertex 71.119 2.4 44.207
    endloop
  endfacet
  facet normal 0 1 0
    outer loop
      vertex 90.7694 2.4 54.8
      vertex 71.6648 2.4 44.0608
      vertex 71.3967 2.4 44.1518
    endloop
  endfacet
  facet normal 0 1 0
    outer loop
      vertex 90.7694 2.4 54.8
      vertex 72.3523 2.4 43.8274
      vertex 71.6648 2.4 44.0608
    endloop
  endfacet
  facet normal 0 1 0
    outer loop
      vertex 90.7694 2.4 54.8
      vertex 72.6062 2.4 43.7022
      vertex 72.3523 2.4 43.8274
    endloop
  endfacet
  facet normal 0 1 0
    outer loop
      vertex 90.7694 2.4 54.8
      vertex 73.2573 2.4 43.3811
      vertex 72.6062 2.4 43.7022
    endloop
  endfacet
  facet normal 0 1 0
    outer loop
      vertex 90.7694 2.4 54.8
      vertex 73.8609 2.4 42.9777
      vertex 73.2573 2.4 43.3811
    endloop
  endfacet
  facet normal 0 1 0
    outer loop
      vertex 90.7694 2.4 54.8
      vertex 74.0964 2.4 42.8204
      vertex 73.8609 2.4 42.9777
    endloop
  endfacet
  facet normal 0 1 0
    outer loop
      vertex 90.7694 2.4 54.8
      vertex 74.6422 2.4 42.3418
      vertex 74.0964 2.4 42.8204
    endloop
  endfacet
  facet normal 0 1 0
    outer loop
      vertex 90.7694 2.4 54.8
      vertex 74.8551 2.4 42.1551
      vertex 74.6422 2.4 42.3418
    endloop
  endfacet
  facet normal 0 1 0
    outer loop
      vertex 90.7694 2.4 54.8
      vertex 75.3337 2.4 41.6093
      vertex 74.8551 2.4 42.1551
    endloop
  endfacet
  facet normal 0 1 0
    outer loop
      vertex 90.7694 2.4 54.8
      vertex 75.5204 2.4 41.3964
      vertex 75.3337 2.4 41.6093
    endloop
  endfacet
  facet normal 0 1 0
    outer loop
      vertex 90.7694 2.4 54.8
      vertex 75.9238 2.4 40.7928
      vertex 75.5204 2.4 41.3964
    endloop
  endfacet
  facet normal 0 1 0
    outer loop
      vertex 90.7694 2.4 54.8
      vertex 76.0811 2.4 40.5573
      vertex 75.9238 2.4 40.7928
    endloop
  endfacet
  facet normal 0 1 0
    outer loop
      vertex 90.7694 2.4 54.8
      vertex 76.2063 2.4 40.3034
      vertex 76.0811 2.4 40.5573
    endloop
  endfacet
  facet normal 0 1 0
    outer loop
      vertex 90.7694 2.4 54.8
      vertex 76.5274 2.4 39.6523
      vertex 76.2063 2.4 40.3034
    endloop
  endfacet
  facet normal 0 1 0
    outer loop
      vertex 90.7694 2.4 54.8
      vertex 76.7608 2.4 38.9648
      vertex 76.5274 2.4 39.6523
    endloop
  endfacet
  facet normal 0 1 0
    outer loop
      vertex 90.7694 2.4 54.8
      vertex 76.8518 2.4 38.6967
      vertex 76.7608 2.4 38.9648
    endloop
  endfacet
  facet normal 0 1 0
    outer loop
      vertex 90.7694 2.4 54.8
      vertex 76.9934 2.4 37.9847
      vertex 76.8518 2.4 38.6967
    endloop
  endfacet
  facet normal 0 1 0
    outer loop
      vertex 90.7694 2.4 54.8
      vertex 77.0486 2.4 37.707
      vertex 76.9934 2.4 37.9847
    endloop
  endfacet
  facet normal 0 1 0
    outer loop
      vertex 90.7694 2.4 54.8
      vertex 77.0672 2.4 37.4244
      vertex 77.0486 2.4 37.707
    endloop
  endfacet
  facet normal 0 1 0
    outer loop
      vertex 90.7694 2.4 54.8
      vertex 77.1146 2.4 36.7
      vertex 77.0672 2.4 37.4244
    endloop
  endfacet
  facet normal 0 1 -0
    outer loop
      vertex 87 2.4 19.6
      vertex 77.1146 2.4 36.7
      vertex 90.7694 2.4 54.8
    endloop
  endfacet
  facet normal 0 1 0
    outer loop
      vertex 77.1146 2.4 36.7
      vertex 87 2.4 19.6
      vertex 77.0672 2.4 35.9756
    endloop
  endfacet
  facet normal 0 1 0
    outer loop
      vertex 77.0672 2.4 35.9756
      vertex 87 2.4 19.6
      vertex 77.0486 2.4 35.693
    endloop
  endfacet
  facet normal 0 1 0
    outer loop
      vertex 77.0486 2.4 35.693
      vertex 87 2.4 19.6
      vertex 76.9934 2.4 35.4153
    endloop
  endfacet
  facet normal 0 1 0
    outer loop
      vertex 76.9934 2.4 35.4153
      vertex 87 2.4 19.6
      vertex 76.8518 2.4 34.7033
    endloop
  endfacet
  facet normal 0 1 0
    outer loop
      vertex 76.8518 2.4 34.7033
      vertex 87 2.4 19.6
      vertex 76.7608 2.4 34.4352
    endloop
  endfacet
  facet normal 0 1 0
    outer loop
      vertex 76.7608 2.4 34.4352
      vertex 87 2.4 19.6
      vertex 76.5274 2.4 33.7477
    endloop
  endfacet
  facet normal 0 1 -0
    outer loop
      vertex 85 2.4 19.6
      vertex 76.5274 2.4 33.7477
      vertex 87 2.4 19.6
    endloop
  endfacet
  facet normal 0 1 0
    outer loop
      vertex 76.5274 2.4 33.7477
      vertex 85 2.4 19.6
      vertex 76.2063 2.4 33.0966
    endloop
  endfacet
  facet normal 0 1 0
    outer loop
      vertex 76.2063 2.4 33.0966
      vertex 85 2.4 19.6
      vertex 76.0811 2.4 32.8427
    endloop
  endfacet
  facet normal 0 1 0
    outer loop
      vertex 85 2.4 19.6
      vertex 75.3337 2.4 31.7907
      vertex 75.5204 2.4 32.0036
    endloop
  endfacet
  facet normal 0 1 -0
    outer loop
      vertex 70.7648 2.4 19.6936
      vertex 70.6847 2.4 29.1066
      vertex 71.3967 2.4 29.2482
    endloop
  endfacet
  facet normal 0 1 -0
    outer loop
      vertex 69.8086 2.4 19.8465
      vertex 69.4 2.4 28.9854
      vertex 70.1244 2.4 29.0328
    endloop
  endfacet
  facet normal 0 1 0
    outer loop
      vertex 70.0883 2.4 19.8281
      vertex 70.1244 2.4 29.0328
      vertex 70.407 2.4 29.0514
    endloop
  endfacet
  facet normal 0 1 0
    outer loop
      vertex 70.6847 2.4 29.1066
      vertex 70.7648 2.4 19.6936
      vertex 70.407 2.4 29.0514
    endloop
  endfacet
  facet normal 0 1 -0
    outer loop
      vertex 71.418 2.4 19.4718
      vertex 71.3967 2.4 29.2482
      vertex 72.0841 2.4 29.4816
    endloop
  endfacet
  facet normal 0 1 0
    outer loop
      vertex 71.418 2.4 19.4718
      vertex 72.0841 2.4 29.4816
      vertex 72.3523 2.4 29.5726
    endloop
  endfacet
  facet normal 0 1 0
    outer loop
      vertex 72.0366 2.4 19.1668
      vertex 72.3523 2.4 29.5726
      vertex 72.6062 2.4 29.6978
    endloop
  endfacet
  facet normal 0 1 0
    outer loop
      vertex 72.0366 2.4 19.1668
      vertex 72.6062 2.4 29.6978
      vertex 73.2573 2.4 30.0189
    endloop
  endfacet
  facet normal 0 1 0
    outer loop
      vertex 72.8209 2.4 18.5987
      vertex 73.2573 2.4 30.0189
      vertex 73.8609 2.4 30.4223
    endloop
  endfacet
  facet normal 0 1 0
    outer loop
      vertex 73.1287 2.4 18.3287
      vertex 73.8609 2.4 30.4223
      vertex 74.0964 2.4 30.5796
    endloop
  endfacet
  facet normal 0 1 0
    outer loop
      vertex 85 2.4 19.6
      vertex 74.0964 2.4 30.5796
      vertex 74.3093 2.4 30.7663
    endloop
  endfacet
  facet normal 0 1 0
    outer loop
      vertex 85 2.4 19.6
      vertex 74.3093 2.4 30.7663
      vertex 74.8551 2.4 31.2449
    endloop
  endfacet
  facet normal 0 1 0
    outer loop
      vertex 75.3337 2.4 31.7907
      vertex 85 2.4 19.6
      vertex 74.8551 2.4 31.2449
    endloop
  endfacet
  facet normal 0 1 0
    outer loop
      vertex 76.0811 2.4 32.8427
      vertex 85 2.4 19.6
      vertex 75.6777 2.4 32.2391
    endloop
  endfacet
  facet normal 0 1 0
    outer loop
      vertex 69.4 2.4 28.9854
      vertex 69.8086 2.4 19.8465
      vertex 69.4 2.4 19.8732
    endloop
  endfacet
  facet normal 0 1 0
    outer loop
      vertex 70.1244 2.4 29.0328
      vertex 70.0883 2.4 19.8281
      vertex 69.8086 2.4 19.8465
    endloop
  endfacet
  facet normal 0 1 0
    outer loop
      vertex 70.407 2.4 29.0514
      vertex 70.3632 2.4 19.7734
      vertex 70.0883 2.4 19.8281
    endloop
  endfacet
  facet normal 0 1 0
    outer loop
      vertex 70.407 2.4 29.0514
      vertex 70.7648 2.4 19.6936
      vertex 70.3632 2.4 19.7734
    endloop
  endfacet
  facet normal 0 1 0
    outer loop
      vertex 71.3967 2.4 29.2482
      vertex 71.0302 2.4 19.6035
      vertex 70.7648 2.4 19.6936
    endloop
  endfacet
  facet normal 0 1 0
    outer loop
      vertex 75.6777 2.4 32.2391
      vertex 85 2.4 19.6
      vertex 75.5204 2.4 32.0036
    endloop
  endfacet
  facet normal 0 1 -0
    outer loop
      vertex 90.7694 2.4 3
      vertex 87 2.4 19.6
      vertex 90.7694 2.4 54.8
    endloop
  endfacet
  facet normal 0 1 0
    outer loop
      vertex 87 2.4 19.6
      vertex 90.7694 2.4 3
      vertex 87 2.4 3
    endloop
  endfacet
  facet normal 0 1 -0
    outer loop
      vertex 69.1175 2.4 44.3961
      vertex 48.0306 2.4 54.8
      vertex 69.4 2.4 44.4146
    endloop
  endfacet
  facet normal 0 1 -0
    outer loop
      vertex 68.393 2.4 44.3486
      vertex 48.0306 2.4 54.8
      vertex 69.1175 2.4 44.3961
    endloop
  endfacet
  facet normal 0 1 -0
    outer loop
      vertex 67.681 2.4 44.207
      vertex 48.0306 2.4 54.8
      vertex 68.393 2.4 44.3486
    endloop
  endfacet
  facet normal 0 1 -0
    outer loop
      vertex 67.4033 2.4 44.1518
      vertex 48.0306 2.4 54.8
      vertex 67.681 2.4 44.207
    endloop
  endfacet
  facet normal 0 1 -0
    outer loop
      vertex 67.1352 2.4 44.0608
      vertex 48.0306 2.4 54.8
      vertex 67.4033 2.4 44.1518
    endloop
  endfacet
  facet normal 0 1 -0
    outer loop
      vertex 66.4477 2.4 43.8274
      vertex 48.0306 2.4 54.8
      vertex 67.1352 2.4 44.0608
    endloop
  endfacet
  facet normal 0 1 -0
    outer loop
      vertex 66.1938 2.4 43.7022
      vertex 48.0306 2.4 54.8
      vertex 66.4477 2.4 43.8274
    endloop
  endfacet
  facet normal 0 1 -0
    outer loop
      vertex 65.5427 2.4 43.3811
      vertex 48.0306 2.4 54.8
      vertex 66.1938 2.4 43.7022
    endloop
  endfacet
  facet normal 0 1 -0
    outer loop
      vertex 64.9391 2.4 42.9777
      vertex 48.0306 2.4 54.8
      vertex 65.5427 2.4 43.3811
    endloop
  endfacet
  facet normal 0 1 -0
    outer loop
      vertex 64.7036 2.4 42.8204
      vertex 48.0306 2.4 54.8
      vertex 64.9391 2.4 42.9777
    endloop
  endfacet
  facet normal 0 1 -0
    outer loop
      vertex 64.1578 2.4 42.3418
      vertex 48.0306 2.4 54.8
      vertex 64.7036 2.4 42.8204
    endloop
  endfacet
  facet normal 0 1 -0
    outer loop
      vertex 63.9449 2.4 42.1551
      vertex 48.0306 2.4 54.8
      vertex 64.1578 2.4 42.3418
    endloop
  endfacet
  facet normal 0 1 -0
    outer loop
      vertex 63.4663 2.4 41.6093
      vertex 48.0306 2.4 54.8
      vertex 63.9449 2.4 42.1551
    endloop
  endfacet
  facet normal 0 1 -0
    outer loop
      vertex 63.2796 2.4 41.3964
      vertex 48.0306 2.4 54.8
      vertex 63.4663 2.4 41.6093
    endloop
  endfacet
  facet normal 0 1 -0
    outer loop
      vertex 62.8762 2.4 40.7928
      vertex 48.0306 2.4 54.8
      vertex 63.2796 2.4 41.3964
    endloop
  endfacet
  facet normal 0 1 -0
    outer loop
      vertex 62.7189 2.4 40.5573
      vertex 48.0306 2.4 54.8
      vertex 62.8762 2.4 40.7928
    endloop
  endfacet
  facet normal 0 1 -0
    outer loop
      vertex 62.3978 2.4 39.9062
      vertex 48.0306 2.4 54.8
      vertex 62.7189 2.4 40.5573
    endloop
  endfacet
  facet normal 0 1 -0
    outer loop
      vertex 62.2726 2.4 39.6523
      vertex 48.0306 2.4 54.8
      vertex 62.3978 2.4 39.9062
    endloop
  endfacet
  facet normal 0 1 -0
    outer loop
      vertex 62.1816 2.4 39.3841
      vertex 48.0306 2.4 54.8
      vertex 62.2726 2.4 39.6523
    endloop
  endfacet
  facet normal 0 1 -0
    outer loop
      vertex 61.9482 2.4 38.6967
      vertex 48.0306 2.4 54.8
      vertex 62.1816 2.4 39.3841
    endloop
  endfacet
  facet normal 0 1 -0
    outer loop
      vertex 61.8066 2.4 37.9847
      vertex 48.0306 2.4 54.8
      vertex 61.9482 2.4 38.6967
    endloop
  endfacet
  facet normal 0 1 -0
    outer loop
      vertex 61.7514 2.4 37.707
      vertex 48.0306 2.4 54.8
      vertex 61.8066 2.4 37.9847
    endloop
  endfacet
  facet normal 0 1 -0
    outer loop
      vertex 61.7328 2.4 37.4244
      vertex 48.0306 2.4 54.8
      vertex 61.7514 2.4 37.707
    endloop
  endfacet
  facet normal 0 1 -0
    outer loop
      vertex 61.6854 2.4 36.7
      vertex 48.0306 2.4 54.8
      vertex 61.7328 2.4 37.4244
    endloop
  endfacet
  facet normal 0 1 0
    outer loop
      vertex 51.8 2.4 19.6
      vertex 61.6854 2.4 36.7
      vertex 61.7328 2.4 35.9756
    endloop
  endfacet
  facet normal 0 1 0
    outer loop
      vertex 51.8 2.4 19.6
      vertex 61.7328 2.4 35.9756
      vertex 61.7514 2.4 35.693
    endloop
  endfacet
  facet normal 0 1 0
    outer loop
      vertex 51.8 2.4 19.6
      vertex 61.7514 2.4 35.693
      vertex 61.8066 2.4 35.4153
    endloop
  endfacet
  facet normal 0 1 0
    outer loop
      vertex 51.8 2.4 19.6
      vertex 61.8066 2.4 35.4153
      vertex 61.9482 2.4 34.7033
    endloop
  endfacet
  facet normal 0 1 0
    outer loop
      vertex 51.8 2.4 19.6
      vertex 61.9482 2.4 34.7033
      vertex 62.1816 2.4 34.0159
    endloop
  endfacet
  facet normal 0 1 0
    outer loop
      vertex 51.8 2.4 19.6
      vertex 62.1816 2.4 34.0159
      vertex 62.2726 2.4 33.7477
    endloop
  endfacet
  facet normal 0 1 0
    outer loop
      vertex 53.8 2.4 19.6
      vertex 62.2726 2.4 33.7477
      vertex 62.3978 2.4 33.4938
    endloop
  endfacet
  facet normal 0 1 0
    outer loop
      vertex 53.8 2.4 19.6
      vertex 62.3978 2.4 33.4938
      vertex 62.7189 2.4 32.8427
    endloop
  endfacet
  facet normal 0 1 0
    outer loop
      vertex 53.8 2.4 19.6
      vertex 62.7189 2.4 32.8427
      vertex 63.1223 2.4 32.2391
    endloop
  endfacet
  facet normal 0 1 0
    outer loop
      vertex 53.8 2.4 19.6
      vertex 63.1223 2.4 32.2391
      vertex 63.2796 2.4 32.0036
    endloop
  endfacet
  facet normal 0 1 0
    outer loop
      vertex 53.8 2.4 19.6
      vertex 64.9391 2.4 30.4223
      vertex 65.5427 2.4 30.0189
    endloop
  endfacet
  facet normal 0 1 0
    outer loop
      vertex 67.4033 2.4 29.2482
      vertex 67.382 2.4 19.4718
      vertex 66.7159 2.4 29.4816
    endloop
  endfacet
  facet normal 0 1 -0
    outer loop
      vertex 67.6474 2.4 19.5619
      vertex 67.4033 2.4 29.2482
      vertex 68.0352 2.4 19.6936
    endloop
  endfacet
  facet normal 0 1 0
    outer loop
      vertex 68.0352 2.4 19.6936
      vertex 68.1153 2.4 29.1066
      vertex 68.393 2.4 29.0514
    endloop
  endfacet
  facet normal 0 1 -0
    outer loop
      vertex 68.9914 2.4 19.8465
      vertex 68.6756 2.4 29.0328
      vertex 69.4 2.4 28.9854
    endloop
  endfacet
  facet normal 0 1 0
    outer loop
      vertex 68.9914 2.4 19.8465
      vertex 69.4 2.4 28.9854
      vertex 69.4 2.4 19.8732
    endloop
  endfacet
  facet normal 0 1 -0
    outer loop
      vertex 68.7117 2.4 19.8281
      vertex 68.6756 2.4 29.0328
      vertex 68.9914 2.4 19.8465
    endloop
  endfacet
  facet normal 0 1 0
    outer loop
      vertex 68.6756 2.4 29.0328
      vertex 68.7117 2.4 19.8281
      vertex 68.393 2.4 29.0514
    endloop
  endfacet
  facet normal 0 1 -0
    outer loop
      vertex 68.4368 2.4 19.7734
      vertex 68.393 2.4 29.0514
      vertex 68.7117 2.4 19.8281
    endloop
  endfacet
  facet normal 0 1 0
    outer loop
      vertex 68.0352 2.4 19.6936
      vertex 68.393 2.4 29.0514
      vertex 68.4368 2.4 19.7734
    endloop
  endfacet
  facet normal 0 1 0
    outer loop
      vertex 68.1153 2.4 29.1066
      vertex 68.0352 2.4 19.6936
      vertex 67.4033 2.4 29.2482
    endloop
  endfacet
  facet normal 0 1 0
    outer loop
      vertex 67.382 2.4 19.4718
      vertex 67.4033 2.4 29.2482
      vertex 67.6474 2.4 19.5619
    endloop
  endfacet
  facet normal 0 1 0
    outer loop
      vertex 66.7159 2.4 29.4816
      vertex 67.382 2.4 19.4718
      vertex 66.4477 2.4 29.5726
    endloop
  endfacet
  facet normal 0 1 -0
    outer loop
      vertex 67.0148 2.4 19.2907
      vertex 66.4477 2.4 29.5726
      vertex 67.382 2.4 19.4718
    endloop
  endfacet
  facet normal 0 1 0
    outer loop
      vertex 64.9391 2.4 30.4223
      vertex 53.8 2.4 19.6
      vertex 64.7036 2.4 30.5796
    endloop
  endfacet
  facet normal 0 1 0
    outer loop
      vertex 64.7036 2.4 30.5796
      vertex 53.8 2.4 19.6
      vertex 64.4907 2.4 30.7663
    endloop
  endfacet
  facet normal 0 1 0
    outer loop
      vertex 64.4907 2.4 30.7663
      vertex 53.8 2.4 19.6
      vertex 63.9449 2.4 31.2449
    endloop
  endfacet
  facet normal 0 1 0
    outer loop
      vertex 63.9449 2.4 31.2449
      vertex 53.8 2.4 19.6
      vertex 63.4663 2.4 31.7907
    endloop
  endfacet
  facet normal 0 1 0
    outer loop
      vertex 63.4663 2.4 31.7907
      vertex 53.8 2.4 19.6
      vertex 63.2796 2.4 32.0036
    endloop
  endfacet
  facet normal 0 1 0
    outer loop
      vertex 62.2726 2.4 33.7477
      vertex 53.8 2.4 19.6
      vertex 51.8 2.4 19.6
    endloop
  endfacet
  facet normal 0 1 0
    outer loop
      vertex 61.6854 2.4 36.7
      vertex 51.8 2.4 19.6
      vertex 48.0306 2.4 54.8
    endloop
  endfacet
  facet normal 0 1 0
    outer loop
      vertex 48.0306 2.4 3
      vertex 51.8 2.4 19.6
      vertex 51.8 2.4 3
    endloop
  endfacet
  facet normal 0 1 0
    outer loop
      vertex 51.8 2.4 19.6
      vertex 48.0306 2.4 3
      vertex 48.0306 2.4 54.8
    endloop
  endfacet
  facet normal 0 1 0
    outer loop
      vertex 74.0964 2.4 30.5796
      vertex 85 2.4 19.6
      vertex 73.1287 2.4 18.3287
    endloop
  endfacet
  facet normal 0 1 0
    outer loop
      vertex 71.3967 2.4 29.2482
      vertex 71.418 2.4 19.4718
      vertex 71.0302 2.4 19.6035
    endloop
  endfacet
  facet normal 0 1 0
    outer loop
      vertex 72.3523 2.4 29.5726
      vertex 71.7852 2.4 19.2907
      vertex 71.418 2.4 19.4718
    endloop
  endfacet
  facet normal 0 1 0
    outer loop
      vertex 72.3523 2.4 29.5726
      vertex 72.0366 2.4 19.1668
      vertex 71.7852 2.4 19.2907
    endloop
  endfacet
  facet normal 0 1 0
    outer loop
      vertex 73.2573 2.4 30.0189
      vertex 72.3771 2.4 18.9393
      vertex 72.0366 2.4 19.1668
    endloop
  endfacet
  facet normal 0 1 0
    outer loop
      vertex 73.2573 2.4 30.0189
      vertex 72.6101 2.4 18.7835
      vertex 72.3771 2.4 18.9393
    endloop
  endfacet
  facet normal 0 1 0
    outer loop
      vertex 73.2573 2.4 30.0189
      vertex 72.8209 2.4 18.5987
      vertex 72.6101 2.4 18.7835
    endloop
  endfacet
  facet normal 0 1 0
    outer loop
      vertex 73.8609 2.4 30.4223
      vertex 73.1287 2.4 18.3287
      vertex 72.8209 2.4 18.5987
    endloop
  endfacet
  facet normal 0 1 0
    outer loop
      vertex 85 2.4 19.6
      vertex 73.3136 2.4 18.118
      vertex 73.1287 2.4 18.3287
    endloop
  endfacet
  facet normal 0 1 0
    outer loop
      vertex 85 2.4 19.6
      vertex 73.5835 2.4 17.8101
      vertex 73.3136 2.4 18.118
    endloop
  endfacet
  facet normal 0 1 0
    outer loop
      vertex 85 2.4 19.6
      vertex 73.7393 2.4 17.5771
      vertex 73.5835 2.4 17.8101
    endloop
  endfacet
  facet normal 0 1 0
    outer loop
      vertex 85 2.4 19.6
      vertex 73.9668 2.4 17.2366
      vertex 73.7393 2.4 17.5771
    endloop
  endfacet
  facet normal 0 1 0
    outer loop
      vertex 85 2.4 19.6
      vertex 74.0907 2.4 16.9852
      vertex 73.9668 2.4 17.2366
    endloop
  endfacet
  facet normal 0 1 0
    outer loop
      vertex 85 2.4 19.6
      vertex 74.2718 2.4 16.618
      vertex 74.0907 2.4 16.9852
    endloop
  endfacet
  facet normal 0 1 0
    outer loop
      vertex 85 2.4 19.6
      vertex 74.4035 2.4 16.2302
      vertex 74.2718 2.4 16.618
    endloop
  endfacet
  facet normal 0 1 0
    outer loop
      vertex 85 2.4 19.6
      vertex 74.4936 2.4 15.9648
      vertex 74.4035 2.4 16.2302
    endloop
  endfacet
  facet normal 0 1 0
    outer loop
      vertex 85 2.4 19.6
      vertex 74.5482 2.4 15.6899
      vertex 74.4936 2.4 15.9648
    endloop
  endfacet
  facet normal 0 1 0
    outer loop
      vertex 85 2.4 19.6
      vertex 74.6281 2.4 15.2883
      vertex 74.5482 2.4 15.6899
    endloop
  endfacet
  facet normal 0 1 0
    outer loop
      vertex 85 2.4 19.6
      vertex 74.6465 2.4 15.0086
      vertex 74.6281 2.4 15.2883
    endloop
  endfacet
  facet normal 0 1 0
    outer loop
      vertex 85 2.4 19.6
      vertex 74.6732 2.4 14.6
      vertex 74.6465 2.4 15.0086
    endloop
  endfacet
  facet normal 0 1 0
    outer loop
      vertex 85 2.4 19.6
      vertex 74.6465 2.4 14.1914
      vertex 74.6732 2.4 14.6
    endloop
  endfacet
  facet normal 0 1 0
    outer loop
      vertex 85 2.4 19.6
      vertex 74.6281 2.4 13.9117
      vertex 74.6465 2.4 14.1914
    endloop
  endfacet
  facet normal 0 1 0
    outer loop
      vertex 85 2.4 19.6
      vertex 74.5482 2.4 13.5101
      vertex 74.6281 2.4 13.9117
    endloop
  endfacet
  facet normal 0 1 0
    outer loop
      vertex 85 2.4 19.6
      vertex 74.4936 2.4 13.2352
      vertex 74.5482 2.4 13.5101
    endloop
  endfacet
  facet normal 0 1 -0
    outer loop
      vertex 85 2.4 3
      vertex 74.4936 2.4 13.2352
      vertex 85 2.4 19.6
    endloop
  endfacet
  facet normal 0 1 0
    outer loop
      vertex 74.4936 2.4 13.2352
      vertex 85 2.4 3
      vertex 74.4035 2.4 12.9698
    endloop
  endfacet
  facet normal 0 1 0
    outer loop
      vertex 74.4035 2.4 12.9698
      vertex 85 2.4 3
      vertex 74.2718 2.4 12.582
    endloop
  endfacet
  facet normal 0 1 0
    outer loop
      vertex 74.2718 2.4 12.582
      vertex 85 2.4 3
      vertex 74.0907 2.4 12.2148
    endloop
  endfacet
  facet normal 0 1 0
    outer loop
      vertex 74.0907 2.4 12.2148
      vertex 85 2.4 3
      vertex 73.9668 2.4 11.9634
    endloop
  endfacet
  facet normal 0 1 0
    outer loop
      vertex 73.9668 2.4 11.9634
      vertex 85 2.4 3
      vertex 73.7393 2.4 11.6229
    endloop
  endfacet
  facet normal 0 1 0
    outer loop
      vertex 73.7393 2.4 11.6229
      vertex 85 2.4 3
      vertex 73.5835 2.4 11.3899
    endloop
  endfacet
  facet normal 0 1 0
    outer loop
      vertex 73.5835 2.4 11.3899
      vertex 85 2.4 3
      vertex 73.3987 2.4 11.1791
    endloop
  endfacet
  facet normal 0 1 0
    outer loop
      vertex 73.3987 2.4 11.1791
      vertex 85 2.4 3
      vertex 73.1287 2.4 10.8713
    endloop
  endfacet
  facet normal 0 1 0
    outer loop
      vertex 73.1287 2.4 10.8713
      vertex 85 2.4 3
      vertex 72.8209 2.4 10.6013
    endloop
  endfacet
  facet normal 0 1 0
    outer loop
      vertex 69.8086 2.4 9.35353
      vertex 85 2.4 3
      vertex 69.4 2.4 9.32675
    endloop
  endfacet
  facet normal 0 1 0
    outer loop
      vertex 70.0883 2.4 9.37187
      vertex 85 2.4 3
      vertex 69.8086 2.4 9.35353
    endloop
  endfacet
  facet normal 0 1 0
    outer loop
      vertex 70.4899 2.4 9.45175
      vertex 85 2.4 3
      vertex 70.0883 2.4 9.37187
    endloop
  endfacet
  facet normal 0 1 0
    outer loop
      vertex 70.7648 2.4 9.50644
      vertex 85 2.4 3
      vertex 70.4899 2.4 9.45175
    endloop
  endfacet
  facet normal 0 1 0
    outer loop
      vertex 71.0302 2.4 9.59653
      vertex 85 2.4 3
      vertex 70.7648 2.4 9.50644
    endloop
  endfacet
  facet normal 0 1 0
    outer loop
      vertex 71.418 2.4 9.72816
      vertex 85 2.4 3
      vertex 71.0302 2.4 9.59653
    endloop
  endfacet
  facet normal 0 1 0
    outer loop
      vertex 71.7852 2.4 9.90926
      vertex 85 2.4 3
      vertex 71.418 2.4 9.72816
    endloop
  endfacet
  facet normal 0 1 0
    outer loop
      vertex 72.0366 2.4 10.0332
      vertex 85 2.4 3
      vertex 71.7852 2.4 9.90926
    endloop
  endfacet
  facet normal 0 1 0
    outer loop
      vertex 72.3771 2.4 10.2607
      vertex 85 2.4 3
      vertex 72.0366 2.4 10.0332
    endloop
  endfacet
  facet normal 0 1 0
    outer loop
      vertex 72.6101 2.4 10.4165
      vertex 85 2.4 3
      vertex 72.3771 2.4 10.2607
    endloop
  endfacet
  facet normal 0 1 0
    outer loop
      vertex 72.8209 2.4 10.6013
      vertex 85 2.4 3
      vertex 72.6101 2.4 10.4165
    endloop
  endfacet
  facet normal 1 -0 0
    outer loop
      vertex 7.4 161.4 25
      vertex 7.4 163.8 7
      vertex 7.4 163.8 25
    endloop
  endfacet
  facet normal 1 0 0
    outer loop
      vertex 7.4 163.8 7
      vertex 7.4 161.4 25
      vertex 7.4 161.4 7
    endloop
  endfacet
  facet normal 0 0 -1
    outer loop
      vertex 7.4 161.4 25
      vertex 65.4 163.8 25
      vertex 65.4 161.4 25
    endloop
  endfacet
  facet normal -0 0 -1
    outer loop
      vertex 65.4 163.8 25
      vertex 7.4 161.4 25
      vertex 7.4 163.8 25
    endloop
  endfacet
  facet normal -1 0 0
    outer loop
      vertex 65.4 161.4 7
      vertex 65.4 163.8 25
      vertex 65.4 163.8 7
    endloop
  endfacet
  facet normal -1 -0 0
    outer loop
      vertex 65.4 163.8 25
      vertex 65.4 161.4 7
      vertex 65.4 161.4 25
    endloop
  endfacet
  facet normal -0 0 1
    outer loop
      vertex 7.4 163.8 7
      vertex 65.4 161.4 7
      vertex 65.4 163.8 7
    endloop
  endfacet
  facet normal 0 0 1
    outer loop
      vertex 65.4 161.4 7
      vertex 7.4 163.8 7
      vertex 7.4 161.4 7
    endloop
  endfacet
  facet normal 0 0 -1
    outer loop
      vertex 136.4 61.4 19
      vertex 138.8 142.4 19
      vertex 138.8 61.4 19
    endloop
  endfacet
  facet normal -0 0 -1
    outer loop
      vertex 138.8 142.4 19
      vertex 136.4 61.4 19
      vertex 136.4 142.4 19
    endloop
  endfacet
  facet normal 0 -1 0
    outer loop
      vertex 136.4 142.4 7
      vertex 138.8 142.4 19
      vertex 136.4 142.4 19
    endloop
  endfacet
  facet normal 0 -1 -0
    outer loop
      vertex 138.8 142.4 19
      vertex 136.4 142.4 7
      vertex 138.8 142.4 7
    endloop
  endfacet
  facet normal -0 0 1
    outer loop
      vertex 136.4 142.4 7
      vertex 138.8 61.4 7
      vertex 138.8 142.4 7
    endloop
  endfacet
  facet normal 0 0 1
    outer loop
      vertex 138.8 61.4 7
      vertex 136.4 142.4 7
      vertex 136.4 61.4 7
    endloop
  endfacet
  facet normal 0 1 -0
    outer loop
      vertex 138.8 61.4 7
      vertex 136.4 61.4 19
      vertex 138.8 61.4 19
    endloop
  endfacet
  facet normal 0 1 0
    outer loop
      vertex 136.4 61.4 19
      vertex 138.8 61.4 7
      vertex 136.4 61.4 7
    endloop
  endfacet
  facet normal 0.99145 0.130491 0
    outer loop
      vertex 14.9 62.9 8
      vertex 14.7978 63.6765 3
      vertex 14.7978 63.6765 8
    endloop
  endfacet
  facet normal 0.99145 0.130491 0
    outer loop
      vertex 14.7978 63.6765 3
      vertex 14.9 62.9 8
      vertex 14.9 62.9 3
    endloop
  endfacet
  facet normal -0.991446 0.130516 0
    outer loop
      vertex 8.9 62.9 3
      vertex 9.00222 63.6765 8
      vertex 9.00222 63.6765 3
    endloop
  endfacet
  facet normal -0.991446 0.130516 0
    outer loop
      vertex 9.00222 63.6765 8
      vertex 8.9 62.9 3
      vertex 8.9 62.9 8
    endloop
  endfacet
  facet normal 0.130491 0.99145 -0
    outer loop
      vertex 12.6765 65.7978 3
      vertex 11.9 65.9 8
      vertex 12.6765 65.7978 8
    endloop
  endfacet
  facet normal 0.130491 0.99145 0
    outer loop
      vertex 11.9 65.9 8
      vertex 12.6765 65.7978 3
      vertex 11.9 65.9 3
    endloop
  endfacet
  facet normal -0.130491 -0.99145 0
    outer loop
      vertex 11.1235 60.0022 3
      vertex 11.9 59.9 8
      vertex 11.1235 60.0022 8
    endloop
  endfacet
  facet normal -0.130491 -0.99145 -0
    outer loop
      vertex 11.9 59.9 8
      vertex 11.1235 60.0022 3
      vertex 11.9 59.9 3
    endloop
  endfacet
  facet normal 0.608809 0.793316 -0
    outer loop
      vertex 14.0213 65.0213 3
      vertex 13.4 65.4981 8
      vertex 14.0213 65.0213 8
    endloop
  endfacet
  facet normal 0.608809 0.793316 0
    outer loop
      vertex 13.4 65.4981 8
      vertex 14.0213 65.0213 3
      vertex 13.4 65.4981 3
    endloop
  endfacet
  facet normal 0.923872 0.382701 0
    outer loop
      vertex 14.7978 63.6765 8
      vertex 14.4981 64.4 3
      vertex 14.4981 64.4 8
    endloop
  endfacet
  facet normal 0.923872 0.382701 0
    outer loop
      vertex 14.4981 64.4 3
      vertex 14.7978 63.6765 8
      vertex 14.7978 63.6765 3
    endloop
  endfacet
  facet normal 0.382701 0.923872 -0
    outer loop
      vertex 13.4 65.4981 3
      vertex 12.6765 65.7978 8
      vertex 13.4 65.4981 8
    endloop
  endfacet
  facet normal 0.382701 0.923872 0
    outer loop
      vertex 12.6765 65.7978 8
      vertex 13.4 65.4981 3
      vertex 12.6765 65.7978 3
    endloop
  endfacet
  facet normal -0.608797 0.793326 0
    outer loop
      vertex 10.4 65.4981 3
      vertex 9.77868 65.0213 8
      vertex 10.4 65.4981 8
    endloop
  endfacet
  facet normal -0.608797 0.793326 0
    outer loop
      vertex 9.77868 65.0213 8
      vertex 10.4 65.4981 3
      vertex 9.77868 65.0213 3
    endloop
  endfacet
  facet normal -0.793341 0.608777 0
    outer loop
      vertex 9.30192 64.4 3
      vertex 9.77868 65.0213 8
      vertex 9.77868 65.0213 3
    endloop
  endfacet
  facet normal -0.793341 0.608777 0
    outer loop
      vertex 9.77868 65.0213 8
      vertex 9.30192 64.4 3
      vertex 9.30192 64.4 8
    endloop
  endfacet
  facet normal -0.382701 0.923872 0
    outer loop
      vertex 11.1235 65.7978 3
      vertex 10.4 65.4981 8
      vertex 11.1235 65.7978 8
    endloop
  endfacet
  facet normal -0.382701 0.923872 0
    outer loop
      vertex 10.4 65.4981 8
      vertex 11.1235 65.7978 3
      vertex 10.4 65.4981 3
    endloop
  endfacet
  facet normal 0.923872 -0.382701 0
    outer loop
      vertex 14.4981 61.4 8
      vertex 14.7978 62.1235 3
      vertex 14.7978 62.1235 8
    endloop
  endfacet
  facet normal 0.923872 -0.382701 0
    outer loop
      vertex 14.7978 62.1235 3
      vertex 14.4981 61.4 8
      vertex 14.4981 61.4 3
    endloop
  endfacet
  facet normal -0.608797 -0.793326 0
    outer loop
      vertex 9.77868 60.7787 3
      vertex 10.4 60.3019 8
      vertex 9.77868 60.7787 8
    endloop
  endfacet
  facet normal -0.608797 -0.793326 -0
    outer loop
      vertex 10.4 60.3019 8
      vertex 9.77868 60.7787 3
      vertex 10.4 60.3019 3
    endloop
  endfacet
  facet normal 0.793316 0.608809 0
    outer loop
      vertex 14.4981 64.4 8
      vertex 14.0213 65.0213 3
      vertex 14.0213 65.0213 8
    endloop
  endfacet
  facet normal 0.793316 0.608809 0
    outer loop
      vertex 14.0213 65.0213 3
      vertex 14.4981 64.4 8
      vertex 14.4981 64.4 3
    endloop
  endfacet
  facet normal -0.923872 0.382701 0
    outer loop
      vertex 9.00222 63.6765 3
      vertex 9.30192 64.4 8
      vertex 9.30192 64.4 3
    endloop
  endfacet
  facet normal -0.923872 0.382701 0
    outer loop
      vertex 9.30192 64.4 8
      vertex 9.00222 63.6765 3
      vertex 9.00222 63.6765 8
    endloop
  endfacet
  facet normal 0 0 1
    outer loop
      vertex 13 62.9 8
      vertex 14.9 62.9 8
      vertex 14.7978 63.6765 8
    endloop
  endfacet
  facet normal 0 0 1
    outer loop
      vertex 12.9163 63.3209 8
      vertex 14.7978 63.6765 8
      vertex 14.4981 64.4 8
    endloop
  endfacet
  facet normal 0 0 1
    outer loop
      vertex 14.9 62.9 8
      vertex 13 62.9 8
      vertex 14.7978 62.1235 8
    endloop
  endfacet
  facet normal 0 0 1
    outer loop
      vertex 12.6778 63.6778 8
      vertex 14.4981 64.4 8
      vertex 14.0213 65.0213 8
    endloop
  endfacet
  facet normal -0 0 1
    outer loop
      vertex 12.9163 62.479 8
      vertex 14.7978 62.1235 8
      vertex 13 62.9 8
    endloop
  endfacet
  facet normal 0 0 1
    outer loop
      vertex 12.6778 63.6778 8
      vertex 14.0213 65.0213 8
      vertex 13.4 65.4981 8
    endloop
  endfacet
  facet normal 0 0 1
    outer loop
      vertex 14.7978 62.1235 8
      vertex 12.9163 62.479 8
      vertex 14.4981 61.4 8
    endloop
  endfacet
  facet normal -0 0 1
    outer loop
      vertex 12.6778 62.1222 8
      vertex 14.4981 61.4 8
      vertex 12.9163 62.479 8
    endloop
  endfacet
  facet normal 0 0 1
    outer loop
      vertex 14.7978 63.6765 8
      vertex 12.9163 63.3209 8
      vertex 13 62.9 8
    endloop
  endfacet
  facet normal 0 0 1
    outer loop
      vertex 14.4981 64.4 8
      vertex 12.6778 63.6778 8
      vertex 12.9163 63.3209 8
    endloop
  endfacet
  facet normal 0 0 1
    outer loop
      vertex 12.321 63.9163 8
      vertex 13.4 65.4981 8
      vertex 12.6765 65.7978 8
    endloop
  endfacet
  facet normal 0 0 1
    outer loop
      vertex 13.4 65.4981 8
      vertex 12.321 63.9163 8
      vertex 12.6778 63.6778 8
    endloop
  endfacet
  facet normal 0 0 1
    outer loop
      vertex 11.9 64 8
      vertex 12.6765 65.7978 8
      vertex 11.9 65.9 8
    endloop
  endfacet
  facet normal 0 0 1
    outer loop
      vertex 12.6765 65.7978 8
      vertex 11.9 64 8
      vertex 12.321 63.9163 8
    endloop
  endfacet
  facet normal -0 0 1
    outer loop
      vertex 11.1235 65.7978 8
      vertex 11.9 64 8
      vertex 11.9 65.9 8
    endloop
  endfacet
  facet normal 0 0 1
    outer loop
      vertex 11.9 64 8
      vertex 11.1235 65.7978 8
      vertex 11.479 63.9163 8
    endloop
  endfacet
  facet normal -0 0 1
    outer loop
      vertex 10.4 65.4981 8
      vertex 11.479 63.9163 8
      vertex 11.1235 65.7978 8
    endloop
  endfacet
  facet normal 0 0 1
    outer loop
      vertex 11.479 63.9163 8
      vertex 10.4 65.4981 8
      vertex 11.1222 63.6778 8
    endloop
  endfacet
  facet normal -0 0 1
    outer loop
      vertex 9.77868 65.0213 8
      vertex 11.1222 63.6778 8
      vertex 10.4 65.4981 8
    endloop
  endfacet
  facet normal -0 0 1
    outer loop
      vertex 9.30192 64.4 8
      vertex 11.1222 63.6778 8
      vertex 9.77868 65.0213 8
    endloop
  endfacet
  facet normal 0 0 1
    outer loop
      vertex 14.4981 61.4 8
      vertex 12.6778 62.1222 8
      vertex 14.0213 60.7787 8
    endloop
  endfacet
  facet normal 0 0 1
    outer loop
      vertex 14.0213 60.7787 8
      vertex 12.6778 62.1222 8
      vertex 13.4 60.3019 8
    endloop
  endfacet
  facet normal -0 0 1
    outer loop
      vertex 12.321 61.8837 8
      vertex 13.4 60.3019 8
      vertex 12.6778 62.1222 8
    endloop
  endfacet
  facet normal 0 0 1
    outer loop
      vertex 13.4 60.3019 8
      vertex 12.321 61.8837 8
      vertex 12.6765 60.0022 8
    endloop
  endfacet
  facet normal -0 0 1
    outer loop
      vertex 11.9 61.8 8
      vertex 12.6765 60.0022 8
      vertex 12.321 61.8837 8
    endloop
  endfacet
  facet normal 0 0 1
    outer loop
      vertex 11.9 61.8 8
      vertex 11.9 59.9 8
      vertex 12.6765 60.0022 8
    endloop
  endfacet
  facet normal 0 0 1
    outer loop
      vertex 11.1235 60.0022 8
      vertex 11.9 61.8 8
      vertex 11.479 61.8837 8
    endloop
  endfacet
  facet normal 0 0 1
    outer loop
      vertex 11.9 61.8 8
      vertex 11.1235 60.0022 8
      vertex 11.9 59.9 8
    endloop
  endfacet
  facet normal 0 0 1
    outer loop
      vertex 10.4 60.3019 8
      vertex 11.479 61.8837 8
      vertex 11.1222 62.1222 8
    endloop
  endfacet
  facet normal 0 0 1
    outer loop
      vertex 9.30192 61.4 8
      vertex 11.1222 62.1222 8
      vertex 10.8837 62.479 8
    endloop
  endfacet
  facet normal 0 0 1
    outer loop
      vertex 9.00222 62.1235 8
      vertex 10.8837 62.479 8
      vertex 10.8 62.9 8
    endloop
  endfacet
  facet normal 0 0 1
    outer loop
      vertex 11.1222 63.6778 8
      vertex 9.30192 64.4 8
      vertex 10.8837 63.3209 8
    endloop
  endfacet
  facet normal 0 0 1
    outer loop
      vertex 11.479 61.8837 8
      vertex 10.4 60.3019 8
      vertex 11.1235 60.0022 8
    endloop
  endfacet
  facet normal -0 0 1
    outer loop
      vertex 9.00222 63.6765 8
      vertex 10.8837 63.3209 8
      vertex 9.30192 64.4 8
    endloop
  endfacet
  facet normal 0 0 1
    outer loop
      vertex 11.1222 62.1222 8
      vertex 9.77868 60.7787 8
      vertex 10.4 60.3019 8
    endloop
  endfacet
  facet normal 0 0 1
    outer loop
      vertex 10.8837 63.3209 8
      vertex 9.00222 63.6765 8
      vertex 10.8 62.9 8
    endloop
  endfacet
  facet normal 0 0 1
    outer loop
      vertex 11.1222 62.1222 8
      vertex 9.30192 61.4 8
      vertex 9.77868 60.7787 8
    endloop
  endfacet
  facet normal 0 0 1
    outer loop
      vertex 8.9 62.9 8
      vertex 10.8 62.9 8
      vertex 9.00222 63.6765 8
    endloop
  endfacet
  facet normal 0 0 1
    outer loop
      vertex 10.8837 62.479 8
      vertex 9.00222 62.1235 8
      vertex 9.30192 61.4 8
    endloop
  endfacet
  facet normal 0 0 1
    outer loop
      vertex 10.8 62.9 8
      vertex 8.9 62.9 8
      vertex 9.00222 62.1235 8
    endloop
  endfacet
  facet normal -0.130491 0.99145 0
    outer loop
      vertex 11.9 65.9 3
      vertex 11.1235 65.7978 8
      vertex 11.9 65.9 8
    endloop
  endfacet
  facet normal -0.130491 0.99145 0
    outer loop
      vertex 11.1235 65.7978 8
      vertex 11.9 65.9 3
      vertex 11.1235 65.7978 3
    endloop
  endfacet
  facet normal 0.99145 -0.130491 0
    outer loop
      vertex 14.7978 62.1235 8
      vertex 14.9 62.9 3
      vertex 14.9 62.9 8
    endloop
  endfacet
  facet normal 0.99145 -0.130491 0
    outer loop
      vertex 14.9 62.9 3
      vertex 14.7978 62.1235 8
      vertex 14.7978 62.1235 3
    endloop
  endfacet
  facet normal 0.130491 -0.99145 0
    outer loop
      vertex 11.9 59.9 3
      vertex 12.6765 60.0022 8
      vertex 11.9 59.9 8
    endloop
  endfacet
  facet normal 0.130491 -0.99145 0
    outer loop
      vertex 12.6765 60.0022 8
      vertex 11.9 59.9 3
      vertex 12.6765 60.0022 3
    endloop
  endfacet
  facet normal 0.608809 -0.793316 0
    outer loop
      vertex 13.4 60.3019 3
      vertex 14.0213 60.7787 8
      vertex 13.4 60.3019 8
    endloop
  endfacet
  facet normal 0.608809 -0.793316 0
    outer loop
      vertex 14.0213 60.7787 8
      vertex 13.4 60.3019 3
      vertex 14.0213 60.7787 3
    endloop
  endfacet
  facet normal -0.382701 -0.923872 0
    outer loop
      vertex 10.4 60.3019 3
      vertex 11.1235 60.0022 8
      vertex 10.4 60.3019 8
    endloop
  endfacet
  facet normal -0.382701 -0.923872 -0
    outer loop
      vertex 11.1235 60.0022 8
      vertex 10.4 60.3019 3
      vertex 11.1235 60.0022 3
    endloop
  endfacet
  facet normal -0.793341 -0.608777 0
    outer loop
      vertex 9.77868 60.7787 3
      vertex 9.30192 61.4 8
      vertex 9.30192 61.4 3
    endloop
  endfacet
  facet normal -0.793341 -0.608777 0
    outer loop
      vertex 9.30192 61.4 8
      vertex 9.77868 60.7787 3
      vertex 9.77868 60.7787 8
    endloop
  endfacet
  facet normal -0.991446 -0.130516 0
    outer loop
      vertex 9.00222 62.1235 3
      vertex 8.9 62.9 8
      vertex 8.9 62.9 3
    endloop
  endfacet
  facet normal -0.991446 -0.130516 0
    outer loop
      vertex 8.9 62.9 8
      vertex 9.00222 62.1235 3
      vertex 9.00222 62.1235 8
    endloop
  endfacet
  facet normal 0.382701 -0.923872 0
    outer loop
      vertex 12.6765 60.0022 3
      vertex 13.4 60.3019 8
      vertex 12.6765 60.0022 8
    endloop
  endfacet
  facet normal 0.382701 -0.923872 0
    outer loop
      vertex 13.4 60.3019 8
      vertex 12.6765 60.0022 3
      vertex 13.4 60.3019 3
    endloop
  endfacet
  facet normal 0.793316 -0.608809 0
    outer loop
      vertex 14.0213 60.7787 8
      vertex 14.4981 61.4 3
      vertex 14.4981 61.4 8
    endloop
  endfacet
  facet normal 0.793316 -0.608809 0
    outer loop
      vertex 14.4981 61.4 3
      vertex 14.0213 60.7787 8
      vertex 14.0213 60.7787 3
    endloop
  endfacet
  facet normal -0.923872 -0.382701 0
    outer loop
      vertex 9.30192 61.4 3
      vertex 9.00222 62.1235 8
      vertex 9.00222 62.1235 3
    endloop
  endfacet
  facet normal -0.923872 -0.382701 0
    outer loop
      vertex 9.00222 62.1235 8
      vertex 9.30192 61.4 3
      vertex 9.30192 61.4 8
    endloop
  endfacet
  facet normal -0.980795 -0.195041 0
    outer loop
      vertex 13 62.9 3
      vertex 12.9163 63.3209 8
      vertex 12.9163 63.3209 3
    endloop
  endfacet
  facet normal -0.980795 -0.195041 0
    outer loop
      vertex 12.9163 63.3209 8
      vertex 13 62.9 3
      vertex 13 62.9 8
    endloop
  endfacet
  facet normal 0.980795 -0.195041 0
    outer loop
      vertex 10.8 62.9 8
      vertex 10.8837 63.3209 3
      vertex 10.8837 63.3209 8
    endloop
  endfacet
  facet normal 0.980795 -0.195041 0
    outer loop
      vertex 10.8837 63.3209 3
      vertex 10.8 62.9 8
      vertex 10.8 62.9 3
    endloop
  endfacet
  facet normal -0.194996 -0.980804 0
    outer loop
      vertex 11.9 64 3
      vertex 12.321 63.9163 8
      vertex 11.9 64 8
    endloop
  endfacet
  facet normal -0.194996 -0.980804 -0
    outer loop
      vertex 12.321 63.9163 8
      vertex 11.9 64 3
      vertex 12.321 63.9163 3
    endloop
  endfacet
  facet normal -0.831441 -0.555614 0
    outer loop
      vertex 12.9163 63.3209 3
      vertex 12.6778 63.6778 8
      vertex 12.6778 63.6778 3
    endloop
  endfacet
  facet normal -0.831441 -0.555614 0
    outer loop
      vertex 12.6778 63.6778 8
      vertex 12.9163 63.3209 3
      vertex 12.9163 63.3209 8
    endloop
  endfacet
  facet normal -0.194996 0.980804 0
    outer loop
      vertex 12.321 61.8837 3
      vertex 11.9 61.8 8
      vertex 12.321 61.8837 8
    endloop
  endfacet
  facet normal -0.194996 0.980804 0
    outer loop
      vertex 11.9 61.8 8
      vertex 12.321 61.8837 3
      vertex 11.9 61.8 3
    endloop
  endfacet
  facet normal 0.194996 0.980804 -0
    outer loop
      vertex 11.9 61.8 3
      vertex 11.479 61.8837 8
      vertex 11.9 61.8 8
    endloop
  endfacet
  facet normal 0.194996 0.980804 0
    outer loop
      vertex 11.479 61.8837 8
      vertex 11.9 61.8 3
      vertex 11.479 61.8837 3
    endloop
  endfacet
  facet normal -0.555721 -0.831369 0
    outer loop
      vertex 12.321 63.9163 3
      vertex 12.6778 63.6778 8
      vertex 12.321 63.9163 8
    endloop
  endfacet
  facet normal -0.555721 -0.831369 -0
    outer loop
      vertex 12.6778 63.6778 8
      vertex 12.321 63.9163 3
      vertex 12.6778 63.6778 3
    endloop
  endfacet
  facet normal 0.194996 -0.980804 0
    outer loop
      vertex 11.479 63.9163 3
      vertex 11.9 64 8
      vertex 11.479 63.9163 8
    endloop
  endfacet
  facet normal 0.194996 -0.980804 0
    outer loop
      vertex 11.9 64 8
      vertex 11.479 63.9163 3
      vertex 11.9 64 3
    endloop
  endfacet
  facet normal 0.831441 -0.555614 0
    outer loop
      vertex 10.8837 63.3209 8
      vertex 11.1222 63.6778 3
      vertex 11.1222 63.6778 8
    endloop
  endfacet
  facet normal 0.831441 -0.555614 0
    outer loop
      vertex 11.1222 63.6778 3
      vertex 10.8837 63.3209 8
      vertex 10.8837 63.3209 3
    endloop
  endfacet
  facet normal 0.555721 -0.831369 0
    outer loop
      vertex 11.1222 63.6778 3
      vertex 11.479 63.9163 8
      vertex 11.1222 63.6778 8
    endloop
  endfacet
  facet normal 0.555721 -0.831369 0
    outer loop
      vertex 11.479 63.9163 8
      vertex 11.1222 63.6778 3
      vertex 11.479 63.9163 3
    endloop
  endfacet
  facet normal 0.980804 0.194996 0
    outer loop
      vertex 10.8837 62.479 8
      vertex 10.8 62.9 3
      vertex 10.8 62.9 8
    endloop
  endfacet
  facet normal 0.980804 0.194996 0
    outer loop
      vertex 10.8 62.9 3
      vertex 10.8837 62.479 8
      vertex 10.8837 62.479 3
    endloop
  endfacet
  facet normal 0.555721 0.831369 -0
    outer loop
      vertex 11.479 61.8837 3
      vertex 11.1222 62.1222 8
      vertex 11.479 61.8837 8
    endloop
  endfacet
  facet normal 0.555721 0.831369 0
    outer loop
      vertex 11.1222 62.1222 8
      vertex 11.479 61.8837 3
      vertex 11.1222 62.1222 3
    endloop
  endfacet
  facet normal 0.831369 0.555721 0
    outer loop
      vertex 11.1222 62.1222 8
      vertex 10.8837 62.479 3
      vertex 10.8837 62.479 8
    endloop
  endfacet
  facet normal 0.831369 0.555721 0
    outer loop
      vertex 10.8837 62.479 3
      vertex 11.1222 62.1222 8
      vertex 11.1222 62.1222 3
    endloop
  endfacet
  facet normal -0.831369 0.555721 0
    outer loop
      vertex 12.6778 62.1222 3
      vertex 12.9163 62.479 8
      vertex 12.9163 62.479 3
    endloop
  endfacet
  facet normal -0.831369 0.555721 0
    outer loop
      vertex 12.9163 62.479 8
      vertex 12.6778 62.1222 3
      vertex 12.6778 62.1222 8
    endloop
  endfacet
  facet normal -0.555721 0.831369 0
    outer loop
      vertex 12.6778 62.1222 3
      vertex 12.321 61.8837 8
      vertex 12.6778 62.1222 8
    endloop
  endfacet
  facet normal -0.555721 0.831369 0
    outer loop
      vertex 12.321 61.8837 8
      vertex 12.6778 62.1222 3
      vertex 12.321 61.8837 3
    endloop
  endfacet
  facet normal -0.980804 0.194996 0
    outer loop
      vertex 12.9163 62.479 3
      vertex 13 62.9 8
      vertex 13 62.9 3
    endloop
  endfacet
  facet normal -0.980804 0.194996 0
    outer loop
      vertex 13 62.9 8
      vertex 12.9163 62.479 3
      vertex 12.9163 62.479 8
    endloop
  endfacet
  facet normal 0.991439 0.130573 0
    outer loop
      vertex 14.9 120.9 8
      vertex 14.7978 121.676 3
      vertex 14.7978 121.676 8
    endloop
  endfacet
  facet normal 0.991439 0.130573 0
    outer loop
      vertex 14.7978 121.676 3
      vertex 14.9 120.9 8
      vertex 14.9 120.9 3
    endloop
  endfacet
  facet normal -0.991435 0.130599 0
    outer loop
      vertex 8.9 120.9 3
      vertex 9.00222 121.676 8
      vertex 9.00222 121.676 3
    endloop
  endfacet
  facet normal -0.991435 0.130599 0
    outer loop
      vertex 9.00222 121.676 8
      vertex 8.9 120.9 3
      vertex 8.9 120.9 8
    endloop
  endfacet
  facet normal 0.13024 0.991483 -0
    outer loop
      vertex 12.6765 123.798 3
      vertex 11.9 123.9 8
      vertex 12.6765 123.798 8
    endloop
  endfacet
  facet normal 0.13024 0.991483 0
    outer loop
      vertex 11.9 123.9 8
      vertex 12.6765 123.798 3
      vertex 11.9 123.9 3
    endloop
  endfacet
  facet normal -0.13024 -0.991483 0
    outer loop
      vertex 11.1235 118.002 3
      vertex 11.9 117.9 8
      vertex 11.1235 118.002 8
    endloop
  endfacet
  facet normal -0.13024 -0.991483 -0
    outer loop
      vertex 11.9 117.9 8
      vertex 11.1235 118.002 3
      vertex 11.9 117.9 3
    endloop
  endfacet
  facet normal 0.60897 0.793193 -0
    outer loop
      vertex 14.0213 123.021 3
      vertex 13.4 123.498 8
      vertex 14.0213 123.021 8
    endloop
  endfacet
  facet normal 0.60897 0.793193 0
    outer loop
      vertex 13.4 123.498 8
      vertex 14.0213 123.021 3
      vertex 13.4 123.498 3
    endloop
  endfacet
  facet normal 0.923966 0.382476 0
    outer loop
      vertex 14.7978 121.676 8
      vertex 14.4981 122.4 3
      vertex 14.4981 122.4 8
    endloop
  endfacet
  facet normal 0.923966 0.382476 0
    outer loop
      vertex 14.4981 122.4 3
      vertex 14.7978 121.676 8
      vertex 14.7978 121.676 3
    endloop
  endfacet
  facet normal 0.383028 0.923737 -0
    outer loop
      vertex 13.4 123.498 3
      vertex 12.6765 123.798 8
      vertex 13.4 123.498 8
    endloop
  endfacet
  facet normal 0.383028 0.923737 0
    outer loop
      vertex 12.6765 123.798 8
      vertex 13.4 123.498 3
      vertex 12.6765 123.798 3
    endloop
  endfacet
  facet normal -0.608958 0.793203 0
    outer loop
      vertex 10.4 123.498 3
      vertex 9.77868 123.021 8
      vertex 10.4 123.498 8
    endloop
  endfacet
  facet normal -0.608958 0.793203 0
    outer loop
      vertex 9.77868 123.021 8
      vertex 10.4 123.498 3
      vertex 9.77868 123.021 3
    endloop
  endfacet
  facet normal -0.793199 0.608962 0
    outer loop
      vertex 9.30192 122.4 3
      vertex 9.77868 123.021 8
      vertex 9.77868 123.021 3
    endloop
  endfacet
  facet normal -0.793199 0.608962 0
    outer loop
      vertex 9.77868 123.021 8
      vertex 9.30192 122.4 3
      vertex 9.30192 122.4 8
    endloop
  endfacet
  facet normal -0.383028 0.923737 0
    outer loop
      vertex 11.1235 123.798 3
      vertex 10.4 123.498 8
      vertex 11.1235 123.798 8
    endloop
  endfacet
  facet normal -0.383028 0.923737 0
    outer loop
      vertex 10.4 123.498 8
      vertex 11.1235 123.798 3
      vertex 10.4 123.498 3
    endloop
  endfacet
  facet normal 0.923966 -0.382476 0
    outer loop
      vertex 14.4981 119.4 8
      vertex 14.7978 120.124 3
      vertex 14.7978 120.124 8
    endloop
  endfacet
  facet normal 0.923966 -0.382476 0
    outer loop
      vertex 14.7978 120.124 3
      vertex 14.4981 119.4 8
      vertex 14.4981 119.4 3
    endloop
  endfacet
  facet normal -0.608958 -0.793203 0
    outer loop
      vertex 9.77868 118.779 3
      vertex 10.4 118.302 8
      vertex 9.77868 118.779 8
    endloop
  endfacet
  facet normal -0.608958 -0.793203 -0
    outer loop
      vertex 10.4 118.302 8
      vertex 9.77868 118.779 3
      vertex 10.4 118.302 3
    endloop
  endfacet
  facet normal 0.793174 0.608994 0
    outer loop
      vertex 14.4981 122.4 8
      vertex 14.0213 123.021 3
      vertex 14.0213 123.021 8
    endloop
  endfacet
  facet normal 0.793174 0.608994 0
    outer loop
      vertex 14.0213 123.021 3
      vertex 14.4981 122.4 8
      vertex 14.4981 122.4 3
    endloop
  endfacet
  facet normal -0.923966 0.382476 0
    outer loop
      vertex 9.00222 121.676 3
      vertex 9.30192 122.4 8
      vertex 9.30192 122.4 3
    endloop
  endfacet
  facet normal -0.923966 0.382476 0
    outer loop
      vertex 9.30192 122.4 8
      vertex 9.00222 121.676 3
      vertex 9.00222 121.676 8
    endloop
  endfacet
  facet normal 0 0 1
    outer loop
      vertex 13 120.9 8
      vertex 14.9 120.9 8
      vertex 14.7978 121.676 8
    endloop
  endfacet
  facet normal 0 0 1
    outer loop
      vertex 12.9163 121.321 8
      vertex 14.7978 121.676 8
      vertex 14.4981 122.4 8
    endloop
  endfacet
  facet normal 0 0 1
    outer loop
      vertex 14.9 120.9 8
      vertex 13 120.9 8
      vertex 14.7978 120.124 8
    endloop
  endfacet
  facet normal 0 0 1
    outer loop
      vertex 12.6778 121.678 8
      vertex 14.4981 122.4 8
      vertex 14.0213 123.021 8
    endloop
  endfacet
  facet normal -0 0 1
    outer loop
      vertex 12.9163 120.479 8
      vertex 14.7978 120.124 8
      vertex 13 120.9 8
    endloop
  endfacet
  facet normal 0 0 1
    outer loop
      vertex 12.6778 121.678 8
      vertex 14.0213 123.021 8
      vertex 13.4 123.498 8
    endloop
  endfacet
  facet normal 0 0 1
    outer loop
      vertex 14.7978 120.124 8
      vertex 12.9163 120.479 8
      vertex 14.4981 119.4 8
    endloop
  endfacet
  facet normal -0 0 1
    outer loop
      vertex 12.6778 120.122 8
      vertex 14.4981 119.4 8
      vertex 12.9163 120.479 8
    endloop
  endfacet
  facet normal 0 0 1
    outer loop
      vertex 14.7978 121.676 8
      vertex 12.9163 121.321 8
      vertex 13 120.9 8
    endloop
  endfacet
  facet normal 0 0 1
    outer loop
      vertex 14.4981 122.4 8
      vertex 12.6778 121.678 8
      vertex 12.9163 121.321 8
    endloop
  endfacet
  facet normal 0 0 1
    outer loop
      vertex 12.321 121.916 8
      vertex 13.4 123.498 8
      vertex 12.6765 123.798 8
    endloop
  endfacet
  facet normal 0 0 1
    outer loop
      vertex 13.4 123.498 8
      vertex 12.321 121.916 8
      vertex 12.6778 121.678 8
    endloop
  endfacet
  facet normal 0 0 1
    outer loop
      vertex 11.9 122 8
      vertex 12.6765 123.798 8
      vertex 11.9 123.9 8
    endloop
  endfacet
  facet normal 0 0 1
    outer loop
      vertex 12.6765 123.798 8
      vertex 11.9 122 8
      vertex 12.321 121.916 8
    endloop
  endfacet
  facet normal -0 0 1
    outer loop
      vertex 11.1235 123.798 8
      vertex 11.9 122 8
      vertex 11.9 123.9 8
    endloop
  endfacet
  facet normal 0 0 1
    outer loop
      vertex 11.9 122 8
      vertex 11.1235 123.798 8
      vertex 11.479 121.916 8
    endloop
  endfacet
  facet normal -0 0 1
    outer loop
      vertex 10.4 123.498 8
      vertex 11.479 121.916 8
      vertex 11.1235 123.798 8
    endloop
  endfacet
  facet normal 0 0 1
    outer loop
      vertex 11.479 121.916 8
      vertex 10.4 123.498 8
      vertex 11.1222 121.678 8
    endloop
  endfacet
  facet normal -0 0 1
    outer loop
      vertex 9.77868 123.021 8
      vertex 11.1222 121.678 8
      vertex 10.4 123.498 8
    endloop
  endfacet
  facet normal -0 0 1
    outer loop
      vertex 9.30192 122.4 8
      vertex 11.1222 121.678 8
      vertex 9.77868 123.021 8
    endloop
  endfacet
  facet normal 0 0 1
    outer loop
      vertex 14.4981 119.4 8
      vertex 12.6778 120.122 8
      vertex 14.0213 118.779 8
    endloop
  endfacet
  facet normal 0 0 1
    outer loop
      vertex 14.0213 118.779 8
      vertex 12.6778 120.122 8
      vertex 13.4 118.302 8
    endloop
  endfacet
  facet normal -0 0 1
    outer loop
      vertex 12.321 119.884 8
      vertex 13.4 118.302 8
      vertex 12.6778 120.122 8
    endloop
  endfacet
  facet normal 0 0 1
    outer loop
      vertex 13.4 118.302 8
      vertex 12.321 119.884 8
      vertex 12.6765 118.002 8
    endloop
  endfacet
  facet normal -0 0 1
    outer loop
      vertex 11.9 119.8 8
      vertex 12.6765 118.002 8
      vertex 12.321 119.884 8
    endloop
  endfacet
  facet normal 0 0 1
    outer loop
      vertex 11.9 119.8 8
      vertex 11.9 117.9 8
      vertex 12.6765 118.002 8
    endloop
  endfacet
  facet normal 0 0 1
    outer loop
      vertex 11.1235 118.002 8
      vertex 11.9 119.8 8
      vertex 11.479 119.884 8
    endloop
  endfacet
  facet normal 0 0 1
    outer loop
      vertex 11.9 119.8 8
      vertex 11.1235 118.002 8
      vertex 11.9 117.9 8
    endloop
  endfacet
  facet normal 0 0 1
    outer loop
      vertex 10.4 118.302 8
      vertex 11.479 119.884 8
      vertex 11.1222 120.122 8
    endloop
  endfacet
  facet normal 0 0 1
    outer loop
      vertex 9.30192 119.4 8
      vertex 11.1222 120.122 8
      vertex 10.8837 120.479 8
    endloop
  endfacet
  facet normal 0 0 1
    outer loop
      vertex 9.00222 120.124 8
      vertex 10.8837 120.479 8
      vertex 10.8 120.9 8
    endloop
  endfacet
  facet normal 0 0 1
    outer loop
      vertex 11.1222 121.678 8
      vertex 9.30192 122.4 8
      vertex 10.8837 121.321 8
    endloop
  endfacet
  facet normal 0 0 1
    outer loop
      vertex 11.479 119.884 8
      vertex 10.4 118.302 8
      vertex 11.1235 118.002 8
    endloop
  endfacet
  facet normal -0 0 1
    outer loop
      vertex 9.00222 121.676 8
      vertex 10.8837 121.321 8
      vertex 9.30192 122.4 8
    endloop
  endfacet
  facet normal 0 0 1
    outer loop
      vertex 11.1222 120.122 8
      vertex 9.77868 118.779 8
      vertex 10.4 118.302 8
    endloop
  endfacet
  facet normal 0 0 1
    outer loop
      vertex 10.8837 121.321 8
      vertex 9.00222 121.676 8
      vertex 10.8 120.9 8
    endloop
  endfacet
  facet normal 0 0 1
    outer loop
      vertex 11.1222 120.122 8
      vertex 9.30192 119.4 8
      vertex 9.77868 118.779 8
    endloop
  endfacet
  facet normal 0 0 1
    outer loop
      vertex 8.9 120.9 8
      vertex 10.8 120.9 8
      vertex 9.00222 121.676 8
    endloop
  endfacet
  facet normal 0 0 1
    outer loop
      vertex 10.8837 120.479 8
      vertex 9.00222 120.124 8
      vertex 9.30192 119.4 8
    endloop
  endfacet
  facet normal 0 0 1
    outer loop
      vertex 10.8 120.9 8
      vertex 8.9 120.9 8
      vertex 9.00222 120.124 8
    endloop
  endfacet
  facet normal -0.13024 0.991483 0
    outer loop
      vertex 11.9 123.9 3
      vertex 11.1235 123.798 8
      vertex 11.9 123.9 8
    endloop
  endfacet
  facet normal -0.13024 0.991483 0
    outer loop
      vertex 11.1235 123.798 8
      vertex 11.9 123.9 3
      vertex 11.1235 123.798 3
    endloop
  endfacet
  facet normal 0.991439 -0.130573 0
    outer loop
      vertex 14.7978 120.124 8
      vertex 14.9 120.9 3
      vertex 14.9 120.9 8
    endloop
  endfacet
  facet normal 0.991439 -0.130573 0
    outer loop
      vertex 14.9 120.9 3
      vertex 14.7978 120.124 8
      vertex 14.7978 120.124 3
    endloop
  endfacet
  facet normal 0.13024 -0.991483 0
    outer loop
      vertex 11.9 117.9 3
      vertex 12.6765 118.002 8
      vertex 11.9 117.9 8
    endloop
  endfacet
  facet normal 0.13024 -0.991483 0
    outer loop
      vertex 12.6765 118.002 8
      vertex 11.9 117.9 3
      vertex 12.6765 118.002 3
    endloop
  endfacet
  facet normal 0.60897 -0.793193 0
    outer loop
      vertex 13.4 118.302 3
      vertex 14.0213 118.779 8
      vertex 13.4 118.302 8
    endloop
  endfacet
  facet normal 0.60897 -0.793193 0
    outer loop
      vertex 14.0213 118.779 8
      vertex 13.4 118.302 3
      vertex 14.0213 118.779 3
    endloop
  endfacet
  facet normal -0.383028 -0.923737 0
    outer loop
      vertex 10.4 118.302 3
      vertex 11.1235 118.002 8
      vertex 10.4 118.302 8
    endloop
  endfacet
  facet normal -0.383028 -0.923737 -0
    outer loop
      vertex 11.1235 118.002 8
      vertex 10.4 118.302 3
      vertex 11.1235 118.002 3
    endloop
  endfacet
  facet normal -0.793199 -0.608962 0
    outer loop
      vertex 9.77868 118.779 3
      vertex 9.30192 119.4 8
      vertex 9.30192 119.4 3
    endloop
  endfacet
  facet normal -0.793199 -0.608962 0
    outer loop
      vertex 9.30192 119.4 8
      vertex 9.77868 118.779 3
      vertex 9.77868 118.779 8
    endloop
  endfacet
  facet normal -0.991435 -0.130599 0
    outer loop
      vertex 9.00222 120.124 3
      vertex 8.9 120.9 8
      vertex 8.9 120.9 3
    endloop
  endfacet
  facet normal -0.991435 -0.130599 0
    outer loop
      vertex 8.9 120.9 8
      vertex 9.00222 120.124 3
      vertex 9.00222 120.124 8
    endloop
  endfacet
  facet normal 0.383028 -0.923737 0
    outer loop
      vertex 12.6765 118.002 3
      vertex 13.4 118.302 8
      vertex 12.6765 118.002 8
    endloop
  endfacet
  facet normal 0.383028 -0.923737 0
    outer loop
      vertex 13.4 118.302 8
      vertex 12.6765 118.002 3
      vertex 13.4 118.302 3
    endloop
  endfacet
  facet normal 0.793174 -0.608994 0
    outer loop
      vertex 14.0213 118.779 8
      vertex 14.4981 119.4 3
      vertex 14.4981 119.4 8
    endloop
  endfacet
  facet normal 0.793174 -0.608994 0
    outer loop
      vertex 14.4981 119.4 3
      vertex 14.0213 118.779 8
      vertex 14.0213 118.779 3
    endloop
  endfacet
  facet normal -0.923966 -0.382476 0
    outer loop
      vertex 9.30192 119.4 3
      vertex 9.00222 120.124 8
      vertex 9.00222 120.124 3
    endloop
  endfacet
  facet normal -0.923966 -0.382476 0
    outer loop
      vertex 9.00222 120.124 8
      vertex 9.30192 119.4 3
      vertex 9.30192 119.4 8
    endloop
  endfacet
  facet normal -0.980804 -0.194996 0
    outer loop
      vertex 13 120.9 3
      vertex 12.9163 121.321 8
      vertex 12.9163 121.321 3
    endloop
  endfacet
  facet normal -0.980804 -0.194996 0
    outer loop
      vertex 12.9163 121.321 8
      vertex 13 120.9 3
      vertex 13 120.9 8
    endloop
  endfacet
  facet normal 0.980804 -0.194996 0
    outer loop
      vertex 10.8 120.9 8
      vertex 10.8837 121.321 3
      vertex 10.8837 121.321 8
    endloop
  endfacet
  facet normal 0.980804 -0.194996 0
    outer loop
      vertex 10.8837 121.321 3
      vertex 10.8 120.9 8
      vertex 10.8 120.9 3
    endloop
  endfacet
  facet normal -0.195668 -0.98067 0
    outer loop
      vertex 11.9 122 3
      vertex 12.321 121.916 8
      vertex 11.9 122 8
    endloop
  endfacet
  facet normal -0.195668 -0.98067 -0
    outer loop
      vertex 12.321 121.916 8
      vertex 11.9 122 3
      vertex 12.321 121.916 3
    endloop
  endfacet
  facet normal -0.831512 -0.555506 0
    outer loop
      vertex 12.9163 121.321 3
      vertex 12.6778 121.678 8
      vertex 12.6778 121.678 3
    endloop
  endfacet
  facet normal -0.831512 -0.555506 0
    outer loop
      vertex 12.6778 121.678 8
      vertex 12.9163 121.321 3
      vertex 12.9163 121.321 8
    endloop
  endfacet
  facet normal -0.195668 0.98067 0
    outer loop
      vertex 12.321 119.884 3
      vertex 11.9 119.8 8
      vertex 12.321 119.884 8
    endloop
  endfacet
  facet normal -0.195668 0.98067 0
    outer loop
      vertex 11.9 119.8 8
      vertex 12.321 119.884 3
      vertex 11.9 119.8 3
    endloop
  endfacet
  facet normal 0.195668 0.98067 -0
    outer loop
      vertex 11.9 119.8 3
      vertex 11.479 119.884 8
      vertex 11.9 119.8 8
    endloop
  endfacet
  facet normal 0.195668 0.98067 0
    outer loop
      vertex 11.479 119.884 8
      vertex 11.9 119.8 3
      vertex 11.479 119.884 3
    endloop
  endfacet
  facet normal -0.554915 -0.831907 0
    outer loop
      vertex 12.321 121.916 3
      vertex 12.6778 121.678 8
      vertex 12.321 121.916 8
    endloop
  endfacet
  facet normal -0.554915 -0.831907 -0
    outer loop
      vertex 12.6778 121.678 8
      vertex 12.321 121.916 3
      vertex 12.6778 121.678 3
    endloop
  endfacet
  facet normal 0.195668 -0.98067 0
    outer loop
      vertex 11.479 121.916 3
      vertex 11.9 122 8
      vertex 11.479 121.916 8
    endloop
  endfacet
  facet normal 0.195668 -0.98067 0
    outer loop
      vertex 11.9 122 8
      vertex 11.479 121.916 3
      vertex 11.9 122 3
    endloop
  endfacet
  facet normal 0.831512 -0.555506 0
    outer loop
      vertex 10.8837 121.321 8
      vertex 11.1222 121.678 3
      vertex 11.1222 121.678 8
    endloop
  endfacet
  facet normal 0.831512 -0.555506 0
    outer loop
      vertex 11.1222 121.678 3
      vertex 10.8837 121.321 8
      vertex 10.8837 121.321 3
    endloop
  endfacet
  facet normal 0.554915 -0.831907 0
    outer loop
      vertex 11.1222 121.678 3
      vertex 11.479 121.916 8
      vertex 11.1222 121.678 8
    endloop
  endfacet
  facet normal 0.554915 -0.831907 0
    outer loop
      vertex 11.479 121.916 8
      vertex 11.1222 121.678 3
      vertex 11.479 121.916 3
    endloop
  endfacet
  facet normal 0.980804 0.194996 0
    outer loop
      vertex 10.8837 120.479 8
      vertex 10.8 120.9 3
      vertex 10.8 120.9 8
    endloop
  endfacet
  facet normal 0.980804 0.194996 0
    outer loop
      vertex 10.8 120.9 3
      vertex 10.8837 120.479 8
      vertex 10.8837 120.479 3
    endloop
  endfacet
  facet normal 0.554915 0.831907 -0
    outer loop
      vertex 11.479 119.884 3
      vertex 11.1222 120.122 8
      vertex 11.479 119.884 8
    endloop
  endfacet
  facet normal 0.554915 0.831907 0
    outer loop
      vertex 11.1222 120.122 8
      vertex 11.479 119.884 3
      vertex 11.1222 120.122 3
    endloop
  endfacet
  facet normal 0.831512 0.555506 0
    outer loop
      vertex 11.1222 120.122 8
      vertex 10.8837 120.479 3
      vertex 10.8837 120.479 8
    endloop
  endfacet
  facet normal 0.831512 0.555506 0
    outer loop
      vertex 10.8837 120.479 3
      vertex 11.1222 120.122 8
      vertex 11.1222 120.122 3
    endloop
  endfacet
  facet normal -0.831512 0.555506 0
    outer loop
      vertex 12.6778 120.122 3
      vertex 12.9163 120.479 8
      vertex 12.9163 120.479 3
    endloop
  endfacet
  facet normal -0.831512 0.555506 0
    outer loop
      vertex 12.9163 120.479 8
      vertex 12.6778 120.122 3
      vertex 12.6778 120.122 8
    endloop
  endfacet
  facet normal -0.554915 0.831907 0
    outer loop
      vertex 12.6778 120.122 3
      vertex 12.321 119.884 8
      vertex 12.6778 120.122 8
    endloop
  endfacet
  facet normal -0.554915 0.831907 0
    outer loop
      vertex 12.321 119.884 8
      vertex 12.6778 120.122 3
      vertex 12.321 119.884 3
    endloop
  endfacet
  facet normal -0.980804 0.194996 0
    outer loop
      vertex 12.9163 120.479 3
      vertex 13 120.9 8
      vertex 13 120.9 3
    endloop
  endfacet
  facet normal -0.980804 0.194996 0
    outer loop
      vertex 13 120.9 8
      vertex 12.9163 120.479 3
      vertex 12.9163 120.479 8
    endloop
  endfacet
  facet normal 0.99145 0.130491 0
    outer loop
      vertex 63.9 62.9 8
      vertex 63.7978 63.6765 3
      vertex 63.7978 63.6765 8
    endloop
  endfacet
  facet normal 0.99145 0.130491 0
    outer loop
      vertex 63.7978 63.6765 3
      vertex 63.9 62.9 8
      vertex 63.9 62.9 3
    endloop
  endfacet
  facet normal -0.99145 0.130491 0
    outer loop
      vertex 57.9 62.9 3
      vertex 58.0022 63.6765 8
      vertex 58.0022 63.6765 3
    endloop
  endfacet
  facet normal -0.99145 0.130491 0
    outer loop
      vertex 58.0022 63.6765 8
      vertex 57.9 62.9 3
      vertex 57.9 62.9 8
    endloop
  endfacet
  facet normal 0.130491 0.99145 -0
    outer loop
      vertex 61.6765 65.7978 3
      vertex 60.9 65.9 8
      vertex 61.6765 65.7978 8
    endloop
  endfacet
  facet normal 0.130491 0.99145 0
    outer loop
      vertex 60.9 65.9 8
      vertex 61.6765 65.7978 3
      vertex 60.9 65.9 3
    endloop
  endfacet
  facet normal -0.130491 -0.99145 0
    outer loop
      vertex 60.1235 60.0022 3
      vertex 60.9 59.9 8
      vertex 60.1235 60.0022 8
    endloop
  endfacet
  facet normal -0.130491 -0.99145 -0
    outer loop
      vertex 60.9 59.9 8
      vertex 60.1235 60.0022 3
      vertex 60.9 59.9 3
    endloop
  endfacet
  facet normal 0.608809 0.793316 -0
    outer loop
      vertex 63.0213 65.0213 3
      vertex 62.4 65.4981 8
      vertex 63.0213 65.0213 8
    endloop
  endfacet
  facet normal 0.608809 0.793316 0
    outer loop
      vertex 62.4 65.4981 8
      vertex 63.0213 65.0213 3
      vertex 62.4 65.4981 3
    endloop
  endfacet
  facet normal 0.923872 0.382701 0
    outer loop
      vertex 63.7978 63.6765 8
      vertex 63.4981 64.4 3
      vertex 63.4981 64.4 8
    endloop
  endfacet
  facet normal 0.923872 0.382701 0
    outer loop
      vertex 63.4981 64.4 3
      vertex 63.7978 63.6765 8
      vertex 63.7978 63.6765 3
    endloop
  endfacet
  facet normal 0.382701 0.923872 -0
    outer loop
      vertex 62.4 65.4981 3
      vertex 61.6765 65.7978 8
      vertex 62.4 65.4981 8
    endloop
  endfacet
  facet normal 0.382701 0.923872 0
    outer loop
      vertex 61.6765 65.7978 8
      vertex 62.4 65.4981 3
      vertex 61.6765 65.7978 3
    endloop
  endfacet
  facet normal -0.608809 0.793316 0
    outer loop
      vertex 59.4 65.4981 3
      vertex 58.7787 65.0213 8
      vertex 59.4 65.4981 8
    endloop
  endfacet
  facet normal -0.608809 0.793316 0
    outer loop
      vertex 58.7787 65.0213 8
      vertex 59.4 65.4981 3
      vertex 58.7787 65.0213 3
    endloop
  endfacet
  facet normal -0.793316 0.608809 0
    outer loop
      vertex 58.3019 64.4 3
      vertex 58.7787 65.0213 8
      vertex 58.7787 65.0213 3
    endloop
  endfacet
  facet normal -0.793316 0.608809 0
    outer loop
      vertex 58.7787 65.0213 8
      vertex 58.3019 64.4 3
      vertex 58.3019 64.4 8
    endloop
  endfacet
  facet normal -0.382701 0.923872 0
    outer loop
      vertex 60.1235 65.7978 3
      vertex 59.4 65.4981 8
      vertex 60.1235 65.7978 8
    endloop
  endfacet
  facet normal -0.382701 0.923872 0
    outer loop
      vertex 59.4 65.4981 8
      vertex 60.1235 65.7978 3
      vertex 59.4 65.4981 3
    endloop
  endfacet
  facet normal 0.923872 -0.382701 0
    outer loop
      vertex 63.4981 61.4 8
      vertex 63.7978 62.1235 3
      vertex 63.7978 62.1235 8
    endloop
  endfacet
  facet normal 0.923872 -0.382701 0
    outer loop
      vertex 63.7978 62.1235 3
      vertex 63.4981 61.4 8
      vertex 63.4981 61.4 3
    endloop
  endfacet
  facet normal -0.608809 -0.793316 0
    outer loop
      vertex 58.7787 60.7787 3
      vertex 59.4 60.3019 8
      vertex 58.7787 60.7787 8
    endloop
  endfacet
  facet normal -0.608809 -0.793316 -0
    outer loop
      vertex 59.4 60.3019 8
      vertex 58.7787 60.7787 3
      vertex 59.4 60.3019 3
    endloop
  endfacet
  facet normal 0.793316 0.608809 0
    outer loop
      vertex 63.4981 64.4 8
      vertex 63.0213 65.0213 3
      vertex 63.0213 65.0213 8
    endloop
  endfacet
  facet normal 0.793316 0.608809 0
    outer loop
      vertex 63.0213 65.0213 3
      vertex 63.4981 64.4 8
      vertex 63.4981 64.4 3
    endloop
  endfacet
  facet normal -0.923872 0.382701 0
    outer loop
      vertex 58.0022 63.6765 3
      vertex 58.3019 64.4 8
      vertex 58.3019 64.4 3
    endloop
  endfacet
  facet normal -0.923872 0.382701 0
    outer loop
      vertex 58.3019 64.4 8
      vertex 58.0022 63.6765 3
      vertex 58.0022 63.6765 8
    endloop
  endfacet
  facet normal 0 0 1
    outer loop
      vertex 62 62.9 8
      vertex 63.9 62.9 8
      vertex 63.7978 63.6765 8
    endloop
  endfacet
  facet normal 0 0 1
    outer loop
      vertex 61.9163 63.3209 8
      vertex 63.7978 63.6765 8
      vertex 63.4981 64.4 8
    endloop
  endfacet
  facet normal 0 0 1
    outer loop
      vertex 63.9 62.9 8
      vertex 62 62.9 8
      vertex 63.7978 62.1235 8
    endloop
  endfacet
  facet normal 0 0 1
    outer loop
      vertex 61.6778 63.6778 8
      vertex 63.4981 64.4 8
      vertex 63.0213 65.0213 8
    endloop
  endfacet
  facet normal -0 0 1
    outer loop
      vertex 61.9163 62.479 8
      vertex 63.7978 62.1235 8
      vertex 62 62.9 8
    endloop
  endfacet
  facet normal 0 0 1
    outer loop
      vertex 61.6778 63.6778 8
      vertex 63.0213 65.0213 8
      vertex 62.4 65.4981 8
    endloop
  endfacet
  facet normal 0 0 1
    outer loop
      vertex 63.7978 62.1235 8
      vertex 61.9163 62.479 8
      vertex 63.4981 61.4 8
    endloop
  endfacet
  facet normal -0 0 1
    outer loop
      vertex 61.6778 62.1222 8
      vertex 63.4981 61.4 8
      vertex 61.9163 62.479 8
    endloop
  endfacet
  facet normal 0 0 1
    outer loop
      vertex 63.7978 63.6765 8
      vertex 61.9163 63.3209 8
      vertex 62 62.9 8
    endloop
  endfacet
  facet normal 0 0 1
    outer loop
      vertex 63.4981 64.4 8
      vertex 61.6778 63.6778 8
      vertex 61.9163 63.3209 8
    endloop
  endfacet
  facet normal 0 0 1
    outer loop
      vertex 61.3209 63.9163 8
      vertex 62.4 65.4981 8
      vertex 61.6765 65.7978 8
    endloop
  endfacet
  facet normal 0 0 1
    outer loop
      vertex 62.4 65.4981 8
      vertex 61.3209 63.9163 8
      vertex 61.6778 63.6778 8
    endloop
  endfacet
  facet normal 0 0 1
    outer loop
      vertex 60.9 64 8
      vertex 61.6765 65.7978 8
      vertex 60.9 65.9 8
    endloop
  endfacet
  facet normal 0 0 1
    outer loop
      vertex 61.6765 65.7978 8
      vertex 60.9 64 8
      vertex 61.3209 63.9163 8
    endloop
  endfacet
  facet normal -0 0 1
    outer loop
      vertex 60.1235 65.7978 8
      vertex 60.9 64 8
      vertex 60.9 65.9 8
    endloop
  endfacet
  facet normal 0 0 1
    outer loop
      vertex 60.9 64 8
      vertex 60.1235 65.7978 8
      vertex 60.479 63.9163 8
    endloop
  endfacet
  facet normal -0 0 1
    outer loop
      vertex 59.4 65.4981 8
      vertex 60.479 63.9163 8
      vertex 60.1235 65.7978 8
    endloop
  endfacet
  facet normal 0 0 1
    outer loop
      vertex 60.479 63.9163 8
      vertex 59.4 65.4981 8
      vertex 60.1222 63.6778 8
    endloop
  endfacet
  facet normal -0 0 1
    outer loop
      vertex 58.7787 65.0213 8
      vertex 60.1222 63.6778 8
      vertex 59.4 65.4981 8
    endloop
  endfacet
  facet normal -0 0 1
    outer loop
      vertex 58.3019 64.4 8
      vertex 60.1222 63.6778 8
      vertex 58.7787 65.0213 8
    endloop
  endfacet
  facet normal 0 0 1
    outer loop
      vertex 63.4981 61.4 8
      vertex 61.6778 62.1222 8
      vertex 63.0213 60.7787 8
    endloop
  endfacet
  facet normal 0 0 1
    outer loop
      vertex 63.0213 60.7787 8
      vertex 61.6778 62.1222 8
      vertex 62.4 60.3019 8
    endloop
  endfacet
  facet normal -0 0 1
    outer loop
      vertex 61.3209 61.8837 8
      vertex 62.4 60.3019 8
      vertex 61.6778 62.1222 8
    endloop
  endfacet
  facet normal 0 0 1
    outer loop
      vertex 62.4 60.3019 8
      vertex 61.3209 61.8837 8
      vertex 61.6765 60.0022 8
    endloop
  endfacet
  facet normal -0 0 1
    outer loop
      vertex 60.9 61.8 8
      vertex 61.6765 60.0022 8
      vertex 61.3209 61.8837 8
    endloop
  endfacet
  facet normal 0 0 1
    outer loop
      vertex 60.9 61.8 8
      vertex 60.9 59.9 8
      vertex 61.6765 60.0022 8
    endloop
  endfacet
  facet normal 0 0 1
    outer loop
      vertex 60.1235 60.0022 8
      vertex 60.9 61.8 8
      vertex 60.479 61.8837 8
    endloop
  endfacet
  facet normal 0 0 1
    outer loop
      vertex 60.9 61.8 8
      vertex 60.1235 60.0022 8
      vertex 60.9 59.9 8
    endloop
  endfacet
  facet normal 0 0 1
    outer loop
      vertex 59.4 60.3019 8
      vertex 60.479 61.8837 8
      vertex 60.1222 62.1222 8
    endloop
  endfacet
  facet normal 0 0 1
    outer loop
      vertex 58.3019 61.4 8
      vertex 60.1222 62.1222 8
      vertex 59.8837 62.479 8
    endloop
  endfacet
  facet normal 0 0 1
    outer loop
      vertex 58.0022 62.1235 8
      vertex 59.8837 62.479 8
      vertex 59.8 62.9 8
    endloop
  endfacet
  facet normal 0 0 1
    outer loop
      vertex 60.1222 63.6778 8
      vertex 58.3019 64.4 8
      vertex 59.8837 63.3209 8
    endloop
  endfacet
  facet normal 0 0 1
    outer loop
      vertex 60.479 61.8837 8
      vertex 59.4 60.3019 8
      vertex 60.1235 60.0022 8
    endloop
  endfacet
  facet normal -0 0 1
    outer loop
      vertex 58.0022 63.6765 8
      vertex 59.8837 63.3209 8
      vertex 58.3019 64.4 8
    endloop
  endfacet
  facet normal 0 0 1
    outer loop
      vertex 60.1222 62.1222 8
      vertex 58.7787 60.7787 8
      vertex 59.4 60.3019 8
    endloop
  endfacet
  facet normal 0 0 1
    outer loop
      vertex 59.8837 63.3209 8
      vertex 58.0022 63.6765 8
      vertex 59.8 62.9 8
    endloop
  endfacet
  facet normal 0 0 1
    outer loop
      vertex 60.1222 62.1222 8
      vertex 58.3019 61.4 8
      vertex 58.7787 60.7787 8
    endloop
  endfacet
  facet normal 0 0 1
    outer loop
      vertex 57.9 62.9 8
      vertex 59.8 62.9 8
      vertex 58.0022 63.6765 8
    endloop
  endfacet
  facet normal 0 0 1
    outer loop
      vertex 59.8837 62.479 8
      vertex 58.0022 62.1235 8
      vertex 58.3019 61.4 8
    endloop
  endfacet
  facet normal 0 0 1
    outer loop
      vertex 59.8 62.9 8
      vertex 57.9 62.9 8
      vertex 58.0022 62.1235 8
    endloop
  endfacet
  facet normal -0.130491 0.99145 0
    outer loop
      vertex 60.9 65.9 3
      vertex 60.1235 65.7978 8
      vertex 60.9 65.9 8
    endloop
  endfacet
  facet normal -0.130491 0.99145 0
    outer loop
      vertex 60.1235 65.7978 8
      vertex 60.9 65.9 3
      vertex 60.1235 65.7978 3
    endloop
  endfacet
  facet normal 0.99145 -0.130491 0
    outer loop
      vertex 63.7978 62.1235 8
      vertex 63.9 62.9 3
      vertex 63.9 62.9 8
    endloop
  endfacet
  facet normal 0.99145 -0.130491 0
    outer loop
      vertex 63.9 62.9 3
      vertex 63.7978 62.1235 8
      vertex 63.7978 62.1235 3
    endloop
  endfacet
  facet normal 0.130491 -0.99145 0
    outer loop
      vertex 60.9 59.9 3
      vertex 61.6765 60.0022 8
      vertex 60.9 59.9 8
    endloop
  endfacet
  facet normal 0.130491 -0.99145 0
    outer loop
      vertex 61.6765 60.0022 8
      vertex 60.9 59.9 3
      vertex 61.6765 60.0022 3
    endloop
  endfacet
  facet normal 0.608809 -0.793316 0
    outer loop
      vertex 62.4 60.3019 3
      vertex 63.0213 60.7787 8
      vertex 62.4 60.3019 8
    endloop
  endfacet
  facet normal 0.608809 -0.793316 0
    outer loop
      vertex 63.0213 60.7787 8
      vertex 62.4 60.3019 3
      vertex 63.0213 60.7787 3
    endloop
  endfacet
  facet normal -0.382701 -0.923872 0
    outer loop
      vertex 59.4 60.3019 3
      vertex 60.1235 60.0022 8
      vertex 59.4 60.3019 8
    endloop
  endfacet
  facet normal -0.382701 -0.923872 -0
    outer loop
      vertex 60.1235 60.0022 8
      vertex 59.4 60.3019 3
      vertex 60.1235 60.0022 3
    endloop
  endfacet
  facet normal -0.793316 -0.608809 0
    outer loop
      vertex 58.7787 60.7787 3
      vertex 58.3019 61.4 8
      vertex 58.3019 61.4 3
    endloop
  endfacet
  facet normal -0.793316 -0.608809 0
    outer loop
      vertex 58.3019 61.4 8
      vertex 58.7787 60.7787 3
      vertex 58.7787 60.7787 8
    endloop
  endfacet
  facet normal -0.99145 -0.130491 0
    outer loop
      vertex 58.0022 62.1235 3
      vertex 57.9 62.9 8
      vertex 57.9 62.9 3
    endloop
  endfacet
  facet normal -0.99145 -0.130491 0
    outer loop
      vertex 57.9 62.9 8
      vertex 58.0022 62.1235 3
      vertex 58.0022 62.1235 8
    endloop
  endfacet
  facet normal 0.382701 -0.923872 0
    outer loop
      vertex 61.6765 60.0022 3
      vertex 62.4 60.3019 8
      vertex 61.6765 60.0022 8
    endloop
  endfacet
  facet normal 0.382701 -0.923872 0
    outer loop
      vertex 62.4 60.3019 8
      vertex 61.6765 60.0022 3
      vertex 62.4 60.3019 3
    endloop
  endfacet
  facet normal 0.793316 -0.608809 0
    outer loop
      vertex 63.0213 60.7787 8
      vertex 63.4981 61.4 3
      vertex 63.4981 61.4 8
    endloop
  endfacet
  facet normal 0.793316 -0.608809 0
    outer loop
      vertex 63.4981 61.4 3
      vertex 63.0213 60.7787 8
      vertex 63.0213 60.7787 3
    endloop
  endfacet
  facet normal -0.923872 -0.382701 0
    outer loop
      vertex 58.3019 61.4 3
      vertex 58.0022 62.1235 8
      vertex 58.0022 62.1235 3
    endloop
  endfacet
  facet normal -0.923872 -0.382701 0
    outer loop
      vertex 58.0022 62.1235 8
      vertex 58.3019 61.4 3
      vertex 58.3019 61.4 8
    endloop
  endfacet
  facet normal -0.980795 -0.195041 0
    outer loop
      vertex 62 62.9 3
      vertex 61.9163 63.3209 8
      vertex 61.9163 63.3209 3
    endloop
  endfacet
  facet normal -0.980795 -0.195041 0
    outer loop
      vertex 61.9163 63.3209 8
      vertex 62 62.9 3
      vertex 62 62.9 8
    endloop
  endfacet
  facet normal 0.980795 -0.195041 0
    outer loop
      vertex 59.8 62.9 8
      vertex 59.8837 63.3209 3
      vertex 59.8837 63.3209 8
    endloop
  endfacet
  facet normal 0.980795 -0.195041 0
    outer loop
      vertex 59.8837 63.3209 3
      vertex 59.8 62.9 8
      vertex 59.8 62.9 3
    endloop
  endfacet
  facet normal -0.195041 -0.980795 0
    outer loop
      vertex 60.9 64 3
      vertex 61.3209 63.9163 8
      vertex 60.9 64 8
    endloop
  endfacet
  facet normal -0.195041 -0.980795 -0
    outer loop
      vertex 61.3209 63.9163 8
      vertex 60.9 64 3
      vertex 61.3209 63.9163 3
    endloop
  endfacet
  facet normal -0.831441 -0.555614 0
    outer loop
      vertex 61.9163 63.3209 3
      vertex 61.6778 63.6778 8
      vertex 61.6778 63.6778 3
    endloop
  endfacet
  facet normal -0.831441 -0.555614 0
    outer loop
      vertex 61.6778 63.6778 8
      vertex 61.9163 63.3209 3
      vertex 61.9163 63.3209 8
    endloop
  endfacet
  facet normal -0.195041 0.980795 0
    outer loop
      vertex 61.3209 61.8837 3
      vertex 60.9 61.8 8
      vertex 61.3209 61.8837 8
    endloop
  endfacet
  facet normal -0.195041 0.980795 0
    outer loop
      vertex 60.9 61.8 8
      vertex 61.3209 61.8837 3
      vertex 60.9 61.8 3
    endloop
  endfacet
  facet normal 0.194996 0.980804 -0
    outer loop
      vertex 60.9 61.8 3
      vertex 60.479 61.8837 8
      vertex 60.9 61.8 8
    endloop
  endfacet
  facet normal 0.194996 0.980804 0
    outer loop
      vertex 60.479 61.8837 8
      vertex 60.9 61.8 3
      vertex 60.479 61.8837 3
    endloop
  endfacet
  facet normal -0.555614 -0.831441 0
    outer loop
      vertex 61.3209 63.9163 3
      vertex 61.6778 63.6778 8
      vertex 61.3209 63.9163 8
    endloop
  endfacet
  facet normal -0.555614 -0.831441 -0
    outer loop
      vertex 61.6778 63.6778 8
      vertex 61.3209 63.9163 3
      vertex 61.6778 63.6778 3
    endloop
  endfacet
  facet normal 0.194996 -0.980804 0
    outer loop
      vertex 60.479 63.9163 3
      vertex 60.9 64 8
      vertex 60.479 63.9163 8
    endloop
  endfacet
  facet normal 0.194996 -0.980804 0
    outer loop
      vertex 60.9 64 8
      vertex 60.479 63.9163 3
      vertex 60.9 64 3
    endloop
  endfacet
  facet normal 0.831441 -0.555614 0
    outer loop
      vertex 59.8837 63.3209 8
      vertex 60.1222 63.6778 3
      vertex 60.1222 63.6778 8
    endloop
  endfacet
  facet normal 0.831441 -0.555614 0
    outer loop
      vertex 60.1222 63.6778 3
      vertex 59.8837 63.3209 8
      vertex 59.8837 63.3209 3
    endloop
  endfacet
  facet normal 0.555721 -0.831369 0
    outer loop
      vertex 60.1222 63.6778 3
      vertex 60.479 63.9163 8
      vertex 60.1222 63.6778 8
    endloop
  endfacet
  facet normal 0.555721 -0.831369 0
    outer loop
      vertex 60.479 63.9163 8
      vertex 60.1222 63.6778 3
      vertex 60.479 63.9163 3
    endloop
  endfacet
  facet normal 0.980804 0.194996 0
    outer loop
      vertex 59.8837 62.479 8
      vertex 59.8 62.9 3
      vertex 59.8 62.9 8
    endloop
  endfacet
  facet normal 0.980804 0.194996 0
    outer loop
      vertex 59.8 62.9 3
      vertex 59.8837 62.479 8
      vertex 59.8837 62.479 3
    endloop
  endfacet
  facet normal 0.555721 0.831369 -0
    outer loop
      vertex 60.479 61.8837 3
      vertex 60.1222 62.1222 8
      vertex 60.479 61.8837 8
    endloop
  endfacet
  facet normal 0.555721 0.831369 0
    outer loop
      vertex 60.1222 62.1222 8
      vertex 60.479 61.8837 3
      vertex 60.1222 62.1222 3
    endloop
  endfacet
  facet normal 0.831369 0.555721 0
    outer loop
      vertex 60.1222 62.1222 8
      vertex 59.8837 62.479 3
      vertex 59.8837 62.479 8
    endloop
  endfacet
  facet normal 0.831369 0.555721 0
    outer loop
      vertex 59.8837 62.479 3
      vertex 60.1222 62.1222 8
      vertex 60.1222 62.1222 3
    endloop
  endfacet
  facet normal -0.831369 0.555721 0
    outer loop
      vertex 61.6778 62.1222 3
      vertex 61.9163 62.479 8
      vertex 61.9163 62.479 3
    endloop
  endfacet
  facet normal -0.831369 0.555721 0
    outer loop
      vertex 61.9163 62.479 8
      vertex 61.6778 62.1222 3
      vertex 61.6778 62.1222 8
    endloop
  endfacet
  facet normal -0.555614 0.831441 0
    outer loop
      vertex 61.6778 62.1222 3
      vertex 61.3209 61.8837 8
      vertex 61.6778 62.1222 8
    endloop
  endfacet
  facet normal -0.555614 0.831441 0
    outer loop
      vertex 61.3209 61.8837 8
      vertex 61.6778 62.1222 3
      vertex 61.3209 61.8837 3
    endloop
  endfacet
  facet normal -0.980804 0.194996 0
    outer loop
      vertex 61.9163 62.479 3
      vertex 62 62.9 8
      vertex 62 62.9 3
    endloop
  endfacet
  facet normal -0.980804 0.194996 0
    outer loop
      vertex 62 62.9 8
      vertex 61.9163 62.479 3
      vertex 61.9163 62.479 8
    endloop
  endfacet
  facet normal 0.991439 0.130573 0
    outer loop
      vertex 63.9 120.9 8
      vertex 63.7978 121.676 3
      vertex 63.7978 121.676 8
    endloop
  endfacet
  facet normal 0.991439 0.130573 0
    outer loop
      vertex 63.7978 121.676 3
      vertex 63.9 120.9 8
      vertex 63.9 120.9 3
    endloop
  endfacet
  facet normal -0.991439 0.130573 0
    outer loop
      vertex 57.9 120.9 3
      vertex 58.0022 121.676 8
      vertex 58.0022 121.676 3
    endloop
  endfacet
  facet normal -0.991439 0.130573 0
    outer loop
      vertex 58.0022 121.676 8
      vertex 57.9 120.9 3
      vertex 57.9 120.9 8
    endloop
  endfacet
  facet normal 0.13024 0.991483 -0
    outer loop
      vertex 61.6765 123.798 3
      vertex 60.9 123.9 8
      vertex 61.6765 123.798 8
    endloop
  endfacet
  facet normal 0.13024 0.991483 0
    outer loop
      vertex 60.9 123.9 8
      vertex 61.6765 123.798 3
      vertex 60.9 123.9 3
    endloop
  endfacet
  facet normal -0.13024 -0.991483 0
    outer loop
      vertex 60.1235 118.002 3
      vertex 60.9 117.9 8
      vertex 60.1235 118.002 8
    endloop
  endfacet
  facet normal -0.13024 -0.991483 -0
    outer loop
      vertex 60.9 117.9 8
      vertex 60.1235 118.002 3
      vertex 60.9 117.9 3
    endloop
  endfacet
  facet normal 0.60897 0.793193 -0
    outer loop
      vertex 63.0213 123.021 3
      vertex 62.4 123.498 8
      vertex 63.0213 123.021 8
    endloop
  endfacet
  facet normal 0.60897 0.793193 0
    outer loop
      vertex 62.4 123.498 8
      vertex 63.0213 123.021 3
      vertex 62.4 123.498 3
    endloop
  endfacet
  facet normal 0.923966 0.382476 0
    outer loop
      vertex 63.7978 121.676 8
      vertex 63.4981 122.4 3
      vertex 63.4981 122.4 8
    endloop
  endfacet
  facet normal 0.923966 0.382476 0
    outer loop
      vertex 63.4981 122.4 3
      vertex 63.7978 121.676 8
      vertex 63.7978 121.676 3
    endloop
  endfacet
  facet normal 0.383028 0.923737 -0
    outer loop
      vertex 62.4 123.498 3
      vertex 61.6765 123.798 8
      vertex 62.4 123.498 8
    endloop
  endfacet
  facet normal 0.383028 0.923737 0
    outer loop
      vertex 61.6765 123.798 8
      vertex 62.4 123.498 3
      vertex 61.6765 123.798 3
    endloop
  endfacet
  facet normal -0.60897 0.793193 0
    outer loop
      vertex 59.4 123.498 3
      vertex 58.7787 123.021 8
      vertex 59.4 123.498 8
    endloop
  endfacet
  facet normal -0.60897 0.793193 0
    outer loop
      vertex 58.7787 123.021 8
      vertex 59.4 123.498 3
      vertex 58.7787 123.021 3
    endloop
  endfacet
  facet normal -0.793174 0.608994 0
    outer loop
      vertex 58.3019 122.4 3
      vertex 58.7787 123.021 8
      vertex 58.7787 123.021 3
    endloop
  endfacet
  facet normal -0.793174 0.608994 0
    outer loop
      vertex 58.7787 123.021 8
      vertex 58.3019 122.4 3
      vertex 58.3019 122.4 8
    endloop
  endfacet
  facet normal -0.383028 0.923737 0
    outer loop
      vertex 60.1235 123.798 3
      vertex 59.4 123.498 8
      vertex 60.1235 123.798 8
    endloop
  endfacet
  facet normal -0.383028 0.923737 0
    outer loop
      vertex 59.4 123.498 8
      vertex 60.1235 123.798 3
      vertex 59.4 123.498 3
    endloop
  endfacet
  facet normal 0.923966 -0.382476 0
    outer loop
      vertex 63.4981 119.4 8
      vertex 63.7978 120.124 3
      vertex 63.7978 120.124 8
    endloop
  endfacet
  facet normal 0.923966 -0.382476 0
    outer loop
      vertex 63.7978 120.124 3
      vertex 63.4981 119.4 8
      vertex 63.4981 119.4 3
    endloop
  endfacet
  facet normal -0.60897 -0.793193 0
    outer loop
      vertex 58.7787 118.779 3
      vertex 59.4 118.302 8
      vertex 58.7787 118.779 8
    endloop
  endfacet
  facet normal -0.60897 -0.793193 -0
    outer loop
      vertex 59.4 118.302 8
      vertex 58.7787 118.779 3
      vertex 59.4 118.302 3
    endloop
  endfacet
  facet normal 0.793174 0.608994 0
    outer loop
      vertex 63.4981 122.4 8
      vertex 63.0213 123.021 3
      vertex 63.0213 123.021 8
    endloop
  endfacet
  facet normal 0.793174 0.608994 0
    outer loop
      vertex 63.0213 123.021 3
      vertex 63.4981 122.4 8
      vertex 63.4981 122.4 3
    endloop
  endfacet
  facet normal -0.923966 0.382476 0
    outer loop
      vertex 58.0022 121.676 3
      vertex 58.3019 122.4 8
      vertex 58.3019 122.4 3
    endloop
  endfacet
  facet normal -0.923966 0.382476 0
    outer loop
      vertex 58.3019 122.4 8
      vertex 58.0022 121.676 3
      vertex 58.0022 121.676 8
    endloop
  endfacet
  facet normal 0 0 1
    outer loop
      vertex 62 120.9 8
      vertex 63.9 120.9 8
      vertex 63.7978 121.676 8
    endloop
  endfacet
  facet normal 0 0 1
    outer loop
      vertex 61.9163 121.321 8
      vertex 63.7978 121.676 8
      vertex 63.4981 122.4 8
    endloop
  endfacet
  facet normal 0 0 1
    outer loop
      vertex 63.9 120.9 8
      vertex 62 120.9 8
      vertex 63.7978 120.124 8
    endloop
  endfacet
  facet normal 0 0 1
    outer loop
      vertex 61.6778 121.678 8
      vertex 63.4981 122.4 8
      vertex 63.0213 123.021 8
    endloop
  endfacet
  facet normal -0 0 1
    outer loop
      vertex 61.9163 120.479 8
      vertex 63.7978 120.124 8
      vertex 62 120.9 8
    endloop
  endfacet
  facet normal 0 0 1
    outer loop
      vertex 61.6778 121.678 8
      vertex 63.0213 123.021 8
      vertex 62.4 123.498 8
    endloop
  endfacet
  facet normal 0 0 1
    outer loop
      vertex 63.7978 120.124 8
      vertex 61.9163 120.479 8
      vertex 63.4981 119.4 8
    endloop
  endfacet
  facet normal -0 0 1
    outer loop
      vertex 61.6778 120.122 8
      vertex 63.4981 119.4 8
      vertex 61.9163 120.479 8
    endloop
  endfacet
  facet normal 0 0 1
    outer loop
      vertex 63.7978 121.676 8
      vertex 61.9163 121.321 8
      vertex 62 120.9 8
    endloop
  endfacet
  facet normal 0 0 1
    outer loop
      vertex 63.4981 122.4 8
      vertex 61.6778 121.678 8
      vertex 61.9163 121.321 8
    endloop
  endfacet
  facet normal 0 0 1
    outer loop
      vertex 61.3209 121.916 8
      vertex 62.4 123.498 8
      vertex 61.6765 123.798 8
    endloop
  endfacet
  facet normal 0 0 1
    outer loop
      vertex 62.4 123.498 8
      vertex 61.3209 121.916 8
      vertex 61.6778 121.678 8
    endloop
  endfacet
  facet normal 0 0 1
    outer loop
      vertex 60.9 122 8
      vertex 61.6765 123.798 8
      vertex 60.9 123.9 8
    endloop
  endfacet
  facet normal 0 0 1
    outer loop
      vertex 61.6765 123.798 8
      vertex 60.9 122 8
      vertex 61.3209 121.916 8
    endloop
  endfacet
  facet normal -0 0 1
    outer loop
      vertex 60.1235 123.798 8
      vertex 60.9 122 8
      vertex 60.9 123.9 8
    endloop
  endfacet
  facet normal 0 0 1
    outer loop
      vertex 60.9 122 8
      vertex 60.1235 123.798 8
      vertex 60.479 121.916 8
    endloop
  endfacet
  facet normal -0 0 1
    outer loop
      vertex 59.4 123.498 8
      vertex 60.479 121.916 8
      vertex 60.1235 123.798 8
    endloop
  endfacet
  facet normal 0 0 1
    outer loop
      vertex 60.479 121.916 8
      vertex 59.4 123.498 8
      vertex 60.1222 121.678 8
    endloop
  endfacet
  facet normal -0 0 1
    outer loop
      vertex 58.7787 123.021 8
      vertex 60.1222 121.678 8
      vertex 59.4 123.498 8
    endloop
  endfacet
  facet normal -0 0 1
    outer loop
      vertex 58.3019 122.4 8
      vertex 60.1222 121.678 8
      vertex 58.7787 123.021 8
    endloop
  endfacet
  facet normal 0 0 1
    outer loop
      vertex 63.4981 119.4 8
      vertex 61.6778 120.122 8
      vertex 63.0213 118.779 8
    endloop
  endfacet
  facet normal 0 0 1
    outer loop
      vertex 63.0213 118.779 8
      vertex 61.6778 120.122 8
      vertex 62.4 118.302 8
    endloop
  endfacet
  facet normal -0 0 1
    outer loop
      vertex 61.3209 119.884 8
      vertex 62.4 118.302 8
      vertex 61.6778 120.122 8
    endloop
  endfacet
  facet normal 0 0 1
    outer loop
      vertex 62.4 118.302 8
      vertex 61.3209 119.884 8
      vertex 61.6765 118.002 8
    endloop
  endfacet
  facet normal -0 0 1
    outer loop
      vertex 60.9 119.8 8
      vertex 61.6765 118.002 8
      vertex 61.3209 119.884 8
    endloop
  endfacet
  facet normal 0 0 1
    outer loop
      vertex 60.9 119.8 8
      vertex 60.9 117.9 8
      vertex 61.6765 118.002 8
    endloop
  endfacet
  facet normal 0 0 1
    outer loop
      vertex 60.1235 118.002 8
      vertex 60.9 119.8 8
      vertex 60.479 119.884 8
    endloop
  endfacet
  facet normal 0 0 1
    outer loop
      vertex 60.9 119.8 8
      vertex 60.1235 118.002 8
      vertex 60.9 117.9 8
    endloop
  endfacet
  facet normal 0 0 1
    outer loop
      vertex 59.4 118.302 8
      vertex 60.479 119.884 8
      vertex 60.1222 120.122 8
    endloop
  endfacet
  facet normal 0 0 1
    outer loop
      vertex 58.3019 119.4 8
      vertex 60.1222 120.122 8
      vertex 59.8837 120.479 8
    endloop
  endfacet
  facet normal 0 0 1
    outer loop
      vertex 58.0022 120.124 8
      vertex 59.8837 120.479 8
      vertex 59.8 120.9 8
    endloop
  endfacet
  facet normal 0 0 1
    outer loop
      vertex 60.1222 121.678 8
      vertex 58.3019 122.4 8
      vertex 59.8837 121.321 8
    endloop
  endfacet
  facet normal 0 0 1
    outer loop
      vertex 60.479 119.884 8
      vertex 59.4 118.302 8
      vertex 60.1235 118.002 8
    endloop
  endfacet
  facet normal -0 0 1
    outer loop
      vertex 58.0022 121.676 8
      vertex 59.8837 121.321 8
      vertex 58.3019 122.4 8
    endloop
  endfacet
  facet normal 0 0 1
    outer loop
      vertex 60.1222 120.122 8
      vertex 58.7787 118.779 8
      vertex 59.4 118.302 8
    endloop
  endfacet
  facet normal 0 0 1
    outer loop
      vertex 59.8837 121.321 8
      vertex 58.0022 121.676 8
      vertex 59.8 120.9 8
    endloop
  endfacet
  facet normal 0 0 1
    outer loop
      vertex 60.1222 120.122 8
      vertex 58.3019 119.4 8
      vertex 58.7787 118.779 8
    endloop
  endfacet
  facet normal 0 0 1
    outer loop
      vertex 57.9 120.9 8
      vertex 59.8 120.9 8
      vertex 58.0022 121.676 8
    endloop
  endfacet
  facet normal 0 0 1
    outer loop
      vertex 59.8837 120.479 8
      vertex 58.0022 120.124 8
      vertex 58.3019 119.4 8
    endloop
  endfacet
  facet normal 0 0 1
    outer loop
      vertex 59.8 120.9 8
      vertex 57.9 120.9 8
      vertex 58.0022 120.124 8
    endloop
  endfacet
  facet normal -0.13024 0.991483 0
    outer loop
      vertex 60.9 123.9 3
      vertex 60.1235 123.798 8
      vertex 60.9 123.9 8
    endloop
  endfacet
  facet normal -0.13024 0.991483 0
    outer loop
      vertex 60.1235 123.798 8
      vertex 60.9 123.9 3
      vertex 60.1235 123.798 3
    endloop
  endfacet
  facet normal 0.991439 -0.130573 0
    outer loop
      vertex 63.7978 120.124 8
      vertex 63.9 120.9 3
      vertex 63.9 120.9 8
    endloop
  endfacet
  facet normal 0.991439 -0.130573 0
    outer loop
      vertex 63.9 120.9 3
      vertex 63.7978 120.124 8
      vertex 63.7978 120.124 3
    endloop
  endfacet
  facet normal 0.13024 -0.991483 0
    outer loop
      vertex 60.9 117.9 3
      vertex 61.6765 118.002 8
      vertex 60.9 117.9 8
    endloop
  endfacet
  facet normal 0.13024 -0.991483 0
    outer loop
      vertex 61.6765 118.002 8
      vertex 60.9 117.9 3
      vertex 61.6765 118.002 3
    endloop
  endfacet
  facet normal 0.60897 -0.793193 0
    outer loop
      vertex 62.4 118.302 3
      vertex 63.0213 118.779 8
      vertex 62.4 118.302 8
    endloop
  endfacet
  facet normal 0.60897 -0.793193 0
    outer loop
      vertex 63.0213 118.779 8
      vertex 62.4 118.302 3
      vertex 63.0213 118.779 3
    endloop
  endfacet
  facet normal -0.383028 -0.923737 0
    outer loop
      vertex 59.4 118.302 3
      vertex 60.1235 118.002 8
      vertex 59.4 118.302 8
    endloop
  endfacet
  facet normal -0.383028 -0.923737 -0
    outer loop
      vertex 60.1235 118.002 8
      vertex 59.4 118.302 3
      vertex 60.1235 118.002 3
    endloop
  endfacet
  facet normal -0.793174 -0.608994 0
    outer loop
      vertex 58.7787 118.779 3
      vertex 58.3019 119.4 8
      vertex 58.3019 119.4 3
    endloop
  endfacet
  facet normal -0.793174 -0.608994 0
    outer loop
      vertex 58.3019 119.4 8
      vertex 58.7787 118.779 3
      vertex 58.7787 118.779 8
    endloop
  endfacet
  facet normal -0.991439 -0.130573 0
    outer loop
      vertex 58.0022 120.124 3
      vertex 57.9 120.9 8
      vertex 57.9 120.9 3
    endloop
  endfacet
  facet normal -0.991439 -0.130573 0
    outer loop
      vertex 57.9 120.9 8
      vertex 58.0022 120.124 3
      vertex 58.0022 120.124 8
    endloop
  endfacet
  facet normal 0.383028 -0.923737 0
    outer loop
      vertex 61.6765 118.002 3
      vertex 62.4 118.302 8
      vertex 61.6765 118.002 8
    endloop
  endfacet
  facet normal 0.383028 -0.923737 0
    outer loop
      vertex 62.4 118.302 8
      vertex 61.6765 118.002 3
      vertex 62.4 118.302 3
    endloop
  endfacet
  facet normal 0.793174 -0.608994 0
    outer loop
      vertex 63.0213 118.779 8
      vertex 63.4981 119.4 3
      vertex 63.4981 119.4 8
    endloop
  endfacet
  facet normal 0.793174 -0.608994 0
    outer loop
      vertex 63.4981 119.4 3
      vertex 63.0213 118.779 8
      vertex 63.0213 118.779 3
    endloop
  endfacet
  facet normal -0.923966 -0.382476 0
    outer loop
      vertex 58.3019 119.4 3
      vertex 58.0022 120.124 8
      vertex 58.0022 120.124 3
    endloop
  endfacet
  facet normal -0.923966 -0.382476 0
    outer loop
      vertex 58.0022 120.124 8
      vertex 58.3019 119.4 3
      vertex 58.3019 119.4 8
    endloop
  endfacet
  facet normal -0.980804 -0.194996 0
    outer loop
      vertex 62 120.9 3
      vertex 61.9163 121.321 8
      vertex 61.9163 121.321 3
    endloop
  endfacet
  facet normal -0.980804 -0.194996 0
    outer loop
      vertex 61.9163 121.321 8
      vertex 62 120.9 3
      vertex 62 120.9 8
    endloop
  endfacet
  facet normal 0.980804 -0.194996 0
    outer loop
      vertex 59.8 120.9 8
      vertex 59.8837 121.321 3
      vertex 59.8837 121.321 8
    endloop
  endfacet
  facet normal 0.980804 -0.194996 0
    outer loop
      vertex 59.8837 121.321 3
      vertex 59.8 120.9 8
      vertex 59.8 120.9 3
    endloop
  endfacet
  facet normal -0.195713 -0.980661 0
    outer loop
      vertex 60.9 122 3
      vertex 61.3209 121.916 8
      vertex 60.9 122 8
    endloop
  endfacet
  facet normal -0.195713 -0.980661 -0
    outer loop
      vertex 61.3209 121.916 8
      vertex 60.9 122 3
      vertex 61.3209 121.916 3
    endloop
  endfacet
  facet normal -0.831512 -0.555506 0
    outer loop
      vertex 61.9163 121.321 3
      vertex 61.6778 121.678 8
      vertex 61.6778 121.678 3
    endloop
  endfacet
  facet normal -0.831512 -0.555506 0
    outer loop
      vertex 61.6778 121.678 8
      vertex 61.9163 121.321 3
      vertex 61.9163 121.321 8
    endloop
  endfacet
  facet normal -0.195713 0.980661 0
    outer loop
      vertex 61.3209 119.884 3
      vertex 60.9 119.8 8
      vertex 61.3209 119.884 8
    endloop
  endfacet
  facet normal -0.195713 0.980661 0
    outer loop
      vertex 60.9 119.8 8
      vertex 61.3209 119.884 3
      vertex 60.9 119.8 3
    endloop
  endfacet
  facet normal 0.195668 0.98067 -0
    outer loop
      vertex 60.9 119.8 3
      vertex 60.479 119.884 8
      vertex 60.9 119.8 8
    endloop
  endfacet
  facet normal 0.195668 0.98067 0
    outer loop
      vertex 60.479 119.884 8
      vertex 60.9 119.8 3
      vertex 60.479 119.884 3
    endloop
  endfacet
  facet normal -0.554808 -0.831979 0
    outer loop
      vertex 61.3209 121.916 3
      vertex 61.6778 121.678 8
      vertex 61.3209 121.916 8
    endloop
  endfacet
  facet normal -0.554808 -0.831979 -0
    outer loop
      vertex 61.6778 121.678 8
      vertex 61.3209 121.916 3
      vertex 61.6778 121.678 3
    endloop
  endfacet
  facet normal 0.195668 -0.98067 0
    outer loop
      vertex 60.479 121.916 3
      vertex 60.9 122 8
      vertex 60.479 121.916 8
    endloop
  endfacet
  facet normal 0.195668 -0.98067 0
    outer loop
      vertex 60.9 122 8
      vertex 60.479 121.916 3
      vertex 60.9 122 3
    endloop
  endfacet
  facet normal 0.831512 -0.555506 0
    outer loop
      vertex 59.8837 121.321 8
      vertex 60.1222 121.678 3
      vertex 60.1222 121.678 8
    endloop
  endfacet
  facet normal 0.831512 -0.555506 0
    outer loop
      vertex 60.1222 121.678 3
      vertex 59.8837 121.321 8
      vertex 59.8837 121.321 3
    endloop
  endfacet
  facet normal 0.554915 -0.831907 0
    outer loop
      vertex 60.1222 121.678 3
      vertex 60.479 121.916 8
      vertex 60.1222 121.678 8
    endloop
  endfacet
  facet normal 0.554915 -0.831907 0
    outer loop
      vertex 60.479 121.916 8
      vertex 60.1222 121.678 3
      vertex 60.479 121.916 3
    endloop
  endfacet
  facet normal 0.980804 0.194996 0
    outer loop
      vertex 59.8837 120.479 8
      vertex 59.8 120.9 3
      vertex 59.8 120.9 8
    endloop
  endfacet
  facet normal 0.980804 0.194996 0
    outer loop
      vertex 59.8 120.9 3
      vertex 59.8837 120.479 8
      vertex 59.8837 120.479 3
    endloop
  endfacet
  facet normal 0.554915 0.831907 -0
    outer loop
      vertex 60.479 119.884 3
      vertex 60.1222 120.122 8
      vertex 60.479 119.884 8
    endloop
  endfacet
  facet normal 0.554915 0.831907 0
    outer loop
      vertex 60.1222 120.122 8
      vertex 60.479 119.884 3
      vertex 60.1222 120.122 3
    endloop
  endfacet
  facet normal 0.831512 0.555506 0
    outer loop
      vertex 60.1222 120.122 8
      vertex 59.8837 120.479 3
      vertex 59.8837 120.479 8
    endloop
  endfacet
  facet normal 0.831512 0.555506 0
    outer loop
      vertex 59.8837 120.479 3
      vertex 60.1222 120.122 8
      vertex 60.1222 120.122 3
    endloop
  endfacet
  facet normal -0.831512 0.555506 0
    outer loop
      vertex 61.6778 120.122 3
      vertex 61.9163 120.479 8
      vertex 61.9163 120.479 3
    endloop
  endfacet
  facet normal -0.831512 0.555506 0
    outer loop
      vertex 61.9163 120.479 8
      vertex 61.6778 120.122 3
      vertex 61.6778 120.122 8
    endloop
  endfacet
  facet normal -0.554808 0.831979 0
    outer loop
      vertex 61.6778 120.122 3
      vertex 61.3209 119.884 8
      vertex 61.6778 120.122 8
    endloop
  endfacet
  facet normal -0.554808 0.831979 0
    outer loop
      vertex 61.3209 119.884 8
      vertex 61.6778 120.122 3
      vertex 61.3209 119.884 3
    endloop
  endfacet
  facet normal -0.980804 0.194996 0
    outer loop
      vertex 61.9163 120.479 3
      vertex 62 120.9 8
      vertex 62 120.9 3
    endloop
  endfacet
  facet normal -0.980804 0.194996 0
    outer loop
      vertex 62 120.9 8
      vertex 61.9163 120.479 3
      vertex 61.9163 120.479 8
    endloop
  endfacet
  facet normal -1 0 0
    outer loop
      vertex 31.8 13.3232 10.4582
      vertex 31.8 53.4 3
      vertex 31.8 13.3232 3
    endloop
  endfacet
  facet normal -1 0 0
    outer loop
      vertex 31.8 53.4 3
      vertex 31.8 13.3232 10.4582
      vertex 31.8 53.4 11.6
    endloop
  endfacet
  facet normal -1 -0 0
    outer loop
      vertex 31.8 53.4 11.6
      vertex 31.8 13.3232 10.4582
      vertex 31.8 13.3232 11.6
    endloop
  endfacet
  facet normal 0 0 1
    outer loop
      vertex 31.8 13.3232 11.6
      vertex 33.8 53.4 11.6
      vertex 31.8 53.4 11.6
    endloop
  endfacet
  facet normal 0 0 1
    outer loop
      vertex 33.8 53.4 11.6
      vertex 31.8 13.3232 11.6
      vertex 33.8 11.9228 11.6
    endloop
  endfacet
  facet normal 1 -0 0
    outer loop
      vertex 33.8 11.9228 11.6
      vertex 33.8 53.4 9.9
      vertex 33.8 53.4 11.6
    endloop
  endfacet
  facet normal 1 0 0
    outer loop
      vertex 33.8 53.4 9.9
      vertex 33.8 11.9228 11.6
      vertex 33.8 11.9228 9.9
    endloop
  endfacet
  facet normal 1 -0 0
    outer loop
      vertex 33.8 11.9228 8
      vertex 33.8 53.4 3
      vertex 33.8 53.4 8
    endloop
  endfacet
  facet normal 1 0 0
    outer loop
      vertex 33.8 53.4 3
      vertex 33.8 11.9228 8
      vertex 33.8 11.9228 3
    endloop
  endfacet
  facet normal 0 1 0
    outer loop
      vertex 33.8 53.4 8
      vertex 33.8 53.4 3
      vertex 32.8 53.4 8
    endloop
  endfacet
  facet normal 0 1 0
    outer loop
      vertex 32.8 53.4 9.9
      vertex 33.8 53.4 11.6
      vertex 33.8 53.4 9.9
    endloop
  endfacet
  facet normal 0 1 0
    outer loop
      vertex 33.8 53.4 11.6
      vertex 32.8 53.4 9.9
      vertex 31.8 53.4 11.6
    endloop
  endfacet
  facet normal 0 1 -0
    outer loop
      vertex 32.8 53.4 8
      vertex 31.8 53.4 11.6
      vertex 32.8 53.4 9.9
    endloop
  endfacet
  facet normal 0 1 0
    outer loop
      vertex 31.8 53.4 3
      vertex 32.8 53.4 8
      vertex 33.8 53.4 3
    endloop
  endfacet
  facet normal 0 1 0
    outer loop
      vertex 32.8 53.4 8
      vertex 31.8 53.4 3
      vertex 31.8 53.4 11.6
    endloop
  endfacet
  facet normal 1 0 0
    outer loop
      vertex 32.8 12.623 9.60517
      vertex 32.8 53.4 9.9
      vertex 32.8 12.623 9.9
    endloop
  endfacet
  facet normal 1 0 0
    outer loop
      vertex 32.8 53.4 9.9
      vertex 32.8 12.623 9.60517
      vertex 32.8 53.4 8
    endloop
  endfacet
  facet normal 1 0 0
    outer loop
      vertex 32.8 53.4 8
      vertex 32.8 12.623 9.60517
      vertex 32.8 12.623 8
    endloop
  endfacet
  facet normal 0 0 -1
    outer loop
      vertex 32.8 12.623 9.9
      vertex 33.8 53.4 9.9
      vertex 33.8 11.9228 9.9
    endloop
  endfacet
  facet normal -0 0 -1
    outer loop
      vertex 33.8 53.4 9.9
      vertex 32.8 12.623 9.9
      vertex 32.8 53.4 9.9
    endloop
  endfacet
  facet normal 0 0 1
    outer loop
      vertex 32.8 12.623 8
      vertex 33.8 53.4 8
      vertex 32.8 53.4 8
    endloop
  endfacet
  facet normal 0 0 1
    outer loop
      vertex 33.8 53.4 8
      vertex 32.8 12.623 8
      vertex 33.8 11.9228 8
    endloop
  endfacet
  facet normal -1 0 0
    outer loop
      vertex 105 11.9228 3
      vertex 105 53.4 8
      vertex 105 53.4 3
    endloop
  endfacet
  facet normal -1 -0 0
    outer loop
      vertex 105 53.4 8
      vertex 105 11.9228 3
      vertex 105 11.9228 8
    endloop
  endfacet
  facet normal -1 0 0
    outer loop
      vertex 105 11.9228 9.9
      vertex 105 53.4 11.6
      vertex 105 53.4 9.9
    endloop
  endfacet
  facet normal -1 -0 0
    outer loop
      vertex 105 53.4 11.6
      vertex 105 11.9228 9.9
      vertex 105 11.9228 11.6
    endloop
  endfacet
  facet normal -0 0 1
    outer loop
      vertex 105 53.4 11.6
      vertex 107 13.3232 11.6
      vertex 107 53.4 11.6
    endloop
  endfacet
  facet normal 0 0 1
    outer loop
      vertex 107 13.3232 11.6
      vertex 105 53.4 11.6
      vertex 105 11.9228 11.6
    endloop
  endfacet
  facet normal 1 0 0
    outer loop
      vertex 107 13.3232 10.4582
      vertex 107 53.4 11.6
      vertex 107 13.3232 11.6
    endloop
  endfacet
  facet normal 1 0 0
    outer loop
      vertex 107 53.4 11.6
      vertex 107 13.3232 10.4582
      vertex 107 53.4 3
    endloop
  endfacet
  facet normal 1 0 0
    outer loop
      vertex 107 53.4 3
      vertex 107 13.3232 10.4582
      vertex 107 13.3232 3
    endloop
  endfacet
  facet normal 0 1 0
    outer loop
      vertex 107 53.4 11.6
      vertex 106 53.4 9.9
      vertex 105 53.4 11.6
    endloop
  endfacet
  facet normal 0 1 0
    outer loop
      vertex 107 53.4 11.6
      vertex 106 53.4 8
      vertex 106 53.4 9.9
    endloop
  endfacet
  facet normal 0 1 -0
    outer loop
      vertex 107 53.4 3
      vertex 106 53.4 8
      vertex 107 53.4 11.6
    endloop
  endfacet
  facet normal 0 1 0
    outer loop
      vertex 105 53.4 3
      vertex 106 53.4 8
      vertex 107 53.4 3
    endloop
  endfacet
  facet normal 0 1 0
    outer loop
      vertex 106 53.4 8
      vertex 105 53.4 3
      vertex 105 53.4 8
    endloop
  endfacet
  facet normal 0 1 0
    outer loop
      vertex 105 53.4 11.6
      vertex 106 53.4 9.9
      vertex 105 53.4 9.9
    endloop
  endfacet
  facet normal 0 0 -1
    outer loop
      vertex 105 53.4 9.9
      vertex 106 12.623 9.9
      vertex 105 11.9228 9.9
    endloop
  endfacet
  facet normal 0 0 -1
    outer loop
      vertex 106 12.623 9.9
      vertex 105 53.4 9.9
      vertex 106 53.4 9.9
    endloop
  endfacet
  facet normal -1 0 0
    outer loop
      vertex 106 12.623 8
      vertex 106 53.4 9.9
      vertex 106 53.4 8
    endloop
  endfacet
  facet normal -1 0 0
    outer loop
      vertex 106 12.623 9.60517
      vertex 106 53.4 9.9
      vertex 106 12.623 8
    endloop
  endfacet
  facet normal -1 -0 0
    outer loop
      vertex 106 53.4 9.9
      vertex 106 12.623 9.60517
      vertex 106 12.623 9.9
    endloop
  endfacet
  facet normal -0 0 1
    outer loop
      vertex 105 53.4 8
      vertex 106 12.623 8
      vertex 106 53.4 8
    endloop
  endfacet
  facet normal 0 0 1
    outer loop
      vertex 106 12.623 8
      vertex 105 53.4 8
      vertex 105 11.9228 8
    endloop
  endfacet
  facet normal -1 0 0
    outer loop
      vertex 67.4 56.4 3
      vertex 67.4 59.4 11
      vertex 67.4 59.4 3
    endloop
  endfacet
  facet normal -1 -0 0
    outer loop
      vertex 67.4 59.4 11
      vertex 67.4 56.4 3
      vertex 67.4 56.4 11
    endloop
  endfacet
  facet normal -0 0 1
    outer loop
      vertex 67.4 59.4 11
      vertex 70.4 56.4 11
      vertex 70.4 59.4 11
    endloop
  endfacet
  facet normal 0 0 1
    outer loop
      vertex 70.4 56.4 11
      vertex 67.4 59.4 11
      vertex 67.4 56.4 11
    endloop
  endfacet
  facet normal 1 -0 0
    outer loop
      vertex 70.4 56.4 11
      vertex 70.4 59.4 3
      vertex 70.4 59.4 11
    endloop
  endfacet
  facet normal 1 0 0
    outer loop
      vertex 70.4 59.4 3
      vertex 70.4 56.4 11
      vertex 70.4 56.4 3
    endloop
  endfacet
  facet normal 0 1 -0
    outer loop
      vertex 70.4 59.4 3
      vertex 67.4 59.4 11
      vertex 70.4 59.4 11
    endloop
  endfacet
  facet normal 0 1 0
    outer loop
      vertex 67.4 59.4 11
      vertex 70.4 59.4 3
      vertex 67.4 59.4 3
    endloop
  endfacet
  facet normal 0 -1 0
    outer loop
      vertex 67.4 56.4 3
      vertex 70.4 56.4 11
      vertex 67.4 56.4 11
    endloop
  endfacet
  facet normal 0 -1 -0
    outer loop
      vertex 70.4 56.4 11
      vertex 67.4 56.4 3
      vertex 70.4 56.4 3
    endloop
  endfacet
  facet normal -1 0 0
    outer loop
      vertex 130.4 56.4 3
      vertex 130.4 59.4 11
      vertex 130.4 59.4 3
    endloop
  endfacet
  facet normal -1 -0 0
    outer loop
      vertex 130.4 59.4 11
      vertex 130.4 56.4 3
      vertex 130.4 56.4 11
    endloop
  endfacet
  facet normal -0 0 1
    outer loop
      vertex 130.4 59.4 11
      vertex 133.4 56.4 11
      vertex 133.4 59.4 11
    endloop
  endfacet
  facet normal 0 0 1
    outer loop
      vertex 133.4 56.4 11
      vertex 130.4 59.4 11
      vertex 130.4 56.4 11
    endloop
  endfacet
  facet normal 1 -0 0
    outer loop
      vertex 133.4 56.4 11
      vertex 133.4 59.4 3
      vertex 133.4 59.4 11
    endloop
  endfacet
  facet normal 1 0 0
    outer loop
      vertex 133.4 59.4 3
      vertex 133.4 56.4 11
      vertex 133.4 56.4 3
    endloop
  endfacet
  facet normal 0 1 -0
    outer loop
      vertex 133.4 59.4 3
      vertex 130.4 59.4 11
      vertex 133.4 59.4 11
    endloop
  endfacet
  facet normal 0 1 0
    outer loop
      vertex 130.4 59.4 11
      vertex 133.4 59.4 3
      vertex 130.4 59.4 3
    endloop
  endfacet
  facet normal 0 -1 0
    outer loop
      vertex 130.4 56.4 3
      vertex 133.4 56.4 11
      vertex 130.4 56.4 11
    endloop
  endfacet
  facet normal 0 -1 -0
    outer loop
      vertex 133.4 56.4 11
      vertex 130.4 56.4 3
      vertex 133.4 56.4 3
    endloop
  endfacet
  facet normal -1 0 0
    outer loop
      vertex 67.4 149.4 3
      vertex 67.4 152.4 11
      vertex 67.4 152.4 3
    endloop
  endfacet
  facet normal -1 -0 0
    outer loop
      vertex 67.4 152.4 11
      vertex 67.4 149.4 3
      vertex 67.4 149.4 11
    endloop
  endfacet
  facet normal -0 0 1
    outer loop
      vertex 67.4 152.4 11
      vertex 70.4 149.4 11
      vertex 70.4 152.4 11
    endloop
  endfacet
  facet normal 0 0 1
    outer loop
      vertex 70.4 149.4 11
      vertex 67.4 152.4 11
      vertex 67.4 149.4 11
    endloop
  endfacet
  facet normal 1 -0 0
    outer loop
      vertex 70.4 149.4 11
      vertex 70.4 152.4 3
      vertex 70.4 152.4 11
    endloop
  endfacet
  facet normal 1 0 0
    outer loop
      vertex 70.4 152.4 3
      vertex 70.4 149.4 11
      vertex 70.4 149.4 3
    endloop
  endfacet
  facet normal 0 1 -0
    outer loop
      vertex 70.4 152.4 3
      vertex 67.4 152.4 11
      vertex 70.4 152.4 11
    endloop
  endfacet
  facet normal 0 1 0
    outer loop
      vertex 67.4 152.4 11
      vertex 70.4 152.4 3
      vertex 67.4 152.4 3
    endloop
  endfacet
  facet normal 0 -1 0
    outer loop
      vertex 67.4 149.4 3
      vertex 70.4 149.4 11
      vertex 67.4 149.4 11
    endloop
  endfacet
  facet normal 0 -1 -0
    outer loop
      vertex 70.4 149.4 11
      vertex 67.4 149.4 3
      vertex 70.4 149.4 3
    endloop
  endfacet
  facet normal -1 0 0
    outer loop
      vertex 130.4 149.4 3
      vertex 130.4 152.4 11
      vertex 130.4 152.4 3
    endloop
  endfacet
  facet normal -1 -0 0
    outer loop
      vertex 130.4 152.4 11
      vertex 130.4 149.4 3
      vertex 130.4 149.4 11
    endloop
  endfacet
  facet normal -0 0 1
    outer loop
      vertex 130.4 152.4 11
      vertex 133.4 149.4 11
      vertex 133.4 152.4 11
    endloop
  endfacet
  facet normal 0 0 1
    outer loop
      vertex 133.4 149.4 11
      vertex 130.4 152.4 11
      vertex 130.4 149.4 11
    endloop
  endfacet
  facet normal 1 -0 0
    outer loop
      vertex 133.4 149.4 11
      vertex 133.4 152.4 3
      vertex 133.4 152.4 11
    endloop
  endfacet
  facet normal 1 0 0
    outer loop
      vertex 133.4 152.4 3
      vertex 133.4 149.4 11
      vertex 133.4 149.4 3
    endloop
  endfacet
  facet normal 0 1 -0
    outer loop
      vertex 133.4 152.4 3
      vertex 130.4 152.4 11
      vertex 133.4 152.4 11
    endloop
  endfacet
  facet normal 0 1 0
    outer loop
      vertex 130.4 152.4 11
      vertex 133.4 152.4 3
      vertex 130.4 152.4 3
    endloop
  endfacet
  facet normal 0 -1 0
    outer loop
      vertex 130.4 149.4 3
      vertex 133.4 149.4 11
      vertex 130.4 149.4 11
    endloop
  endfacet
  facet normal 0 -1 -0
    outer loop
      vertex 133.4 149.4 11
      vertex 130.4 149.4 3
      vertex 133.4 149.4 3
    endloop
  endfacet
  facet normal -1 0 0
    outer loop
      vertex 51.8 2.4 19.6
      vertex 51.8 20.75 28.6
      vertex 51.8 20.75 19.6
    endloop
  endfacet
  facet normal -1 -0 0
    outer loop
      vertex 51.8 20.75 28.6
      vertex 51.8 2.4 19.6
      vertex 51.8 2.4 28.6
    endloop
  endfacet
  facet normal 0 0 1
    outer loop
      vertex 87 20.75 28.6
      vertex 84.3 15.35 28.6
      vertex 87 2.4 28.6
    endloop
  endfacet
  facet normal 0 0 1
    outer loop
      vertex 87 20.75 28.6
      vertex 54.5 15.35 28.6
      vertex 84.3 15.35 28.6
    endloop
  endfacet
  facet normal -0 0 1
    outer loop
      vertex 51.8 20.75 28.6
      vertex 54.5 15.35 28.6
      vertex 87 20.75 28.6
    endloop
  endfacet
  facet normal 0 0 1
    outer loop
      vertex 51.8 2.4 28.6
      vertex 54.5 15.35 28.6
      vertex 51.8 20.75 28.6
    endloop
  endfacet
  facet normal 0 0 1
    outer loop
      vertex 54.5 15.35 28.6
      vertex 51.8 2.4 28.6
      vertex 54.5 2.4 28.6
    endloop
  endfacet
  facet normal 0 0 1
    outer loop
      vertex 87 2.4 28.6
      vertex 84.3 15.35 28.6
      vertex 84.3 2.4 28.6
    endloop
  endfacet
  facet normal 1 -0 0
    outer loop
      vertex 87 2.4 28.6
      vertex 87 20.75 19.6
      vertex 87 20.75 28.6
    endloop
  endfacet
  facet normal 1 0 0
    outer loop
      vertex 87 20.75 19.6
      vertex 87 2.4 28.6
      vertex 87 2.4 19.6
    endloop
  endfacet
  facet normal 0 0 -1
    outer loop
      vertex 51.8 2.4 19.6
      vertex 87 20.75 19.6
      vertex 87 2.4 19.6
    endloop
  endfacet
  facet normal -0 0 -1
    outer loop
      vertex 87 20.75 19.6
      vertex 51.8 2.4 19.6
      vertex 51.8 20.75 19.6
    endloop
  endfacet
  facet normal 0 -1 0
    outer loop
      vertex 51.8 2.4 28.6
      vertex 54.5 2.4 22.6
      vertex 54.5 2.4 28.6
    endloop
  endfacet
  facet normal 0 -1 -0
    outer loop
      vertex 54.5 2.4 22.6
      vertex 51.8 2.4 19.6
      vertex 84.3 2.4 22.6
    endloop
  endfacet
  facet normal 0 -1 0
    outer loop
      vertex 51.8 2.4 19.6
      vertex 54.5 2.4 22.6
      vertex 51.8 2.4 28.6
    endloop
  endfacet
  facet normal 0 -1 0
    outer loop
      vertex 84.3 2.4 22.6
      vertex 87 2.4 28.6
      vertex 84.3 2.4 28.6
    endloop
  endfacet
  facet normal 0 -1 0
    outer loop
      vertex 84.3 2.4 22.6
      vertex 87 2.4 19.6
      vertex 87 2.4 28.6
    endloop
  endfacet
  facet normal 0 -1 0
    outer loop
      vertex 87 2.4 19.6
      vertex 84.3 2.4 22.6
      vertex 51.8 2.4 19.6
    endloop
  endfacet
  facet normal 0 1 -0
    outer loop
      vertex 87 20.75 19.6
      vertex 51.8 20.75 28.6
      vertex 87 20.75 28.6
    endloop
  endfacet
  facet normal 0 1 0
    outer loop
      vertex 51.8 20.75 28.6
      vertex 87 20.75 19.6
      vertex 51.8 20.75 19.6
    endloop
  endfacet
  facet normal 1 -0 0
    outer loop
      vertex 54.5 2.4 28.6
      vertex 54.5 15.35 22.6
      vertex 54.5 15.35 28.6
    endloop
  endfacet
  facet normal 1 0 0
    outer loop
      vertex 54.5 15.35 22.6
      vertex 54.5 2.4 28.6
      vertex 54.5 2.4 22.6
    endloop
  endfacet
  facet normal -1 0 0
    outer loop
      vertex 84.3 2.4 22.6
      vertex 84.3 15.35 28.6
      vertex 84.3 15.35 22.6
    endloop
  endfacet
  facet normal -1 -0 0
    outer loop
      vertex 84.3 15.35 28.6
      vertex 84.3 2.4 22.6
      vertex 84.3 2.4 28.6
    endloop
  endfacet
  facet normal 0 -1 0
    outer loop
      vertex 54.5 15.35 22.6
      vertex 84.3 15.35 28.6
      vertex 54.5 15.35 28.6
    endloop
  endfacet
  facet normal 0 -1 -0
    outer loop
      vertex 84.3 15.35 28.6
      vertex 54.5 15.35 22.6
      vertex 84.3 15.35 22.6
    endloop
  endfacet
  facet normal -0 0 1
    outer loop
      vertex 54.5 15.35 22.6
      vertex 84.3 2.4 22.6
      vertex 84.3 15.35 22.6
    endloop
  endfacet
  facet normal 0 0 1
    outer loop
      vertex 84.3 2.4 22.6
      vertex 54.5 15.35 22.6
      vertex 54.5 2.4 22.6
    endloop
  endfacet
  facet normal -1 0 0
    outer loop
      vertex 51.8 2.4 3
      vertex 51.8 6.4 19.6
      vertex 51.8 6.4 3
    endloop
  endfacet
  facet normal -1 -0 0
    outer loop
      vertex 51.8 6.4 19.6
      vertex 51.8 2.4 3
      vertex 51.8 2.4 19.6
    endloop
  endfacet
  facet normal -0 0 1
    outer loop
      vertex 51.8 6.4 19.6
      vertex 53.8 2.4 19.6
      vertex 53.8 6.4 19.6
    endloop
  endfacet
  facet normal 0 0 1
    outer loop
      vertex 53.8 2.4 19.6
      vertex 51.8 6.4 19.6
      vertex 51.8 2.4 19.6
    endloop
  endfacet
  facet normal 1 -0 0
    outer loop
      vertex 53.8 2.4 19.6
      vertex 53.8 6.4 3
      vertex 53.8 6.4 19.6
    endloop
  endfacet
  facet normal 1 0 0
    outer loop
      vertex 53.8 6.4 3
      vertex 53.8 2.4 19.6
      vertex 53.8 2.4 3
    endloop
  endfacet
  facet normal 0 1 -0
    outer loop
      vertex 53.8 6.4 3
      vertex 51.8 6.4 19.6
      vertex 53.8 6.4 19.6
    endloop
  endfacet
  facet normal 0 1 0
    outer loop
      vertex 51.8 6.4 19.6
      vertex 53.8 6.4 3
      vertex 51.8 6.4 3
    endloop
  endfacet
  facet normal -1 0 0
    outer loop
      vertex 85 2.4 3
      vertex 85 6.4 19.6
      vertex 85 6.4 3
    endloop
  endfacet
  facet normal -1 -0 0
    outer loop
      vertex 85 6.4 19.6
      vertex 85 2.4 3
      vertex 85 2.4 19.6
    endloop
  endfacet
  facet normal -0 0 1
    outer loop
      vertex 85 6.4 19.6
      vertex 87 2.4 19.6
      vertex 87 6.4 19.6
    endloop
  endfacet
  facet normal 0 0 1
    outer loop
      vertex 87 2.4 19.6
      vertex 85 6.4 19.6
      vertex 85 2.4 19.6
    endloop
  endfacet
  facet normal 1 -0 0
    outer loop
      vertex 87 2.4 19.6
      vertex 87 6.4 3
      vertex 87 6.4 19.6
    endloop
  endfacet
  facet normal 1 0 0
    outer loop
      vertex 87 6.4 3
      vertex 87 2.4 19.6
      vertex 87 2.4 3
    endloop
  endfacet
  facet normal 0 1 -0
    outer loop
      vertex 87 6.4 3
      vertex 85 6.4 19.6
      vertex 87 6.4 19.6
    endloop
  endfacet
  facet normal 0 1 0
    outer loop
      vertex 85 6.4 19.6
      vertex 87 6.4 3
      vertex 85 6.4 3
    endloop
  endfacet
endsolid OpenSCAD_Model
